date, pm25, pm10, o3, so2
2025/3/2, 51, 12, 32, 
2025/3/3, 24, 19, 35, 1
2025/3/4, 47, 18, 35, 
2025/3/5, 37, 23, 34, 
2025/3/6, 28, 3, 25, 
2025/3/7, 8, 12, 36, 
2025/3/8, 35, 21, 38, 
2025/3/9, 49, 8, 32, 2
2025/3/10, 17, , , 
2025/2/2, 40, 25, , 1
2025/2/3, 61, 28, , 
2025/2/4, 68, 32, , 
2025/2/5, 79, 38, , 
2025/2/6, 92, 25, , 
2025/2/7, 65, 18, , 
2025/2/8, 51, 15, , 
2025/2/9, 49, 17, , 
2025/2/10, 50, 14, , 4
2025/2/11, 41, 9, , 2
2025/2/12, 34, 7, , 
2025/2/13, 21, 9, , 
2025/2/14, 23, 9, , 3
2025/2/15, 27, 18, , 2
2025/2/16, 45, 10, , 
2025/2/17, 23, 26, , 
2025/2/18, 61, 32, , 3
2025/2/19, 77, 16, , 
2025/2/20, 48, 11, , 
2025/2/21, 37, 13, , 
2025/2/22, 33, 26, , 1
2025/2/23, 70, 36, , 
2025/2/24, 92, 36, , 
2025/2/25, 86, 47, , 
2025/2/26, 119, 34, , 
2025/2/27, 83, 34, , 
2025/2/28, 76, 13, 39, 
2025/3/1, 29, 22, 43, 
2025/1/2, 14, 21, , 
2025/1/3, 50, 17, , 
2025/1/4, 44, 8, , 
2025/1/5, 23, 15, , 1
2025/1/6, 44, 7, , 
2025/1/7, 20, 15, , 
2025/1/8, 41, 19, , 
2025/1/9, 52, 28, , 
2025/1/10, 68, 25, , 1
2025/1/11, 74, 8, , 
2025/1/12, 31, 14, , 
2025/1/13, 47, 24, , 
2025/1/14, 79, 13, , 
2025/1/15, 36, 10, , 
2025/1/16, 28, 15, , 
2025/1/17, 43, 22, , 
2025/1/18, 58, 17, , 
2025/1/19, 51, 10, , 
2025/1/20, 27, 10, , 
2025/1/21, 30, 10, , 
2025/1/22, 31, 12, , 
2025/1/23, 44, 17, , 
2025/1/24, 52, 21, , 
2025/1/25, 50, 22, , 
2025/1/26, 60, 28, , 
2025/1/27, 73, 21, , 
2025/1/28, 56, 12, , 
2025/1/29, 37, 12, , 
2025/1/30, 28, 24, , 3
2025/1/31, 54, 23, , 1
2025/2/1, 55, 21, , 
2024/10/6, 59, 24, 21, 1
2024/10/7, 65, 33, 36, 1
2024/10/8, 74, 32, 43, 1
2024/10/9, 65, 25, 38, 1
2024/10/10, 54, 19, 36, 1
2024/10/11, 36, 19, 37, 1
2024/10/12, 39, 28, 32, 1
2024/10/13, 64, 35, 38, 2
2024/10/14, 77, 27, 41, 1
2024/10/15, 46, 20, 39, 1
2024/10/16, 30, 10, 31, 1
2024/10/17, 19, 12, 26, 1
2024/10/18, 26, 19, 29, 1
2024/10/19, 46, 20, 35, 1
2024/10/20, 50, 24, 34, 1
2024/10/21, 58, 25, 35, 1
2024/10/22, 55, 23, 40, 1
2024/10/23, 49, 25, 33, 1
2024/10/24, 56, 31, 33, 1
2024/10/25, 66, 36, 40, 1
2024/10/26, 73, 36, 40, 1
2024/10/27, 81, 21, 40, 1
2024/10/28, 57, 18, 25, 1
2024/10/29, 42, 20, 29, 1
2024/10/30, 50, 22, 30, 1
2024/10/31, 43, 21, 27, 1
2024/11/1, 40, 19, 29, 1
2024/11/2, 38, 24, 26, 1
2024/11/3, 54, 18, 26, 1
2024/11/4, 42, 16, , 1
2024/11/5, 29, 12, , 1
2024/11/6, 25, 14, , 1
2024/11/7, 31, 8, , 1
2024/11/8, 18, 17, , 1
2024/11/9, 41, 15, , 1
2024/11/10, 37, 17, , 1
2024/11/11, 45, 12, , 1
2024/11/12, 38, 18, , 1
2024/11/13, 45, 13, , 1
2024/11/14, 32, 7, , 1
2024/11/15, 20, 11, , 1
2024/11/16, 30, 17, , 1
2024/11/17, 47, 31, , 1
2024/11/18, 80, 29, , 2
2024/11/19, 72, 26, , 1
2024/11/20, 64, 15, , 1
2024/11/21, 41, 10, , 1
2024/11/22, 22, 8, , 1
2024/11/23, 17, 14, , 1
2024/11/24, 36, 28, , 1
2024/11/25, 70, 25, , 1
2024/11/26, 62, 19, , 2
2024/11/27, 52, 31, , 1
2024/11/28, 78, 15, , 1
2024/11/29, 42, 8, , 
2024/11/30, 23, 12, , 
2024/12/1, 37, 24, , 
2024/12/2, 60, 22, , 
2024/12/3, 61, 16, , 
2024/12/4, 48, 27, , 
2024/12/5, 70, 17, , 
2024/12/6, 48, 20, , 1
2024/12/7, 48, 36, , 
2024/12/8, 95, 36, , 
2024/12/9, 94, 21, , 
2024/12/10, 59, 17, , 
2024/12/11, 50, 9, , 
2024/12/12, 23, 14, , 
2024/12/13, 33, 19, , 
2024/12/14, 51, 14, , 
2024/12/15, 38, 15, , 
2024/12/16, 41, 26, , 
2024/12/17, 62, 23, , 
2024/12/18, 61, 29, , 
2024/12/19, 74, 13, , 
2024/12/20, 36, 14, , 
2024/12/21, 35, 11, , 1
2024/12/22, 31, 8, , 
2024/12/23, 25, 12, , 
2024/12/24, 36, 22, , 
2024/12/25, 58, 23, , 
2024/12/26, 65, 15, , 1
2024/12/27, 49, 17, , 
2024/12/28, 53, 20, , 1
2024/12/29, 54, 13, , 
2024/12/30, 30, , , 
2024/7/2, 26, 11, 43, 2
2024/7/3, 23, 15, 37, 2
2024/7/4, 30, 13, 36, 
2024/7/5, 34, 13, 24, 
2024/7/6, 29, 9, 24, 1
2024/7/7, 20, 12, 28, 2
2024/7/8, 23, 10, 37, 2
2024/7/9, 22, 11, 26, 
2024/7/10, 22, 11, 36, 
2024/7/11, 19, 9, 40, 
2024/7/12, 16, 13, 45, 1
2024/7/13, 29, 17, 43, 2
2024/7/14, 39, 18, 45, 
2024/7/15, 48, 21, 42, 
2024/7/16, 55, 16, 28, 
2024/7/17, 40, 17, 25, 
2024/7/18, 31, 17, 26, 
2024/7/19, 29, 12, 26, 
2024/7/20, 21, 11, 19, 
2024/7/21, 19, 10, 18, 
2024/7/22, 18, 9, 22, 
2024/7/23, 17, 10, 24, 
2024/7/24, 16, 15, 22, 
2024/7/25, 19, , 17, 
2024/7/30, 25, 17, 21, 1
2024/7/31, 32, 14, 31, 
2024/8/1, 30, 17, 24, 
2024/8/2, 36, 45, 23, 
2024/8/3, 68, 19, 27, 
2024/8/4, 38, 17, 19, 
2024/8/5, 27, 11, 15, 7
2024/8/6, 19, 8, 13, 
2024/8/7, 13, 10, 22, 
2024/8/8, 19, 9, 27, 
2024/8/9, 20, 19, 26, 1
2024/8/10, 45, 24, 29, 2
2024/8/11, 52, 25, 35, 1
2024/8/12, 58, 24, 37, 3
2024/8/13, 59, 24, 35, 6
2024/8/14, 53, 20, 34, 2
2024/8/15, 51, 30, 37, 3
2024/8/16, 66, 24, 36, 1
2024/8/17, 58, 20, 33, 1
2024/8/18, 52, 15, 34, 1
2024/8/19, 41, 15, 33, 1
2024/8/20, 37, 13, 32, 1
2024/8/21, 29, 20, 37, 1
2024/8/22, 51, 23, 40, 1
2024/8/23, 49, 22, 41, 1
2024/8/24, 46, 23, 38, 1
2024/8/25, 55, 17, 31, 1
2024/8/26, 46, 20, 31, 1
2024/8/27, 43, 20, 36, 1
2024/8/28, 44, 18, 31, 1
2024/8/29, 37, 19, 28, 1
2024/8/30, 32, 15, 25, 1
2024/8/31, 30, 15, 27, 1
2024/9/1, 32, 16, 23, 1
2024/9/2, 34, 12, 24, 1
2024/9/3, 33, 15, 35, 1
2024/9/4, 34, 13, 27, 1
2024/9/5, 27, 15, 29, 1
2024/9/6, 31, 17, 30, 1
2024/9/7, 36, 14, 38, 1
2024/9/8, 39, 12, 28, 1
2024/9/9, 29, 16, 35, 1
2024/9/10, 36, 20, 39, 1
2024/9/11, 41, 20, 31, 1
2024/9/12, 40, 18, 28, 1
2024/9/13, 39, 15, 20, 1
2024/9/14, 36, 10, 23, 1
2024/9/15, 21, 15, 25, 1
2024/9/16, 34, 14, 29, 1
2024/9/17, 37, 11, 34, 1
2024/9/18, 26, 13, 29, 1
2024/9/19, 31, 15, 28, 1
2024/9/20, 41, 18, 31, 1
2024/9/21, 39, 16, 38, 1
2024/9/22, 42, 17, 38, 1
2024/9/23, 47, 23, 38, 1
2024/9/24, 54, 17, 32, 1
2024/9/25, 45, 14, 29, 1
2024/9/26, 33, 8, 16, 1
2024/9/27, 18, 9, 14, 1
2024/9/28, 19, , , 
2024/4/2, 31, 22, 29, 
2024/4/3, 56, 13, 34, 
2024/4/4, 26, 9, 40, 
2024/4/5, 15, 7, 34, 
2024/4/6, 16, 8, 32, 
2024/4/7, 20, 16, 36, 1
2024/4/8, 41, 18, 38, 
2024/4/9, 45, 18, 26, 
2024/4/10, 36, 15, 34, 
2024/4/11, 31, 10, 34, 
2024/4/12, 14, 13, 41, 
2024/4/13, 15, 12, 40, 
2024/4/14, 20, 16, 43, 
2024/4/15, 34, 19, 43, 
2024/4/16, 38, 26, 39, 
2024/4/17, 54, 23, 33, 
2024/4/18, 51, 20, 37, 
2024/4/19, 50, 20, 34, 
2024/4/20, 52, 17, 31, 
2024/4/21, 47, 9, 25, 
2024/4/22, 22, 10, 29, 
2024/4/23, 23, 18, 39, 
2024/4/24, 46, 17, 41, 
2024/4/25, 45, 35, 52, 1
2024/4/26, 86, 29, 39, 
2024/4/27, 72, 14, 35, 
2024/4/28, 30, 14, 35, 
2024/4/29, 31, 16, 33, 
2024/4/30, 32, 15, 23, 
2024/5/1, 28, 14, 37, 
2024/5/2, 27, 17, 40, 3
2024/5/3, 37, 17, 33, 1
2024/5/4, 41, 12, 28, 
2024/5/5, 24, 15, 29, 5
2024/5/6, 28, 16, 24, 
2024/5/7, 32, 13, 26, 
2024/5/8, 28, 18, 24, 
2024/5/9, 48, 10, 30, 
2024/5/10, 18, 11, 35, 
2024/5/11, 21, 8, 34, 
2024/5/12, 19, 12, 39, 
2024/5/13, 29, 17, 24, 5
2024/5/14, 43, 11, 26, 
2024/5/15, 28, 11, 34, 
2024/5/16, 23, 10, 34, 
2024/5/17, 24, 18, 28, 10
2024/5/18, 43, 11, 24, 
2024/5/19, 31, 10, 22, 
2024/5/20, 24, 10, 36, 
2024/5/21, 26, 17, 39, 2
2024/5/22, 41, 14, 32, 1
2024/5/23, 32, 14, 29, 1
2024/5/24, 30, 21, 33, 1
2024/5/25, 43, 22, 35, 1
2024/5/26, 36, 19, 34, 3
2024/5/27, 48, 16, 32, 
2024/5/28, 42, 13, 39, 
2024/5/29, 29, 11, 41, 1
2024/5/30, 21, 13, 40, 1
2024/5/31, 29, 18, 44, 5
2024/6/1, 35, 14, 42, 4
2024/6/2, 27, 11, 34, 1
2024/6/3, 25, 12, 31, 1
2024/6/4, 24, 14, 31, 1
2024/6/5, 29, 13, 26, 
2024/6/6, 27, 14, 22, 
2024/6/7, 31, 14, 42, 1
2024/6/8, 29, 20, 45, 1
2024/6/9, 25, 19, 39, 1
2024/6/10, 35, 13, 33, 3
2024/6/11, 29, 16, 41, 1
2024/6/12, 37, 24, 44, 5
2024/6/13, 46, 17, 46, 3
2024/6/14, 36, 22, 44, 1
2024/6/15, 53, 21, 43, 1
2024/6/16, 55, 17, 32, 1
2024/6/17, 45, 15, 34, 2
2024/6/18, 39, 15, 36, 4
2024/6/19, 30, 16, 35, 4
2024/6/20, 29, 17, 35, 5
2024/6/21, 35, 15, 32, 2
2024/6/22, 29, 9, 22, 4
2024/6/23, 18, 12, 30, 2
2024/6/24, 29, 16, 45, 1
2024/6/25, 41, 18, 58, 1
2024/6/26, 39, 20, 52, 1
2024/6/27, 47, 18, 34, 1
2024/6/28, 45, 12, 28, 1
2024/6/29, 25, 12, 26, 5
2024/6/30, 24, 11, 30, 1
2024/7/1, 25, 13, 38, 4
2024/1/2, 59, 8, , 
2024/1/3, 23, 19, , 1
2024/1/4, 52, 12, , 1
2024/1/5, 40, 13, , 1
2024/1/6, 35, 7, , 1
2024/1/7, 21, 5, , 1
2024/1/8, 15, 8, , 1
2024/1/9, 21, 9, , 
2024/1/10, 18, 6, , 1
2024/1/11, 16, 16, , 
2024/1/12, 38, 15, , 
2024/1/13, 37, 10, , 
2024/1/14, 19, 10, , 
2024/1/15, 26, 17, , 
2024/1/16, 45, 14, , 
2024/1/17, 36, 9, , 
2024/1/18, 24, 18, , 
2024/1/19, 48, 12, , 
2024/1/20, 34, 8, , 
2024/1/21, 24, 8, , 
2024/1/22, 22, 18, , 
2024/1/23, 47, 13, , 
2024/1/24, 32, 10, , 
2024/1/25, 26, 11, , 
2024/1/26, 25, 11, , 
2024/1/27, 24, 13, , 
2024/1/28, 35, 3, , 
2024/1/29, 8, 6, , 
2024/1/30, 14, 13, , 
2024/1/31, 34, 14, , 
2024/2/1, 39, 26, , 
2024/2/2, 72, 23, , 
2024/2/3, 58, 11, , 
2024/2/4, 30, 8, , 
2024/2/5, 24, 7, , 
2024/2/6, 18, 19, , 
2024/2/7, 52, 13, , 
2024/2/8, 36, 22, , 
2024/2/9, 56, 25, , 
2024/2/10, 61, 22, , 
2024/2/11, 53, 11, , 
2024/2/12, 27, 5, , 
2024/2/13, 10, 9, , 
2024/2/14, 15, 13, , 
2024/2/15, 25, 14, , 
2024/2/16, 38, 27, , 
2024/2/17, 70, 12, , 
2024/2/18, 37, 9, , 
2024/2/19, 26, 21, , 
2024/2/20, 57, 37, , 
2024/2/21, 93, 25, , 
2024/2/22, 62, 34, , 
2024/2/23, 87, 12, , 
2024/2/24, 33, 7, , 
2024/2/25, 12, 9, , 
2024/2/26, 26, 20, , 
2024/2/27, 53, 21, , 
2024/2/28, 50, 16, , 
2024/2/29, 36, 6, 25, 
2024/3/1, 12, 8, 21, 
2024/3/2, 23, 9, 18, 
2024/3/3, 28, 9, 15, 
2024/3/4, 25, 12, 25, 
2024/3/5, 34, 18, 24, 
2024/3/6, 50, 7, 23, 
2024/3/7, 18, 9, 29, 
2024/3/8, 20, 11, 25, 
2024/3/9, 27, 6, 24, 
2024/3/10, 13, 4, 34, 
2024/3/11, 8, 11, 37, 
2024/3/12, 29, 21, 42, 
2024/3/13, 53, 34, 42, 
2024/3/14, 85, 42, 46, 
2024/3/15, 97, 25, 19, 
2024/3/16, 65, 10, 33, 
2024/3/17, 21, 9, 28, 
2024/3/18, 24, 10, 36, 
2024/3/19, 21, 8, 32, 
2024/3/20, 19, 31, 45, 
2024/3/21, 70, 38, 45, 
2024/3/22, 89, 18, 26, 
2024/3/23, 45, 10, 29, 
2024/3/24, 24, 7, 38, 
2024/3/25, 19, 12, 34, 
2024/3/26, 24, 19, 32, 
2024/3/27, 37, 8, 13, 
2024/3/28, 21, 9, 32, 
2024/3/29, 20, 10, 39, 
2024/3/30, 24, 15, 41, 
2024/3/31, 42, 14, 34, 
2024/4/1, 38, 13, 28, 
2023/10/3, 28, 13, 33, 
2023/10/4, 47, 22, 36, 
2023/10/5, 48, 23, 38, 
2023/10/6, 48, 21, 33, 
2023/10/7, 45, 20, 31, 
2023/10/8, 23, 11, 30, 
2023/10/9, 13, 7, 28, 
2023/10/10, 26, 14, 29, 
2023/10/11, 39, 21, 35, 
2023/10/12, 59, 34, 23, 
2023/10/13, 16, 6, 28, 
2023/10/14, 33, 12, 29, 
2023/10/15, 26, 10, 23, 
2023/10/16, 11, 5, 20, 
2023/10/17, 12, 5, 20, 
2023/10/18, 13, 5, 20, 
2023/10/19, 20, 9, 26, 
2023/10/20, 34, 14, 28, 
2023/10/21, 43, 16, 24, 
2023/10/22, 24, 10, 28, 
2023/10/23, 33, 16, 30, 
2023/10/24, 30, 13, 29, 
2023/10/25, 56, 24, 31, 
2023/10/26, 36, 16, 22, 
2023/10/27, 29, 14, 25, 
2023/10/28, 39, 17, 25, 
2023/10/29, 40, 17, 27, 
2023/10/30, 42, 17, 25, 
2023/10/31, 48, 20, 28, 
2023/11/1, 27, 12, 12, 
2023/11/2, 26, 11, 29, 
2023/11/3, 37, 14, 28, 
2023/11/4, 48, 21, 37, 
2023/11/5, 47, 18, , 
2023/11/6, 61, 20, , 
2023/11/8, 84, 36, , 
2023/11/9, 70, 32, , 
2023/11/10, 73, 30, , 
2023/11/11, 54, 20, , 
2023/11/12, 20, 7, , 
2023/11/13, 27, 9, , 
2023/11/14, 47, 16, , 
2023/11/15, 51, 21, , 
2023/11/16, 32, 14, , 
2023/11/17, 30, 17, , 
2023/11/18, 27, 14, , 
2023/11/19, 34, 14, , 
2023/11/20, 37, 16, , 
2023/11/21, 25, 12, , 
2023/11/22, 24, 10, , 
2023/11/23, 19, 8, , 
2023/11/24, 34, 14, , 
2023/11/25, 60, 23, , 
2023/11/26, 63, 22, , 
2023/11/27, 37, 12, , 
2023/11/28, 22, 8, , 
2023/11/29, 19, 7, , 
2023/11/30, 28, 11, , 
2023/12/1, 58, 23, , 1
2023/12/2, 55, 22, , 1
2023/12/3, 52, 19, , 
2023/12/4, 46, 23, , 
2023/12/5, 34, 16, , 
2023/12/6, 24, 10, , 
2023/12/7, 21, 8, , 
2023/12/8, 74, 32, , 
2023/12/9, 91, 36, , 1
2023/12/10, 54, 22, , 1
2023/12/11, 19, 8, , 
2023/12/12, 24, 9, , 
2023/12/13, 34, 12, , 
2023/12/14, 31, 11, , 1
2023/12/15, 24, 10, , 
2023/12/16, 46, 19, , 
2023/12/17, 30, 12, , 
2023/12/18, 11, 4, , 
2023/12/19, 14, 5, , 
2023/12/20, 18, 6, , 
2023/12/21, 39, 15, , 1
2023/12/22, 65, 27, , 1
2023/12/23, 55, 22, , 1
2023/12/24, 56, 23, , 1
2023/12/25, 42, 17, , 
2023/12/26, 15, 7, , 
2023/12/27, 13, 6, , 
2023/12/28, 14, 6, , 
2023/12/29, 24, 10, , 
2023/12/30, 22, 8, , 
2023/12/31, 24, 8, , 
2024/1/1, 51, 19, , 
2023/7/2, 85, , 27, 5
2023/7/4, 41, 24, 30, 2
2023/7/5, 61, 16, 24, 2
2023/7/6, 41, 14, 32, 2
2023/7/7, 35, 13, 35, 2
2023/7/8, 33, 12, 31, 2
2023/7/9, 30, 10, 30, 2
2023/7/10, 26, 11, 29, 2
2023/7/11, 23, 19, 33, 2
2023/7/12, 32, 18, 36, 5
2023/7/13, 40, 17, 27, 2
2023/7/14, 37, 16, 23, 2
2023/7/15, 35, 13, 22, 2
2023/7/16, 30, 13, 31, 2
2023/7/17, 28, 27, 36, 6
2023/7/18, 66, 35, 40, 2
2023/7/19, 82, 30, 33, 2
2023/7/20, 66, 23, 33, 2
2023/7/21, 51, 16, 35, 2
2023/7/22, 31, 13, 31, 2
2023/7/23, 31, 14, 29, 3
2023/7/24, 33, 15, 30, 2
2023/7/25, 36, 20, 50, 2
2023/7/26, 51, 23, 43, 2
2023/7/27, 55, 18, 38, 2
2023/7/28, 47, 14, 20, 2
2023/7/29, 28, 10, 20, 2
2023/7/30, 22, 17, 31, 3
2023/7/31, 35, 14, 36, 3
2023/8/1, 32, 12, 32, 2
2023/8/2, 27, 13, 28, 2
2023/8/3, 30, 14, 24, 
2023/8/4, 31, 14, 33, 
2023/8/5, 27, 15, 37, 1
2023/8/6, 36, 12, 26, 
2023/8/7, 29, 14, 24, 
2023/8/8, 25, 11, 36, 
2023/8/9, 26, 12, 35, 
2023/8/10, 33, 10, 40, 
2023/8/11, 21, 11, 31, 
2023/8/12, 23, 14, 32, 
2023/8/13, 33, 16, 31, 
2023/8/14, 32, , 27, 
2023/8/16, 33, 14, 37, 
2023/8/17, 31, 11, 39, 
2023/8/18, 26, 18, 37, 
2023/8/19, 37, 21, 42, 1
2023/8/20, 50, 19, 29, 
2023/8/21, 44, 32, 27, 
2023/8/22, 52, 24, 38, 
2023/8/23, 53, 31, 40, 1
2023/8/24, 67, 27, 42, 
2023/8/25, 56, 24, 38, 
2023/8/26, 55, 21, 35, 1
2023/8/27, 51, 15, 28, 1
2023/8/28, 37, 11, 27, 1
2023/8/29, 21, 9, 15, 2
2023/8/30, 16, 9, 19, 
2023/8/31, 16, 16, 37, 
2023/9/1, 41, 12, 37, 8
2023/9/2, 25, 14, 31, 
2023/9/3, 29, 16, 44, 2
2023/9/4, 41, 19, 34, 
2023/9/5, 45, 20, 31, 
2023/9/6, 47, 19, 33, 
2023/9/7, 46, 19, 32, 2
2023/9/8, 45, 14, 34, 4
2023/9/9, 30, 11, 33, 1
2023/9/10, 23, 11, 31, 5
2023/9/11, 24, 16, 34, 4
2023/9/12, 34, 13, 27, 
2023/9/13, 31, 13, 35, 2
2023/9/14, 32, 17, 26, 1
2023/9/15, 44, 16, 30, 8
2023/9/16, 36, 14, 32, 3
2023/9/17, 34, 13, 22, 
2023/9/18, 32, 16, 34, 
2023/9/19, 42, 21, 37, 
2023/9/20, 53, 20, 39, 
2023/9/21, 49, 16, 35, 
2023/9/22, 42, 15, 39, 
2023/9/23, 40, 14, 35, 
2023/9/24, 34, 15, 33, 
2023/9/25, 42, 19, 38, 
2023/9/26, 43, 25, 40, 
2023/9/27, 61, 10, 15, 
2023/4/2, 38, 12, 37, 2
2023/4/3, 24, 19, 18, 2
2023/4/4, 50, 22, 19, 2
2023/4/5, 59, 19, 25, 2
2023/4/6, 54, 21, 22, 2
2023/4/26, 45, 17, 33, 3
2023/4/27, 42, 15, 22, 4
2023/4/28, 43, 12, 29, 2
2023/4/29, 29, 14, 34, 2
2023/4/30, 35, 11, 36, 2
2023/5/1, 21, 11, 38, 2
2023/5/2, 18, 15, 39, 2
2023/5/3, 21, 16, 39, 2
2023/5/4, 19, 13, 40, 2
2023/5/5, 31, 23, 27, 2
2023/5/6, 52, 13, 32, 2
2023/5/7, 36, 12, 31, 2
2023/5/8, 30, 15, 31, 2
2023/5/9, 37, 19, 33, 2
2023/5/10, 52, 17, 37, 7
2023/5/11, 45, 22, 39, 3
2023/5/12, 49, 16, 27, 3
2023/5/13, 36, 14, 31, 2
2023/5/14, 35, 16, 36, 6
2023/5/15, 46, 17, 36, 8
2023/5/16, 44, 22, 30, 2
2023/5/17, 54, 12, 29, 2
2023/5/18, 28, 11, 37, 2
2023/5/19, 27, 8, 30, 2
2023/5/20, 24, 8, 25, 2
2023/5/21, 21, 11, 20, 5
2023/5/22, 33, 23, 34, 9
2023/5/23, 64, 23, 37, 5
2023/5/24, 60, 19, 38, 2
2023/5/25, 50, 21, 46, 2
2023/5/26, 50, 17, 38, 2
2023/5/27, 37, 8, 33, 2
2023/5/28, 17, 4, 23, 2
2023/5/29, 12, 12, 33, 2
2023/5/30, 32, 15, 32, 3
2023/5/31, 43, 13, 26, 3
2023/6/1, 40, 20, 32, 5
2023/6/2, 52, 20, 35, 3
2023/6/3, 55, 22, 36, 2
2023/6/4, 57, 19, 36, 6
2023/6/5, 52, 23, 42, 6
2023/6/6, 59, 21, 43, 2
2023/6/7, 57, 24, 45, 2
2023/6/8, 64, 29, 41, 2
2023/6/9, 73, 33, 46, 2
2023/6/10, 79, 34, 48, 5
2023/6/11, 85, 21, 34, 2
2023/6/12, 54, 13, 37, 2
2023/6/13, 32, 17, 39, 2
2023/6/14, 52, 12, 24, 2
2023/6/15, 30, 10, 31, 2
2023/6/16, 22, 12, 39, 2
2023/6/17, 33, 25, 51, 4
2023/6/18, 59, 34, 50, 3
2023/6/19, 77, 16, 25, 2
2023/6/20, 39, 13, 26, 2
2023/6/21, 27, 12, 32, 2
2023/6/22, 23, 9, 28, 4
2023/6/23, 20, 11, 26, 2
2023/6/24, 25, 15, 37, 2
2023/6/25, 39, 19, 41, 2
2023/6/26, 51, 14, 27, 2
2023/6/27, 33, 21, 45, 2
2023/6/28, 53, 23, 38, 2
2023/6/29, 62, 35, 57, 3
2023/6/30, 80, 37, 39, 4
2023/7/1, 83, 38, 37, 2
2023/1/3, 65, 17, , 1
2023/1/4, 48, 12, , 1
2023/1/5, 26, 11, , 1
2023/1/6, 21, 7, , 2
2023/1/7, 18, 16, , 2
2023/1/8, 41, 23, , 2
2023/1/9, 62, 13, , 1
2023/1/10, 42, 16, , 2
2023/1/11, 47, 28, , 2
2023/1/12, 70, 16, , 1
2023/1/13, 46, 8, , 1
2023/1/14, 15, 4, , 2
2023/1/15, 13, 12, , 2
2023/1/16, 34, 25, , 2
2023/1/17, 63, 20, , 1
2023/1/18, 54, 12, , 1
2023/1/19, 35, 15, , 1
2023/1/20, 40, 10, , 2
2023/1/21, 16, 10, , 2
2023/1/22, 29, 7, , 2
2023/1/23, 23, 5, , 1
2023/1/24, 16, 11, , 2
2023/1/25, 30, 9, , 1
2023/1/26, 24, 5, , 2
2023/1/27, 17, 9, , 2
2023/1/28, 30, 12, , 2
2023/1/29, 37, 21, , 2
2023/1/30, 62, 15, , 2
2023/1/31, 45, 18, , 1
2023/2/1, 48, 10, , 1
2023/2/2, 26, 7, , 2
2023/2/3, 20, 6, , 2
2023/2/4, 14, 9, , 2
2023/2/5, 26, 18, , 2
2023/2/6, 48, 15, , 2
2023/2/7, 40, 25, , 2
2023/2/8, 61, 28, , 2
2023/2/9, 68, 26, , 2
2023/2/10, 63, 11, , 2
2023/2/11, 29, 8, , 2
2023/2/12, 22, 2, , 2
2023/2/13, 7, 8, , 2
2023/2/14, 19, 17, , 2
2023/2/15, 42, 21, , 2
2023/2/16, 54, 28, , 2
2023/2/17, 73, 10, , 2
2023/2/18, 27, 9, , 2
2023/2/19, 25, 17, , 2
2023/2/20, 47, 19, , 2
2023/2/21, 53, 19, , 2
2023/2/22, 50, 15, , 2
2023/2/23, 40, 18, , 2
2023/2/24, 51, 20, , 2
2023/2/25, 52, 15, , 2
2023/2/26, 41, 19, , 2
2023/2/27, 48, 22, , 2
2023/2/28, 53, 41, 9, 2
2023/3/1, 60, 42, 24, 2
2023/3/2, 84, 15, 17, 2
2023/3/3, 40, 22, 29, 2
2023/3/4, 48, 8, 35, 2
2023/3/5, 14, 18, 36, 2
2023/3/6, 47, 29, 37, 2
2023/3/7, 71, 31, 40, 2
2023/3/8, 71, 14, 38, 2
2023/3/9, 27, 21, 41, 2
2023/3/10, 49, 18, 28, 1
2023/3/11, 56, 12, 33, 1
2023/3/12, 33, 12, 22, 4
2023/3/13, 38, 7, 30, 2
2023/3/14, 21, 9, 33, 2
2023/3/15, 25, 11, 36, 2
2023/3/16, 29, 32, 41, 2
2023/3/17, 77, 16, 32, 2
2023/3/18, 41, 8, 33, 2
2023/3/19, 18, 7, 35, 2
2023/3/20, 20, 12, 36, 2
2023/3/21, 33, 23, 41, 3
2023/3/22, 61, 25, 27, 4
2023/3/23, 67, 19, 35, 2
2023/3/24, 53, 24, 34, 2
2023/3/25, 58, 14, 28, 2
2023/3/26, 32, 12, 21, 2
2023/3/27, 25, 10, 24, 2
2023/3/28, 18, 16, 28, 2
2023/3/29, 40, 15, 38, 2
2023/3/30, 39, 25, 44, 2
2023/3/31, 65, 17, 35, 2
2023/4/1, 44, 26, 36, 2
2022/10/2, 22, 5, 22, 2
2022/10/3, 11, 6, 19, 2
2022/10/4, 13, 13, 29, 1
2022/10/5, 32, 15, 35, 1
2022/10/6, 32, 20, 37, 1
2022/10/7, 44, 23, 40, 1
2022/10/8, 48, 23, 41, 5
2022/10/9, 56, 18, 23, 3
2022/10/10, 50, 17, 33, 1
2022/10/11, 48, 19, 33, 2
2022/10/12, 49, 16, 27, 1
2022/10/13, 36, 12, 27, 1
2022/10/14, 36, 17, 30, 1
2022/10/15, 38, 24, 34, 1
2022/10/16, 52, 23, 34, 1
2022/10/17, 56, 22, 33, 1
2022/10/18, 57, 15, 30, 1
2022/10/19, 22, 12, 24, 1
2022/10/20, 26, 23, 28, 1
2022/10/21, 47, 26, 35, 4
2022/10/22, 55, 22, 37, 1
2022/10/23, 54, 21, 32, 1
2022/10/24, 56, 29, 42, 2
2022/10/25, 67, 31, 40, 7
2022/10/26, 74, 17, 29, 1
2022/10/27, 48, 13, 29, 1
2022/10/28, 30, 14, 30, 1
2022/10/29, 32, 14, 19, 1
2022/10/30, 35, 12, 14, 7
2022/10/31, 34, 16, 16, 1
2022/11/1, 46, 17, 9, 1
2022/11/2, 51, 18, , 1
2022/11/3, 49, 16, , 1
2022/11/4, 48, 20, , 1
2022/11/5, 49, 14, , 1
2022/11/6, 33, 18, , 1
2022/11/7, 39, 19, , 
2022/11/8, 39, 17, , 
2022/11/9, 36, 16, , 1
2022/11/10, 27, 12, , 1
2022/11/11, 24, 8, , 1
2022/11/12, 17, 12, , 1
2022/11/13, 33, 6, , 1
2022/11/14, 16, 8, , 1
2022/11/15, 20, 16, , 4
2022/11/16, 40, 9, , 1
2022/11/17, 29, 12, , 1
2022/11/18, 34, 21, , 2
2022/11/19, 58, 21, , 2
2022/11/20, 55, 12, , 2
2022/11/21, 34, 16, , 2
2022/11/22, 42, 16, , 1
2022/11/23, 37, 21, , 3
2022/11/24, 48, 15, , 1
2022/11/25, 41, 13, , 1
2022/11/26, 32, 15, , 2
2022/11/27, 42, 9, , 1
2022/11/28, 23, 11, , 1
2022/11/29, 26, 15, , 2
2022/11/30, 42, 11, , 1
2022/12/1, 24, 10, , 2
2022/12/2, 24, 19, , 2
2022/12/3, 48, 18, , 1
2022/12/4, 47, 24, , 2
2022/12/5, 53, 14, , 4
2022/12/6, 40, 29, , 4
2022/12/7, 64, 17, , 1
2022/12/8, 46, 17, , 1
2022/12/9, 45, 16, , 3
2022/12/10, 44, 13, , 2
2022/12/11, 43, 15, , 2
2022/12/12, 47, 16, , 2
2022/12/13, 48, 14, , 9
2022/12/14, 43, 17, , 8
2022/12/15, 53, 9, , 1
2022/12/16, 26, 8, , 1
2022/12/17, 18, 10, , 2
2022/12/18, 22, 17, , 2
2022/12/19, 35, 15, , 2
2022/12/20, 40, 10, , 2
2022/12/21, 32, 6, , 1
2022/12/22, 22, 4, , 1
2022/12/23, 13, 7, , 1
2022/12/24, 19, , , 1
2022/12/26, 17, 12, , 2
2022/12/27, 34, 23, , 2
2022/12/28, 61, 34, , 2
2022/12/29, 86, 29, , 2
2022/12/30, 71, 18, , 1
2022/12/31, 46, 14, , 1
2023/1/1, 43, 16, , 1
2023/1/2, 44, 24, , 2
2022/7/2, 23, 9, 28, 1
2022/7/3, 22, 12, 33, 1
2022/7/4, 31, 16, 36, 1
2022/7/5, 40, 13, 28, 1
2022/7/6, 33, 15, 30, 1
2022/7/7, 31, 11, 34, 1
2022/7/8, 24, 13, 31, 1
2022/7/9, 24, 11, 23, 1
2022/7/10, 22, 12, 28, 1
2022/7/11, 25, 8, 25, 1
2022/7/12, 17, 15, 28, 1
2022/7/13, 33, 11, 25, 1
2022/7/14, 22, 17, 25, 1
2022/7/15, 30, 17, 35, 1
2022/7/16, 34, 15, 29, 1
2022/7/17, 29, 19, 22, 1
2022/7/18, 35, 11, 22, 1
2022/7/19, 20, 15, 35, 1
2022/7/20, 29, 14, 23, 1
2022/7/21, 30, 16, 25, 1
2022/7/22, 36, 17, 25, 1
2022/7/23, 35, 14, 35, 1
2022/7/24, 30, 15, 22, 1
2022/7/25, 32, 12, 19, 1
2022/7/26, 23, 13, 27, 1
2022/7/27, 26, 15, 27, 1
2022/7/28, 29, 13, 27, 1
2022/7/29, 25, 13, 24, 1
2022/7/30, 24, 10, 27, 1
2022/7/31, 21, 22, 20, 1
2022/8/1, 41, 27, 25, 1
2022/8/2, 49, 20, 33, 1
2022/8/3, 42, 18, 33, 1
2022/8/4, 35, 15, 31, 1
2022/8/5, 31, 14, 16, 1
2022/8/6, 24, 12, 13, 1
2022/8/7, 23, 12, 19, 1
2022/8/8, 23, 14, 24, 1
2022/8/9, 24, 14, 29, 1
2022/8/10, 23, 12, 26, 1
2022/8/11, 18, 18, 23, 1
2022/8/12, 31, 12, 21, 1
2022/8/13, 25, 15, 35, 1
2022/8/14, 34, 18, 46, 1
2022/8/15, 47, 16, 33, 1
2022/8/16, 42, 14, 29, 1
2022/8/17, 37, 16, 22, 1
2022/8/18, 40, 14, 27, 1
2022/8/19, 34, 13, 23, 1
2022/8/20, 31, 14, 29, 1
2022/8/21, 32, 9, 21, 1
2022/8/22, 20, 10, 17, 1
2022/8/23, 22, 15, 25, 1
2022/8/24, 34, 19, 28, 1
2022/8/25, 43, 11, 22, 1
2022/8/26, 23, 14, 26, 1
2022/8/27, 26, 15, 26, 1
2022/8/28, 27, 11, 26, 1
2022/8/29, 27, 8, 17, 1
2022/8/30, 17, 10, 20, 1
2022/8/31, 19, 15, 36, 1
2022/9/1, 32, 16, 30, 1
2022/9/2, 32, 16, 23, 1
2022/9/3, 31, 14, 25, 1
2022/9/4, 29, 12, 23, 1
2022/9/5, 24, 14, 15, 1
2022/9/6, 27, 13, 26, 1
2022/9/7, 29, 13, 30, 1
2022/9/8, 32, 12, 27, 1
2022/9/9, 29, 12, 29, 8
2022/9/10, 27, 11, 17, 2
2022/9/11, 21, 11, 19, 1
2022/9/12, 20, 13, 23, 1
2022/9/13, 25, 14, 32, 1
2022/9/14, 33, 16, 39, 2
2022/9/15, 36, 16, 37, 1
2022/9/16, 39, 20, 38, 5
2022/9/17, 50, 19, 38, 2
2022/9/18, 53, 13, 32, 1
2022/9/19, 33, 15, 31, 3
2022/9/20, 35, 24, 52, 2
2022/9/21, 57, 25, 45, 2
2022/9/22, 55, 23, 40, 1
2022/9/23, 50, 14, 36, 3
2022/9/24, 22, 17, 38, 3
2022/9/25, 36, 18, 32, 1
2022/9/26, 39, 19, 39, 1
2022/9/27, 45, 22, 35, 1
2022/9/28, 38, 14, 35, 1
2022/9/29, 17, 18, 22, 1
2022/9/30, 19, 8, 26, 1
2022/10/1, 13, 9, 26, 4
2022/4/2, 29, 17, 35, 2
2022/4/3, 45, 14, 37, 1
2022/4/4, 36, 20, 39, 3
2022/4/5, 51, 18, 28, 1
2022/4/6, 43, 13, 25, 1
2022/4/7, 29, 13, 38, 1
2022/4/8, 24, 12, 34, 1
2022/4/9, 20, 6, 26, 1
2022/4/10, 15, 12, 37, 1
2022/4/11, 31, 18, 40, 1
2022/4/12, 41, 19, 40, 1
2022/4/13, 46, 17, 28, 1
2022/4/14, 39, 14, 28, 1
2022/4/15, 33, 15, 41, 1
2022/4/16, 29, 15, 26, 3
2022/4/17, 36, 16, 31, 1
2022/4/18, 42, 11, 23, 1
2022/4/19, 21, 10, 36, 1
2022/4/20, 23, 14, 40, 1
2022/4/21, 37, 16, 38, 1
2022/4/22, 36, 24, 40, 2
2022/4/23, 56, 18, 34, 1
2022/4/24, 44, 17, 33, 1
2022/4/25, 40, 21, 30, 1
2022/4/26, 47, 17, 32, 1
2022/4/27, 34, 15, 41, 1
2022/4/28, 35, 26, 50, 2
2022/4/29, 56, 25, 46, 1
2022/4/30, 53, 20, 44, 1
2022/5/1, 41, 17, 29, 1
2022/5/2, 41, 17, 28, 1
2022/5/3, 39, 16, 32, 1
2022/5/4, 35, 18, 32, 1
2022/5/5, 42, 20, 36, 1
2022/5/6, 49, 18, 24, 1
2022/5/7, 39, 11, 27, 1
2022/5/8, 24, 6, 27, 1
2022/5/9, 12, 9, 36, 1
2022/5/10, 20, 13, 44, 1
2022/5/11, 26, 13, 43, 1
2022/5/12, 26, 14, 32, 3
2022/5/13, 23, 10, 24, 2
2022/5/14, 20, 12, 31, 1
2022/5/15, 27, 13, 31, 1
2022/5/16, 34, 16, 43, 1
2022/5/17, 40, 16, 45, 1
2022/5/18, 33, 22, 48, 2
2022/5/19, 52, 28, 38, 1
2022/5/20, 65, 20, 31, 1
2022/5/21, 49, 13, 21, 3
2022/5/22, 31, 30, 21, 1
2022/5/23, 47, 29, 16, 4
2022/5/24, 44, 32, 22, 1
2022/5/25, 49, 13, 26, 5
2022/5/26, 30, 16, 23, 1
2022/5/27, 35, 14, 33, 1
2022/5/28, 28, 12, 33, 1
2022/5/29, 32, 17, 39, 2
2022/5/30, 46, 15, 24, 1
2022/5/31, 35, 14, 34, 3
2022/6/1, 32, 17, 36, 1
2022/6/2, 42, 18, 42, 1
2022/6/3, 48, 15, 32, 1
2022/6/4, 36, 14, 38, 6
2022/6/5, 32, 15, 44, 2
2022/6/6, 37, 20, 45, 2
2022/6/7, 45, 16, 29, 3
2022/6/8, 32, 17, 28, 1
2022/6/9, 39, 12, 35, 1
2022/6/10, 29, 16, 45, 2
2022/6/11, 31, 18, 40, 2
2022/6/12, 46, 15, 28, 1
2022/6/13, 37, 16, 31, 1
2022/6/14, 40, 21, 22, 2
2022/6/15, 46, 26, 36, 2
2022/6/16, 53, 18, 39, 2
2022/6/17, 42, 18, 36, 1
2022/6/18, 42, 16, 42, 1
2022/6/19, 38, 14, 38, 7
2022/6/20, 28, 18, 54, 3
2022/6/21, 37, 20, 43, 3
2022/6/22, 45, 25, 47, 2
2022/6/23, 49, 23, 46, 1
2022/6/24, 53, 16, 43, 5
2022/6/25, 36, 13, 42, 1
2022/6/26, 31, 13, 42, 7
2022/6/27, 31, 17, 31, 2
2022/6/28, 26, 27, 28, 3
2022/6/29, 40, 11, 28, 2
2022/6/30, 28, 12, 26, 8
2022/7/1, 24, 11, 24, 8
2022/1/4, 11, 9, , 8
2022/1/5, 28, 14, , 1
2022/1/6, 41, 21, , 1
2022/1/7, 57, 7, , 1
2022/1/8, 18, 11, , 3
2022/1/9, 34, 12, , 4
2022/1/10, 31, 7, , 
2022/1/11, 18, 11, , 4
2022/1/12, 26, 14, , 2
2022/1/13, 38, 17, , 1
2022/1/14, 46, 10, , 1
2022/1/15, 28, , , 
2022/1/20, 65, 20, , 1
2022/1/21, 59, 7, , 1
2022/1/22, 28, 10, , 1
2022/1/23, 32, 13, , 1
2022/1/24, 40, 12, , 1
2022/1/25, 36, 22, , 1
2022/1/26, 53, 21, , 2
2022/1/27, 60, 16, , 7
2022/1/28, 47, 20, , 2
2022/1/29, 55, 8, , 1
2022/1/30, 24, 12, , 1
2022/1/31, 36, 23, , 1
2022/2/1, 60, 26, , 3
2022/2/2, 69, 22, , 7
2022/2/3, 55, 16, , 1
2022/2/4, 41, 9, , 1
2022/2/5, 22, 6, , 1
2022/2/6, 21, 8, , 2
2022/2/7, 25, 8, , 
2022/2/8, 27, 13, , 1
2022/2/9, 42, 17, , 1
2022/2/10, 45, 22, , 1
2022/2/11, 56, 33, , 1
2022/2/12, 80, 37, , 1
2022/2/13, 100, 19, , 1
2022/2/14, 52, 12, , 1
2022/2/15, 31, 21, , 3
2022/2/16, 57, 19, , 5
2022/2/17, 50, 15, , 1
2022/2/18, 35, 9, , 1
2022/2/19, 19, 9, , 1
2022/2/20, 28, 11, , 3
2022/2/21, 28, 19, , 1
2022/2/22, 46, 16, , 1
2022/2/23, 44, 19, , 1
2022/2/24, 47, 22, , 1
2022/2/25, 56, 16, , 1
2022/2/26, 44, 10, , 1
2022/2/27, 24, 20, 15, 3
2022/2/28, 56, 9, 34, 1
2022/3/1, 25, 17, 36, 3
2022/3/2, 43, 31, 43, 1
2022/3/3, 70, 40, 45, 1
2022/3/4, 96, 33, 38, 2
2022/3/5, 81, 31, 37, 6
2022/3/6, 71, 16, 25, 1
2022/3/7, 41, 18, 27, 1
2022/3/8, 35, 14, 24, 6
2022/3/9, 33, 12, 13, 3
2022/3/10, 35, 12, 14, 1
2022/3/11, 37, 17, 13, 3
2022/3/12, 51, 8, 33, 1
2022/3/13, 15, 9, 34, 2
2022/3/14, 25, 19, 36, 3
2022/3/15, 53, 19, 32, 3
2022/3/16, 53, 11, 24, 3
2022/3/17, 31, 13, 28, 3
2022/3/18, 39, 18, 26, 1
2022/3/19, 47, 11, 30, 1
2022/3/20, 24, 7, 34, 1
2022/3/21, 18, 17, 38, 1
2022/3/22, 43, 17, 37, 1
2022/3/23, 41, 12, 26, 1
2022/3/24, 29, 12, 31, 1
2022/3/25, 25, 14, 38, 1
2022/3/26, 27, 10, 38, 1
2022/3/27, 16, 8, 38, 1
2022/3/28, 14, 17, 38, 1
2022/3/29, 23, 21, 40, 1
2022/3/30, 49, 25, 42, 1
2022/3/31, 52, 16, 36, 1
2022/4/1, 38, 12, 36, 1
2021/10/9, 34, 12, 13, 3
2021/10/10, 29, 11, 17, 
2021/10/11, 26, 15, 23, 
2021/10/12, 38, 14, 17, 3
2021/10/13, 37, 21, 21, 
2021/10/14, 49, 20, 30, 3
2021/10/15, 50, 26, 32, 1
2021/10/16, 62, 17, 27, 1
2021/10/17, 39, 11, 28, 
2021/10/18, 22, 14, 26, 
2021/10/19, 28, 19, 32, 4
2021/10/20, 39, 23, 30, 1
2021/10/21, 49, 27, 31, 
2021/10/22, 53, 21, 30, 
2021/10/23, 48, 18, 31, 
2021/10/24, 43, 21, 30, 1
2021/10/25, 56, 22, 28, 1
2021/10/26, 57, 9, 16, 
2021/10/27, 17, 13, 21, 
2021/10/28, 22, 15, 26, 
2021/10/29, 36, 12, 13, 5
2021/10/30, 21, 8, 17, 
2021/10/31, 19, 5, 12, 
2021/11/1, 14, 12, 16, 
2021/11/2, 30, 13, 25, 2
2021/11/3, 37, 11, 24, 1
2021/11/4, 27, 10, 22, 1
2021/11/5, 29, 10, 20, 1
2021/11/6, 30, 9, , 
2021/11/7, 21, 9, , 
2021/11/8, 22, 13, , 
2021/11/9, 32, 21, , 1
2021/11/10, 50, 33, , 
2021/11/11, 73, 25, , 1
2021/11/12, 63, 11, , 1
2021/11/13, 30, 15, , 1
2021/11/14, 37, 10, , 1
2021/11/15, 26, 12, , 4
2021/11/16, 26, 24, , 1
2021/11/17, 54, 23, , 1
2021/11/18, 54, 23, , 1
2021/11/19, 57, 10, , 1
2021/11/20, 20, 14, , 1
2021/11/21, 34, 21, , 1
2021/11/22, 50, 19, , 7
2021/11/23, 49, 10, , 1
2021/11/24, 23, 23, , 1
2021/11/25, 54, 18, , 3
2021/11/26, 49, 11, , 2
2021/11/27, 31, 14, , 1
2021/11/28, 40, 15, , 2
2021/11/29, 43, 14, , 1
2021/11/30, 34, 24, , 1
2021/12/1, 54, 30, , 1
2021/12/2, 63, 34, , 1
2021/12/3, 83, 28, , 1
2021/12/4, 62, 34, , 1
2021/12/5, 81, 47, , 1
2021/12/6, 109, 29, , 11
2021/12/7, 75, 16, , 1
2021/12/8, 28, 13, , 8
2021/12/9, 39, 19, , 3
2021/12/10, 60, 21, , 5
2021/12/11, 62, 20, , 3
2021/12/12, 46, 12, , 1
2021/12/13, 30, 15, , 1
2021/12/14, 43, 17, , 1
2021/12/15, 50, 23, , 3
2021/12/16, 61, 45, , 5
2021/12/17, 92, 21, , 11
2021/12/18, 55, 13, , 1
2021/12/19, 36, 8, , 1
2021/12/20, 18, 8, , 1
2021/12/21, 21, 9, , 4
2021/12/22, 27, 12, , 1
2021/12/23, 35, 13, , 1
2021/12/24, 34, 22, , 7
2021/12/25, 58, 18, , 1
2021/12/26, 45, 13, , 1
2021/12/27, 31, 18, , 1
2021/12/28, 50, 12, , 1
2021/12/29, 35, 12, , 1
2021/12/30, 30, 12, , 1
2021/12/31, 25, 19, , 1
2022/1/1, 44, 11, , 1
2022/1/2, 26, 10, , 
2022/1/3, 26, 5, , 2
2021/7/2, 22, 8, 16, 
2021/7/3, 29, 17, 31, 
2021/7/4, 52, 40, 36, 1
2021/7/5, 88, 34, 35, 3
2021/7/6, 92, 10, 35, 2
2021/7/7, 50, 9, 13, 2
2021/7/8, 35, 6, 20, 
2021/7/9, 19, 8, 32, 
2021/7/10, 34, 8, 33, 
2021/7/11, 33, 8, 19, 
2021/7/12, 25, 11, 20, 
2021/7/13, 30, 12, 27, 1
2021/7/14, 28, , 22, 
2021/7/15, 33, , 26, 
2021/7/16, 39, , 27, 
2021/7/17, 35, , 22, 5
2021/7/18, 38, , 25, 
2021/7/19, 32, , 21, 
2021/7/20, 27, , 19, 
2021/7/21, 20, , 21, 
2021/7/22, 25, , 30, 1
2021/7/23, 29, 39, 40, 2
2021/7/24, 71, 28, 38, 1
2021/7/25, 71, 24, 42, 3
2021/7/26, 60, 24, 37, 2
2021/7/27, 56, 19, 32, 
2021/7/28, 40, 16, 34, 
2021/7/29, 35, 19, 37, 
2021/7/30, 45, 25, 37, 
2021/7/31, 65, 27, 37, 
2021/8/1, 65, 21, 44, 
2021/8/2, 54, 27, 46, 1
2021/8/3, 64, 18, 39, 4
2021/8/4, 51, 17, 39, 3
2021/8/5, 46, 15, 40, 3
2021/8/6, 38, 11, 28, 2
2021/8/7, 29, 13, 30, 
2021/8/8, 33, 17, 42, 
2021/8/9, 50, 19, 34, 
2021/8/10, 52, 21, 30, 
2021/8/11, 53, 25, 27, 
2021/8/12, 53, 23, 32, 3
2021/8/13, 53, 18, 30, 
2021/8/14, 46, 12, 24, 1
2021/8/15, 30, 15, 22, 1
2021/8/16, 32, 15, 12, 3
2021/8/17, 26, 12, 14, 
2021/8/18, 22, 14, 22, 
2021/8/19, 26, 17, 20, 
2021/8/20, 33, 11, 28, 
2021/8/21, 28, 16, 24, 
2021/8/22, 34, 15, 22, 1
2021/8/23, 34, 21, 29, 
2021/8/24, 45, 25, 40, 
2021/8/25, 57, 20, 23, 
2021/8/26, 49, 33, 20, 
2021/8/27, 56, 32, 14, 
2021/8/28, 52, 26, 17, 
2021/8/29, 48, 37, 17, 
2021/8/30, 57, 32, 18, 
2021/8/31, 54, 24, 15, 
2021/9/1, 44, 12, 22, 
2021/9/2, 24, 12, 32, 
2021/9/3, 27, 22, 38, 1
2021/9/4, 48, 22, 43, 2
2021/9/5, 50, 19, 32, 1
2021/9/6, 45, 21, 26, 1
2021/9/7, 55, 27, 26, 4
2021/9/8, 64, 15, 18, 
2021/9/9, 33, 17, 26, 
2021/9/10, 38, 15, 37, 1
2021/9/11, 33, 17, 38, 5
2021/9/12, 42, 18, 37, 2
2021/9/13, 47, 22, 42, 
2021/9/14, 53, 23, 35, 7
2021/9/15, 51, 16, 20, 1
2021/9/16, 39, 9, 16, 4
2021/9/17, 20, 17, 26, 2
2021/9/18, 36, 19, 23, 1
2021/9/19, 44, 15, 22, 2
2021/9/20, 36, 14, 22, 7
2021/9/21, 32, 12, 19, 2
2021/9/22, 25, 12, 23, 1
2021/9/23, 23, 8, 24, 1
2021/9/24, 15, 11, 31, 2
2021/9/25, 22, 13, 32, 1
2021/9/26, 33, 19, 33, 1
2021/9/27, 46, 22, , 1
2021/9/28, 54, 22, 29, 
2021/9/29, 55, , 41, 
2021/4/2, 21, 9, 36, 
2021/4/3, 36, 11, 42, 3
2021/4/4, 48, 15, 42, 
2021/4/5, 66, 14, 46, 3
2021/4/6, 58, 19, 50, 
2021/4/7, 72, 26, 54, 
2021/4/8, 91, 20, 34, 
2021/4/9, 76, 12, 25, 
2021/4/10, 50, 10, 28, 
2021/4/11, 49, 9, 32, 
2021/4/12, 37, 13, 46, 
2021/4/13, 42, 14, 52, 1
2021/4/14, 49, 14, 45, 
2021/4/15, 56, 11, 38, 
2021/4/16, 42, 9, 35, 1
2021/4/17, 31, 12, 41, 
2021/4/18, 47, 12, 39, 
2021/4/19, 52, 10, 40, 
2021/4/20, 43, 15, 38, 1
2021/4/21, 63, 12, 44, 
2021/4/22, 46, 10, 40, 
2021/4/23, 38, 17, 45, 1
2021/4/24, 63, 7, 27, 
2021/4/25, 36, 6, 31, 
2021/4/26, 22, 11, 43, 1
2021/4/27, 43, 11, 39, 
2021/4/28, 44, 16, 37, 
2021/4/29, 65, 8, 35, 
2021/4/30, 43, 9, 38, 
2021/5/1, 33, 12, 45, 2
2021/5/2, 42, 14, 36, 
2021/5/3, 51, 10, 21, 
2021/5/4, 41, 10, 23, 
2021/5/5, 32, 8, 33, 
2021/5/6, 33, 7, 37, 
2021/5/7, 27, 7, 39, 
2021/5/8, 21, 12, 41, 
2021/5/9, 45, 12, 44, 
2021/5/10, 47, 8, 33, 
2021/5/11, 33, 8, 32, 2
2021/5/12, 37, 4, 25, 
2021/5/13, 19, 5, 33, 
2021/5/14, 22, 9, 41, 3
2021/5/15, 32, 12, 42, 
2021/5/16, 46, 12, 43, 
2021/5/17, 51, 15, 45, 1
2021/5/18, 59, 12, 43, 8
2021/5/19, 48, 7, 33, 2
2021/5/20, 31, 8, 41, 1
2021/5/21, 29, 12, 49, 5
2021/5/22, 48, 12, 39, 
2021/5/23, 47, 14, 46, 
2021/5/24, 58, 21, 55, 2
2021/5/25, 74, 21, 53, 
2021/5/26, 74, 17, 41, 
2021/5/27, 62, 13, 39, 
2021/5/28, 59, 13, 38, 
2021/5/29, 53, 6, 37, 
2021/5/30, 26, 6, 27, 
2021/5/31, 26, 10, 32, 1
2021/6/1, 41, 8, 39, 
2021/6/2, 33, 9, 32, 
2021/6/3, 37, 6, 19, 
2021/6/4, 23, 9, 30, 
2021/6/5, 34, 10, 28, 3
2021/6/6, 41, 8, 23, 
2021/6/7, 33, 7, 20, 1
2021/6/8, 29, 7, 17, 1
2021/6/9, 25, 9, 22, 
2021/6/10, 30, 9, 23, 
2021/6/11, 36, 7, 24, 
2021/6/12, 33, 8, 32, 1
2021/6/13, 35, 5, 20, 1
2021/6/14, 24, 8, 28, 
2021/6/15, 35, 12, 52, 
2021/6/16, 46, 13, 41, 
2021/6/17, 58, 13, 51, 2
2021/6/18, 55, 13, 44, 
2021/6/19, 58, 12, 15, 
2021/6/20, 53, 9, 14, 
2021/6/21, 34, 7, 17, 
2021/6/22, 31, 5, 19, 
2021/6/23, 19, 8, 34, 6
2021/6/24, 33, 10, 37, 6
2021/6/25, 44, 10, 41, 1
2021/6/26, 46, 7, 23, 1
2021/6/27, 32, 7, 15, 
2021/6/28, 33, 7, 21, 1
2021/6/29, 32, 9, 19, 
2021/6/30, 23, 13, 20, 
2021/7/1, 30, 6, 15, 
2021/1/5, 29, 8, , 
2021/1/6, 41, 9, , 
2021/1/7, 54, 7, , 
2021/1/8, 46, 4, , 
2021/1/9, 30, 8, , 
2021/1/10, 52, 10, , 
2021/1/11, 64, 10, , 
2021/1/12, 57, 5, , 
2021/1/13, 33, 8, , 
2021/1/14, 56, 9, , 
2021/1/15, 53, 13, , 
2021/1/16, 69, 7, , 
2021/1/17, 24, 7, , 
2021/1/18, 43, 9, , 
2021/1/19, 45, 12, , 
2021/1/20, 60, 10, , 
2021/1/21, 46, 8, , 
2021/1/22, 39, 6, , 
2021/1/23, 26, 9, , 1
2021/1/24, 40, 8, , 4
2021/1/25, 31, 11, , 
2021/1/26, 43, 9, , 
2021/1/27, 40, , , 
2021/1/28, 26, 5, , 
2021/1/29, 19, 8, , 5
2021/1/30, 39, 12, , 3
2021/1/31, 60, 5, , 
2021/2/1, 29, 5, , 
2021/2/2, 25, 4, , 
2021/2/3, 14, 4, , 
2021/2/4, 33, 16, , 6
2021/2/5, 76, 8, , 
2021/2/6, 38, 5, , 6
2021/2/7, 19, 5, , 
2021/2/8, 21, 9, , 3
2021/2/9, 41, 9, , 1
2021/2/10, 39, 11, , 4
2021/2/11, 48, 6, , 
2021/2/12, 27, 3, , 
2021/2/13, 13, 3, , 
2021/2/14, 12, 3, , 1
2021/2/15, 18, 4, , 8
2021/2/16, 17, 5, , 
2021/2/17, 17, 8, , 8
2021/2/18, 41, 4, , 2
2021/2/19, 20, 5, , 
2021/2/20, 22, 7, , 
2021/2/21, 30, 8, , 
2021/2/22, 34, 7, , 
2021/2/23, 27, 8, , 
2021/2/24, 27, 12, , 
2021/2/25, 56, 20, 19, 
2021/2/26, 75, 18, 23, 1
2021/2/27, 74, 20, 20, 3
2021/2/28, 71, 28, 17, 
2021/3/1, 93, 6, 20, 
2021/3/2, 25, 6, 19, 5
2021/3/3, 29, 6, 22, 
2021/3/4, 31, 8, 34, 
2021/3/5, 33, 9, 36, 5
2021/3/6, 34, 9, 34, 4
2021/3/7, 36, 11, 38, 
2021/3/8, 49, 14, 38, 6
2021/3/9, 61, 21, 45, 
2021/3/10, 89, 26, 45, 
2021/3/11, 109, 14, 38, 
2021/3/12, 56, 18, 40, 
2021/3/13, 66, 22, 40, 2
2021/3/14, 86, 19, 37, 3
2021/3/15, 80, 17, 40, 2
2021/3/16, 64, 10, 30, 3
2021/3/17, 51, 8, 17, 4
2021/3/18, 41, 13, 33, 
2021/3/19, 43, 6, 31, 11
2021/3/20, 12, 9, 37, 1
2021/3/21, 29, 8, 34, 
2021/3/22, 30, 10, 37, 
2021/3/23, 32, 11, 35, 5
2021/3/24, 37, 14, 31, 
2021/3/25, 52, 15, 30, 
2021/3/26, 53, 11, 16, 
2021/3/27, 42, 14, 16, 
2021/3/28, 53, 10, 27, 
2021/3/29, 39, 9, 36, 1
2021/3/30, 36, 10, 34, 8
2021/3/31, 46, 7, 24, 
2021/4/1, 35, 7, 38, 
2020/10/2, 52, 10, 30, 
2020/10/3, 29, 10, 32, 
2020/10/4, 38, 8, 25, 
2020/10/5, 37, 12, 32, 
2020/10/6, 49, 12, 31, 
2020/10/7, 48, 16, 30, 
2020/10/8, 64, 20, 38, 
2020/10/9, 70, 21, 38, 
2020/10/10, 72, 12, 22, 
2020/10/11, 52, 7, 18, 
2020/10/12, 30, 10, 13, 
2020/10/13, 39, 17, 25, 
2020/10/14, 56, 13, 34, 
2020/10/15, 49, 13, 27, 
2020/10/16, 59, 11, 27, 
2020/10/18, 29, 9, 30, 
2020/10/19, 38, 11, 33, 
2020/10/20, 42, 12, 26, 
2020/10/21, 46, 11, 22, 
2020/10/22, 40, 10, 24, 
2020/10/23, 34, 13, 25, 
2020/10/24, 46, 12, 25, 
2020/10/25, 43, 7, 21, 
2020/10/26, 35, 7, 9, 
2020/10/27, 33, 12, 18, 
2020/10/28, 59, 8, 19, 
2020/10/29, 37, 7, 26, 
2020/10/30, 26, 6, 22, 
2020/10/31, 19, 7, 22, 
2020/11/1, 31, 7, 31, 
2020/11/2, 31, 8, 26, 
2020/11/4, 45, 14, 29, 
2020/11/5, 59, 10, 32, 
2020/11/6, 45, 10, 27, 
2020/11/7, 41, 8, 23, 
2020/11/8, 35, 6, 22, 
2020/11/9, 22, 8, 24, 
2020/11/10, 26, 9, 15, 
2020/11/11, 32, 8, , 
2020/11/12, 30, 8, , 
2020/11/13, 32, 8, , 
2020/11/14, 34, 10, , 
2020/11/15, 55, 10, , 
2020/11/16, 53, 9, , 
2020/11/17, 36, 7, , 
2020/11/18, 30, 7, , 
2020/11/19, 30, 10, , 
2020/11/20, 52, 11, , 
2020/11/21, 47, 13, , 
2020/11/22, 65, 10, , 
2020/11/23, 58, 7, , 
2020/11/24, 34, 10, , 
2020/11/25, 55, 11, , 
2020/11/26, 49, 9, , 
2020/11/27, 41, 11, , 
2020/11/28, 44, 11, , 
2020/11/29, 54, 8, , 
2020/11/30, 49, 5, , 
2020/12/1, 18, 5, , 
2020/12/2, 21, 9, , 
2020/12/3, 40, 14, , 1
2020/12/4, 66, 11, , 
2020/12/5, 53, 10, , 
2020/12/6, 52, 11, , 
2020/12/7, 61, 7, , 
2020/12/8, 39, 10, , 
2020/12/9, 60, 9, , 
2020/12/10, 55, 15, , 
2020/12/11, 77, 20, , 
2020/12/16, 33, 4, , 
2020/12/17, 25, 6, , 
2020/12/18, 33, 9, , 
2020/12/19, 50, 11, , 
2020/12/20, 60, 7, , 
2020/12/21, 49, 7, , 
2020/12/22, 42, 7, , 
2020/12/23, 27, 10, , 
2020/12/24, 43, 6, , 
2020/12/25, 31, 4, , 
2020/12/26, 15, 7, , 
2020/12/27, 33, 12, , 
2020/12/28, 60, 12, , 
2020/12/29, 53, 12, , 
2020/12/30, 63, 12, , 
2020/12/31, 58, 11, , 
2021/1/1, 63, 11, , 
2021/1/2, 56, 7, , 
2021/1/3, 39, 6, , 
2021/1/4, 28, 7, , 
2020/7/2, 35, 13, 36, 1
2020/7/3, 45, 15, 42, 2
2020/7/4, 59, 27, 39, 1
2020/7/5, 76, 13, 28, 
2020/7/6, 51, 11, 19, 1
2020/7/7, 37, 6, 17, 3
2020/7/8, 26, 9, 21, 
2020/7/9, 29, 7, 22, 1
2020/7/10, 28, 10, 31, 
2020/7/11, 36, 11, 36, 
2020/7/12, 38, 12, 37, 1
2020/7/13, 42, 12, 40, 
2020/7/14, 43, 14, 48, 
2020/7/15, 48, 19, 48, 10
2020/7/16, 62, 13, 38, 
2020/7/17, 52, 13, 45, 2
2020/7/18, 53, 12, 36, 
2020/7/19, 53, 11, 30, 
2020/7/20, 44, 12, 29, 
2020/7/21, 39, 11, 25, 
2020/7/22, 38, 10, 25, 
2020/7/23, 25, 10, 22, 2
2020/7/24, 27, 10, 28, 4
2020/7/25, 30, 10, 20, 1
2020/7/26, 29, 13, 27, 6
2020/7/27, 39, 10, 31, 
2020/7/28, 35, 10, 28, 
2020/7/29, 36, 7, 22, 
2020/7/30, 22, 9, 20, 
2020/7/31, 30, 22, 23, 
2020/8/1, 59, 25, 22, 
2020/8/2, 64, 25, 21, 
2020/8/3, 62, 11, 20, 4
2020/8/4, 36, 9, 32, 
2020/8/5, 34, 13, 29, 3
2020/8/6, 44, 13, 33, 
2020/8/7, 43, 12, 26, 1
2020/8/8, 42, 14, 37, 1
2020/8/9, 52, 12, 36, 
2020/8/10, 53, 10, 38, 
2020/8/11, 44, 11, 38, 
2020/8/12, 46, 12, 41, 4
2020/8/13, 47, 12, 32, 3
2020/8/14, 46, 11, 30, 6
2020/8/15, 40, 9, 23, 
2020/8/16, 33, 14, 24, 
2020/8/17, 46, 8, 31, 
2020/8/18, 32, 13, 32, 4
2020/8/19, 49, 12, 43, 3
2020/8/20, 44, 11, 30, 2
2020/8/21, 44, 9, 22, 
2020/8/22, 35, 10, 23, 
2020/8/23, 34, 15, 17, 5
2020/8/24, 47, 13, 11, 
2020/8/25, 41, 9, 17, 
2020/8/26, 28, 17, 15, 
2020/8/27, 44, 19, 12, 
2020/8/28, 49, 11, 16, 
2020/8/29, 33, 9, 20, 
2020/8/30, 32, 12, 27, 
2020/8/31, 47, 9, 21, 
2020/9/1, 34, 10, 31, 
2020/9/2, 44, 16, 21, 
2020/9/3, 53, 36, 26, 
2020/9/4, 75, 32, 29, 
2020/9/5, 73, 16, 34, 1
2020/9/6, 49, 10, 34, 
2020/9/7, 36, 10, 39, 1
2020/9/8, 40, 12, 39, 6
2020/9/9, 48, 8, 22, 9
2020/9/10, 31, 7, 21, 1
2020/9/11, 29, 9, 22, 9
2020/9/12, 32, 9, 15, 9
2020/9/13, 36, 9, 21, 9
2020/9/14, 38, 10, 26, 3
2020/9/15, 34, 10, 33, 4
2020/9/16, 39, 9, 24, 
2020/9/17, 32, 2, 15, 
2020/9/18, 16, 7, 22, 
2020/9/19, 26, 11, 25, 
2020/9/20, 45, 7, 26, 
2020/9/21, 20, 8, 31, 
2020/9/22, 23, 9, 30, 
2020/9/23, 29, 11, 34, 
2020/9/24, 42, 12, 27, 
2020/9/25, 44, 9, 19, 
2020/9/26, 33, 7, 17, 
2020/9/27, 37, 8, 11, 
2020/9/28, 46, 10, 21, 
2020/9/29, 43, 6, 24, 
2020/9/30, 25, 9, 26, 
2020/10/1, 36, 14, 32, 
2020/4/2, 17, 6, 29, 
2020/4/3, 31, 11, 37, 
2020/4/4, 41, 14, 36, 3
2020/4/5, 57, 12, 35, 1
2020/4/6, 46, 11, 38, 
2020/4/7, 47, 13, 36, 
2020/4/8, 62, 11, 27, 
2020/4/9, 54, 9, 37, 
2020/4/10, 37, 10, 38, 
2020/4/11, 29, 11, 38, 5
2020/4/12, 40, 13, 25, 
2020/4/13, 48, 11, 36, 
2020/4/14, 35, 9, 32, 1
2020/4/15, 38, 8, 31, 1
2020/4/16, 33, 9, 37, 
2020/4/17, 38, 12, 37, 
2020/4/18, 51, 9, 36, 
2020/4/19, 38, 8, 23, 2
2020/4/20, 40, 5, 29, 
2020/4/21, 36, 9, 40, 
2020/4/22, 38, 11, 35, 1
2020/4/23, 27, 9, 20, 2
2020/4/24, 31, 7, 31, 
2020/4/25, 25, 9, 31, 1
2020/4/26, 37, 5, 34, 
2020/4/27, 18, 7, 34, 
2020/4/28, 24, 13, 38, 
2020/4/29, 50, 9, 35, 
2020/4/30, 27, 5, 32, 1
2020/5/1, 21, 10, 38, 
2020/5/2, 25, 14, 38, 3
2020/5/3, 34, 11, 40, 
2020/5/4, 50, 11, 35, 
2020/5/5, 41, 10, 35, 
2020/5/6, 54, 6, 39, 
2020/5/7, 25, 8, 38, 
2020/5/8, 25, 13, 37, 
2020/5/9, 49, 8, 35, 
2020/5/10, 32, 11, 37, 
2020/5/11, 52, 8, 36, 
2020/5/12, 33, 7, 37, 1
2020/5/13, 28, 14, 34, 8
2020/5/14, 51, 10, 35, 
2020/5/15, 39, 9, 32, 
2020/5/16, 29, 12, 29, 3
2020/5/17, 39, 10, 23, 4
2020/5/18, 40, 10, 27, 4
2020/5/19, 37, 8, 30, 
2020/5/20, 30, 4, 12, 
2020/5/21, 20, 6, 21, 
2020/5/22, 27, 13, 36, 9
2020/5/23, 50, 9, 35, 
2020/5/24, 31, 13, 36, 1
2020/5/25, 48, 12, 28, 6
2020/5/26, 47, 8, 23, 11
2020/5/27, 37, 6, 18, 
2020/5/28, 27, 7, 21, 
2020/5/29, 33, 8, 26, 
2020/5/30, 34, 10, 37, 
2020/5/31, 36, 11, 38, 2
2020/6/1, 46, 11, 38, 
2020/6/2, 48, 12, 37, 
2020/6/3, 49, 13, 35, 
2020/6/4, 46, 11, 29, 
2020/6/5, 43, 7, 31, 
2020/6/6, 31, 9, 31, 
2020/6/7, 37, 6, 21, 
2020/6/8, 25, 11, 24, 7
2020/6/9, 36, 11, 20, 
2020/6/10, 41, 10, 17, 
2020/6/11, 31, 13, 29, 1
2020/6/12, 37, 11, 39, 3
2020/6/13, 38, 13, 43, 2
2020/6/14, 50, 9, 40, 4
2020/6/15, 38, 7, 29, 
2020/6/16, 27, 3, 28, 
2020/6/17, 16, 6, 5, 
2020/6/18, 20, 12, 29, 
2020/6/19, 43, 10, 34, 
2020/6/20, 42, 11, 38, 
2020/6/21, 45, 14, 44, 
2020/6/22, 62, 10, 35, 
2020/6/23, 54, 7, 21, 
2020/6/24, 31, 9, 30, 
2020/6/25, 32, 9, 23, 
2020/6/26, 26, 32, 25, 
2020/6/27, 66, 67, 20, 
2020/6/28, 115, , , 
2020/6/29, 46, , , 
2020/6/30, 45, 12, 27, 
2020/7/1, 37, 11, 34, 
2020/1/2, 27, 12, , 
2020/1/3, 48, 9, , 
2020/1/4, 35, 5, , 
2020/1/5, 17, 5, , 
2020/1/6, 26, 10, , 
2020/1/7, 39, 11, , 
2020/1/8, 46, 9, , 
2020/1/9, 26, 12, , 
2020/1/10, 50, 12, , 
2020/1/11, 39, 11, , 
2020/1/12, 38, 8, , 
2020/1/13, 26, 10, , 
2020/1/14, 38, 6, , 
2020/1/15, 27, 8, , 
2020/1/16, 24, 6, , 
2020/1/17, 21, 6, , 
2020/1/18, 23, 9, , 
2020/1/19, 38, 4, , 
2020/1/20, 21, 6, , 
2020/1/21, 26, 7, , 
2020/1/22, 37, 7, , 
2020/1/23, 33, 9, , 
2020/1/24, 39, 7, , 
2020/1/25, 36, 4, , 
2020/1/26, 26, 4, , 
2020/1/27, 23, 6, , 
2020/1/28, 27, 8, , 
2020/1/29, 34, 13, , 
2020/1/30, 64, 9, , 
2020/1/31, 51, 6, , 
2020/2/1, 39, 5, , 
2020/2/2, 41, 5, , 
2020/2/3, 26, 12, , 
2020/2/4, 45, 14, , 2
2020/2/5, 59, 11, , 
2020/2/6, 49, 8, , 
2020/2/7, 34, 5, , 
2020/2/8, 14, 8, , 1
2020/2/9, 38, 6, , 
2020/2/10, 37, 12, , 1
2020/2/11, 48, 9, , 
2020/2/12, 34, 10, , 2
2020/2/13, 39, 6, , 
2020/2/14, 26, 6, , 
2020/2/15, 17, 7, , 
2020/2/16, 37, 9, , 
2020/2/17, 55, 10, , 
2020/2/18, 46, 8, , 
2020/2/19, 44, 4, , 
2020/2/20, 13, 4, , 
2020/2/21, 21, 6, , 
2020/2/22, 31, 8, , 
2020/2/23, 44, 12, , 
2020/2/24, 57, 11, , 
2020/2/25, 56, 6, , 
2020/2/26, 23, 6, , 
2020/2/27, 29, 4, , 
2020/2/28, 15, 6, 26, 
2020/2/29, 28, 8, 31, 
2020/3/1, 33, 11, 29, 
2020/3/2, 45, 14, 35, 
2020/3/3, 62, 9, 25, 
2020/3/4, 36, 10, 11, 
2020/3/5, 43, 4, 23, 
2020/3/6, 20, 7, 28, 
2020/3/7, 21, 7, 28, 
2020/3/8, 30, 11, 30, 
2020/3/9, 55, 12, 28, 
2020/3/10, 48, 12, 26, 
2020/3/11, 35, 10, 26, 
2020/3/12, 44, 12, 22, 
2020/3/13, 47, 13, 24, 
2020/3/14, 41, 18, 28, 1
2020/3/15, 51, 14, 24, 
2020/3/16, 52, 12, 34, 
2020/3/17, 60, 14, 28, 
2020/3/18, 58, 18, 23, 2
2020/3/19, 75, 11, 24, 
2020/3/20, 46, 12, 25, 
2020/3/21, 42, 11, 28, 
2020/3/22, 40, 8, 16, 6
2020/3/23, 38, 7, 12, 
2020/3/24, 44, 8, 3, 5
2020/3/25, 42, 10, 25, 
2020/3/26, 34, 6, 27, 6
2020/3/27, 36, 16, 32, 
2020/3/28, 57, 18, 25, 
2020/3/29, 68, 23, 16, 
2020/3/30, 82, , , 
2019/10/2, 63, 20, 52, 
2019/10/3, 66, 21, 61, 1
2019/10/4, 69, 23, 61, 2
2019/10/5, 70, 14, 28, 5
2019/10/6, 42, 11, 33, 4
2019/10/7, 30, 10, 34, 3
2019/10/8, 27, 8, 31, 
2019/10/9, 28, 7, 31, 
2019/10/10, 25, 10, 38, 1
2019/10/11, 37, 12, 38, 2
2019/10/12, 37, 15, 36, 
2019/10/13, 46, 12, 32, 
2019/10/14, 42, 9, 33, 
2019/10/15, 38, 13, 22, 8
2019/10/16, 53, 6, 32, 
2019/10/17, 28, 9, 31, 
2019/10/18, 35, 10, 33, 
2019/10/19, 39, 6, 23, 2
2019/10/20, 32, 6, 24, 
2019/10/21, 20, 9, 22, 3
2019/10/22, 49, 7, 33, 
2019/10/23, 24, 9, 32, 
2019/10/24, 21, 11, 34, 2
2019/10/25, 33, 11, 31, 2
2019/10/26, 32, 8, 25, 
2019/10/27, 27, 9, 27, 
2019/10/28, 32, 14, 39, 
2019/10/29, 46, 16, 20, 4
2019/10/30, 56, 14, 15, 6
2019/10/31, 52, 7, 19, 
2019/11/1, 28, 6, 25, 1
2019/11/2, 24, 8, 29, 
2019/11/3, 37, 8, 32, 1
2019/11/4, 33, 11, 25, 1
2019/11/5, 49, 12, 9, 4
2019/11/6, 52, 13, , 2
2019/11/7, 58, 18, , 11
2019/11/8, 61, 6, , 
2019/11/9, 26, 8, , 
2019/11/10, 37, 14, , 
2019/11/11, 66, 14, , 
2019/11/12, 58, 13, , 
2019/11/13, 59, 6, , 1
2019/11/14, 28, 8, , 
2019/11/15, 35, 6, , 
2019/11/16, 41, 7, , 
2019/11/17, 32, 7, , 
2019/11/18, 28, 11, , 7
2019/11/19, 47, 11, , 
2019/11/20, 57, 10, , 
2019/11/21, 50, 11, , 
2019/11/22, 51, 18, , 
2019/11/23, 71, 12, , 
2019/11/24, 55, 5, , 
2019/11/25, 22, 11, , 
2019/11/26, 45, 16, , 
2019/11/27, 69, 11, , 
2019/11/28, 52, 8, , 
2019/11/29, 32, 10, , 5
2019/11/30, 46, 13, , 
2019/12/1, 53, 7, , 
2019/12/2, 30, 3, , 
2019/12/3, 12, 10, , 
2019/12/4, 48, 8, , 
2019/12/5, 37, 10, , 
2019/12/6, 29, 22, , 
2019/12/7, 78, 17, , 
2019/12/8, 75, 7, , 
2019/12/9, 43, 12, , 
2019/12/10, 49, 10, , 
2019/12/11, 44, 5, , 
2019/12/12, 16, 6, , 
2019/12/13, 31, 3, , 
2019/12/14, 22, 5, , 
2019/12/15, 23, 11, , 
2019/12/16, 57, 11, , 
2019/12/17, 57, 5, , 
2019/12/18, 30, 5, , 
2019/12/19, 21, 9, , 
2019/12/20, 42, 11, , 
2019/12/21, 51, 10, , 
2019/12/22, 55, 6, , 
2019/12/23, 40, 2, , 
2019/12/24, 7, 6, , 
2019/12/25, 18, 10, , 
2019/12/26, 40, 13, , 
2019/12/27, 57, 10, , 
2019/12/28, 49, 9, , 
2019/12/29, 37, 6, , 
2019/12/30, 27, , , 
2019/7/2, 49, 18, 42, 1
2019/7/3, 54, 16, 39, 1
2019/7/4, 50, 19, 35, 4
2019/7/5, 55, 13, 33, 1
2019/7/6, 42, 11, 31, 1
2019/7/7, 38, 20, 28, 2
2019/7/8, 48, 17, 39, 1
2019/7/9, 45, 17, 33, 5
2019/7/10, 49, 14, 25, 3
2019/7/11, 40, 14, 20, 1
2019/7/12, 36, 14, 23, 
2019/7/13, 38, 11, 20, 1
2019/7/14, 30, 17, 22, 
2019/7/15, 42, 13, 36, 1
2019/7/16, 36, 26, 34, 1
2019/7/17, 62, , 5, 
2019/7/18, 61, , , 
2019/7/19, 40, , , 
2019/7/20, 40, , , 
2019/7/21, 34, , , 
2019/7/22, 28, , , 
2019/7/23, 27, , , 
2019/7/24, 23, , , 
2019/7/25, 37, , , 
2019/7/27, 49, , , 
2019/7/28, 47, , , 
2019/7/29, 54, 14, 37, 1
2019/7/30, 61, 18, 51, 1
2019/7/31, 52, 17, 40, 1
2019/8/1, 55, 17, 40, 5
2019/8/2, 59, 13, 31, 12
2019/8/3, 44, 11, 34, 3
2019/8/4, 45, 7, 30, 3
2019/8/5, 24, 11, 43, 2
2019/8/6, 35, 11, 35, 
2019/8/7, 36, 13, 36, 1
2019/8/8, 45, 13, 41, 1
2019/8/9, 44, 13, 40, 1
2019/8/10, 44, 15, 40, 4
2019/8/11, 45, 17, 37, 4
2019/8/12, 51, 16, 37, 5
2019/8/13, 52, 16, 36, 1
2019/8/14, 51, 9, 43, 2
2019/8/15, 30, 11, 35, 1
2019/8/16, 32, 12, 41, 1
2019/8/17, 40, 13, 38, 8
2019/8/18, 42, 10, 26, 5
2019/8/19, 33, 9, 26, 
2019/8/20, 23, 12, 23, 2
2019/8/21, 25, 22, 24, 
2019/8/22, 47, 14, 25, 
2019/8/23, 33, 10, 31, 24
2019/8/24, 26, 11, 22, 5
2019/8/25, 35, 9, 26, 19
2019/8/26, 29, 11, 26, 9
2019/8/27, 31, 11, 21, 2
2019/8/28, 29, 12, 21, 2
2019/9/2, 25, , , 
2019/9/3, 21, , , 
2019/9/4, 26, 10, 23, 
2019/9/5, 23, 10, 25, 
2019/9/6, 24, 15, 41, 
2019/9/7, 44, 17, 51, 4
2019/9/8, 51, 17, 49, 5
2019/9/9, 55, 24, 56, 3
2019/9/10, 67, 19, 39, 1
2019/9/11, 59, 20, 44, 9
2019/9/12, 62, 21, 54, 2
2019/9/13, 62, 18, 43, 9
2019/9/14, 55, 12, 36, 7
2019/9/15, 46, 13, 35, 
2019/9/16, 46, 14, 42, 
2019/9/17, 47, 18, 55, 3
2019/9/18, 52, 14, 29, 12
2019/9/19, 43, 11, 41, 11
2019/9/20, 30, 13, 37, 3
2019/9/21, 33, 16, 36, 3
2019/9/22, 43, 14, 38, 2
2019/9/23, 43, 16, 45, 1
2019/9/24, 46, 16, 45, 2
2019/9/25, 50, 20, 55, 5
2019/9/26, 57, 22, 49, 1
2019/9/27, 67, 20, 42, 7
2019/9/28, 60, 11, 37, 
2019/9/29, 39, 13, 39, 
2019/9/30, 42, 18, 38, 2
2019/10/1, 56, 18, 42, 2
2019/4/2, 19, 9, 34, 1
2019/4/3, 32, 12, 44, 1
2019/4/4, 43, 15, 45, 
2019/4/5, 53, 10, 30, 
2019/4/6, 39, 10, 25, 6
2019/4/7, 49, 10, 32, 
2019/4/8, 40, 10, 23, 
2019/4/9, 33, 9, 31, 3
2019/4/10, 24, 14, 43, 
2019/4/11, 34, 14, 34, 
2019/4/12, 35, 11, 31, 
2019/4/13, 31, 10, 26, 
2019/4/14, 32, 9, 28, 
2019/4/15, 29, 7, 39, 
2019/4/16, 16, 10, 42, 2
2019/4/17, 27, 14, 40, 
2019/4/18, 41, 14, 35, 
2019/4/19, 32, 10, 29, 
2019/4/20, 27, 6, 25, 
2019/4/21, 18, 7, 32, 
2019/4/22, 21, 11, 42, 5
2019/4/23, 36, 14, 41, 
2019/4/24, 44, 15, 42, 
2019/4/25, 50, 16, 40, 
2019/4/26, 47, 13, 40, 
2019/4/27, 37, 13, 46, 
2019/4/28, 38, 15, 45, 
2019/4/29, 47, 20, 51, 2
2019/4/30, 53, 16, 37, 
2019/5/1, 42, 14, 25, 
2019/5/2, 42, 16, 35, 4
2019/5/3, 47, 12, 26, 7
2019/5/4, 33, 11, 26, 3
2019/5/5, 27, 7, 31, 
2019/5/6, 19, 10, 39, 4
2019/5/7, 24, 11, 38, 
2019/5/8, 27, 14, 33, 
2019/5/9, 30, 12, 37, 
2019/5/10, 28, 14, 28, 1
2019/5/11, 30, 11, 27, 
2019/5/12, 30, 9, 27, 
2019/5/13, 28, 9, 35, 
2019/5/14, 24, 9, 36, 
2019/5/15, 25, 13, 41, 1
2019/5/16, 44, 13, 45, 
2019/5/17, 43, 18, 43, 
2019/5/18, 55, 19, 46, 
2019/5/19, 60, 13, 39, 
2019/5/20, 42, 14, 39, 
2019/5/21, 44, 17, 46, 
2019/5/22, 46, 21, 40, 
2019/5/23, 50, 15, 34, 
2019/5/24, 40, 19, 42, 
2019/5/25, 48, 20, 45, 
2019/5/26, 61, 19, 38, 1
2019/5/27, 63, 17, 38, 
2019/5/28, 58, 22, 39, 1
2019/5/29, 60, 20, 38, 8
2019/5/30, 61, 18, 41, 
2019/5/31, 54, 16, 40, 
2019/6/1, 46, 15, 50, 
2019/6/2, 46, 20, 50, 1
2019/6/3, 65, 18, 50, 5
2019/6/4, 58, 21, 46, 5
2019/6/5, 63, 16, 36, 
2019/6/6, 49, 15, 29, 
2019/6/7, 48, 10, 28, 
2019/6/8, 30, 9, 29, 1
2019/6/9, 27, 8, 23, 2
2019/6/10, 22, 10, 24, 
2019/6/11, 28, 12, 35, 2
2019/6/12, 32, 8, 29, 3
2019/6/13, 26, 9, 42, 
2019/6/14, 27, 13, 46, 1
2019/6/15, 36, 15, 44, 1
2019/6/16, 47, 14, 34, 1
2019/6/17, 47, 9, 24, 1
2019/6/18, 28, 9, 27, 1
2019/6/19, 20, 8, 22, 
2019/6/20, 21, 9, 35, 
2019/6/21, 29, 11, 43, 1
2019/6/22, 33, 11, 33, 1
2019/6/23, 28, 11, 28, 
2019/6/24, 27, 27, 20, 1
2019/6/25, 47, 14, 38, 1
2019/6/26, 29, 14, 39, 1
2019/6/27, 39, 17, 50, 4
2019/6/28, 49, 15, 42, 6
2019/6/29, 44, 11, 32, 4
2019/6/30, 32, 11, 32, 1
2019/7/1, 35, 15, 39, 1
2019/1/2, 30, 12, , 
2019/1/3, 32, 10, , 
2019/1/4, 39, 5, , 
2019/1/5, 25, 5, , 
2019/1/6, 11, 11, , 
2019/1/7, 32, 14, , 
2019/1/8, 45, 14, , 
2019/1/9, 50, 5, , 
2019/1/10, 13, 10, , 
2019/1/11, 32, 11, , 
2019/1/12, 45, 10, , 
2019/1/13, 48, 5, , 
2019/1/14, 30, 5, , 
2019/1/15, 33, 8, , 
2019/1/16, 38, 9, , 
2019/1/17, 53, 11, , 
2019/1/18, 51, 12, , 
2019/1/19, 52, 10, , 
2019/1/20, 47, 5, , 
2019/1/21, 14, 7, , 
2019/1/22, 24, 7, , 
2019/1/23, 21, 10, , 
2019/1/24, 30, 4, , 
2019/1/25, 13, 8, , 
2019/1/26, 31, 9, , 
2019/1/27, 38, 14, , 
2019/1/28, 61, 17, , 
2019/1/29, 68, 9, , 
2019/1/30, 39, 7, , 
2019/1/31, 28, 14, , 
2019/2/1, 43, 21, , 
2019/2/2, 71, 20, , 
2019/2/3, 71, 12, , 
2019/2/4, 51, 10, , 
2019/2/5, 43, 16, , 
2019/2/6, 49, 17, , 
2019/2/7, 60, 16, , 
2019/2/8, 51, 11, , 
2019/2/9, 35, 7, , 2
2019/2/10, 25, 8, , 
2019/2/11, 29, 17, , 3
2019/2/12, 67, 6, , 
2019/2/13, 29, 5, , 
2019/2/14, 12, 13, , 5
2019/2/15, 38, 15, , 
2019/2/16, 55, 11, , 
2019/2/17, 40, 9, , 11
2019/2/18, 45, 5, , 
2019/2/19, 13, 7, , 2
2019/2/20, 28, 6, 17, 4
2019/2/21, 38, 11, 9, 1
2019/2/22, 44, 11, 21, 
2019/2/23, 43, 3, 17, 3
2019/2/24, 21, 8, 36, 
2019/2/25, 22, 10, 35, 
2019/2/26, 20, 18, 35, 
2019/2/27, 48, 22, 3, 
2019/2/28, 61, , , 
2019/3/1, 61, 10, 16, 
2019/3/2, 39, 10, 21, 
2019/3/3, 33, 12, 17, 1
2019/3/4, 44, 6, 24, 3
2019/3/5, 22, 7, 22, 
2019/3/6, 25, 9, , 
2019/3/7, 23, 12, 31, 
2019/3/8, 37, 21, 36, 
2019/3/9, 75, 17, 31, 6
2019/3/10, 65, 14, 25, 
2019/3/11, 46, 11, 23, 2
2019/3/12, 38, 10, 39, 1
2019/3/13, 29, 16, 41, 1
2019/3/14, 48, 17, 36, 
2019/3/15, 45, 16, 28, 
2019/3/16, 34, 11, 32, 
2019/3/17, 43, 11, 37, 
2019/3/18, 41, 13, 41, 
2019/3/19, 46, 12, 42, 
2019/3/20, 35, 13, 43, 14
2019/3/21, 48, 21, 52, 
2019/3/22, 74, 11, 42, 
2019/3/23, 38, 16, 51, 2
2019/3/24, 55, 19, 43, 
2019/3/25, 62, 15, 45, 
2019/3/26, 49, 12, 36, 1
2019/3/27, 52, 9, 39, 
2019/3/28, 28, 11, 41, 1
2019/3/29, 33, 21, 42, 
2019/3/30, 70, 18, 37, 
2019/3/31, 54, 8, 36, 
2019/4/1, 22, 9, 39, 2
2018/10/2, 35, 18, 29, 1
2018/10/3, 40, 22, 40, 
2018/10/4, 49, 21, 36, 
2018/10/5, 53, 24, 50, 
2018/10/6, 62, 19, 32, 2
2018/10/7, 55, 16, 30, 15
2018/10/8, 52, 12, 22, 7
2018/10/9, 37, 12, 23, 9
2018/10/10, 29, 8, 13, 
2018/10/11, 22, 6, 23, 
2018/10/12, 26, 10, 27, 
2018/10/13, 31, 10, 30, 
2018/10/14, 29, 15, 32, 6
2018/10/15, 45, 14, 28, 
2018/10/16, 39, 14, 29, 
2018/10/17, 47, 9, 21, 
2018/10/18, 31, 9, 33, 7
2018/10/19, 24, 14, 28, 7
2018/10/20, 40, 12, 22, 
2018/10/21, 40, 9, 27, 
2018/10/22, 21, 8, 27, 
2018/10/23, 27, 13, 25, 
2018/10/24, 39, 15, 36, 10
2018/10/25, 40, 11, 23, 6
2018/10/26, 40, 4, 14, 5
2018/10/27, 19, 5, 22, 
2018/10/28, 19, 10, 28, 
2018/10/29, 35, 10, 29, 
2018/10/30, 28, 10, 30, 4
2018/10/31, 33, 16, 32, 
2018/11/1, 53, 10, 27, 
2018/11/2, 32, 6, 13, 
2018/11/3, 21, 8, , 
2018/11/4, 29, 9, , 6
2018/11/5, 35, 12, , 3
2018/11/6, 41, 11, , 5
2018/11/7, 30, 12, , 3
2018/11/8, 29, 10, , 6
2018/11/9, 34, 8, , 7
2018/11/10, 35, 8, , 
2018/11/11, 32, 7, , 3
2018/11/12, 31, 10, , 
2018/11/13, 38, 6, , 2
2018/11/14, 29, 6, , 2
2018/11/15, 33, 3, , 
2018/11/16, 17, 9, , 
2018/11/17, 37, 15, , 
2018/11/18, 60, 15, , 
2018/11/19, 56, 15, , 
2018/11/20, 55, 13, , 
2018/11/21, 54, 8, , 
2018/11/22, 34, 11, , 
2018/11/23, 47, 8, , 
2018/11/24, 39, 6, , 
2018/11/25, 30, 10, , 
2018/11/26, 58, 7, , 
2018/11/27, 32, 6, , 
2018/11/28, 25, 8, , 
2018/11/29, 34, 15, , 
2018/11/30, 13, 20, , 
2018/12/1, 56, 11, , 
2018/12/2, 51, 7, , 
2018/12/3, 22, 12, , 
2018/12/4, 35, 7, , 
2018/12/5, 23, 6, , 
2018/12/6, 23, 9, , 
2018/12/7, 36, 15, , 
2018/12/8, 60, 8, , 
2018/12/9, 48, 3, , 
2018/12/10, 11, 3, , 
2018/12/11, 14, 7, , 
2018/12/12, 23, 10, , 
2018/12/13, 34, 14, , 
2018/12/14, 58, 5, , 
2018/12/15, 30, 6, , 
2018/12/16, 24, 6, , 
2018/12/17, 24, 9, , 
2018/12/18, 28, 13, , 
2018/12/19, 37, 15, , 
2018/12/20, 51, 8, , 
2018/12/21, 38, 5, , 
2018/12/22, 12, 8, , 
2018/12/23, 30, 10, , 
2018/12/24, 40, 9, , 
2018/12/25, 34, 13, , 
2018/12/26, 51, 12, , 
2018/12/27, 48, 12, , 
2018/12/28, 38, 12, , 
2018/12/29, 35, 12, , 
2018/12/30, 31, 11, , 
2018/12/31, 36, , , 
2018/7/2, 24, 13, 29, 1
2018/7/3, 28, 16, 29, 
2018/7/4, 34, 19, 21, 7
2018/7/5, 42, 14, 22, 1
2018/7/6, 32, 13, 29, 
2018/7/7, 33, 9, 32, 3
2018/7/8, 27, 12, 33, 1
2018/7/9, 31, 13, 37, 
2018/7/10, 31, 16, 42, 
2018/7/11, 48, 23, 52, 4
2018/7/12, 60, 19, 39, 
2018/7/13, 55, 17, 37, 2
2018/7/14, 52, 14, 37, 8
2018/7/15, 50, 14, 31, 1
2018/7/16, 42, 13, 26, 1
2018/7/17, 35, 13, 31, 
2018/7/18, 35, 14, 34, 
2018/7/19, 35, 13, 33, 5
2018/7/20, 35, 13, 31, 6
2018/7/21, 33, 11, 31, 
2018/7/22, 29, 11, 38, 
2018/7/23, 30, 11, 39, 2
2018/7/24, 34, 12, 37, 1
2018/7/25, 32, 14, 40, 6
2018/7/26, 39, 14, 40, 2
2018/7/27, 40, 14, 44, 
2018/7/28, 39, 17, 38, 
2018/7/29, 51, 13, 27, 
2018/7/30, 42, 13, 31, 1
2018/7/31, 38, 10, 24, 
2018/8/1, 29, 12, 16, 
2018/8/2, 26, 11, 17, 
2018/8/3, 25, 10, 19, 
2018/8/4, 21, 13, 23, 
2018/8/5, 24, 15, 22, 
2018/8/6, 30, 15, 20, 
2018/8/7, 32, 15, 27, 
2018/8/8, 32, 14, 30, 
2018/8/9, 34, 10, 29, 
2018/8/10, 26, 11, 28, 
2018/8/11, 29, 13, 27, 
2018/8/12, 34, 15, 32, 1
2018/8/13, 38, 18, 31, 
2018/8/14, 51, 19, 35, 
2018/8/15, 53, 18, 42, 
2018/8/16, 51, 14, 26, 
2018/8/17, 42, 10, 20, 
2018/8/18, 27, 8, 20, 
2018/8/19, 20, 10, 25, 
2018/8/20, 27, 10, 25, 
2018/8/21, 25, 10, 17, 
2018/8/22, 25, 10, 32, 
2018/8/23, 31, 18, 39, 
2018/8/24, 57, 19, 42, 2
2018/8/25, 58, 19, 38, 1
2018/8/26, 56, 16, 34, 
2018/8/27, 52, 18, 38, 
2018/8/28, 47, 14, 35, 
2018/8/29, 41, 10, 25, 
2018/8/30, 27, 8, 32, 
2018/8/31, 20, 11, 31, 
2018/9/1, 24, 11, 18, 
2018/9/2, 28, 9, 17, 
2018/9/3, 22, 10, 19, 3
2018/9/4, 26, 11, 22, 2
2018/9/5, 28, 13, 25, 2
2018/9/6, 30, 12, 24, 1
2018/9/7, 28, 15, 31, 5
2018/9/8, 40, 12, 24, 2
2018/9/13, 30, 8, 22, 
2018/9/14, 23, 8, 17, 
2018/9/15, 17, 5, 13, 
2018/9/16, 9, 5, 9, 
2018/9/17, 9, 12, 20, 
2018/9/18, 23, 11, 26, 
2018/9/19, 24, 17, 37, 
2018/9/20, 39, 19, 35, 
2018/9/21, 51, 17, 35, 
2018/9/22, 47, 18, 38, 3
2018/9/23, 51, 15, 32, 3
2018/9/24, 44, 13, 23, 7
2018/9/25, 36, 15, 25, 3
2018/9/26, 47, 13, 23, 
2018/9/27, 38, 10, 20, 
2018/9/28, 27, 13, 18, 
2018/9/29, 29, 15, 18, 
2018/9/30, 33, 15, 25, 3
2018/10/1, 39, 15, 34, 1
2018/4/2, 45, 20, 39, 
2018/4/3, 53, 19, 29, 
2018/4/4, 57, 10, 35, 
2018/4/5, 36, 8, 19, 
2018/4/6, 37, , , 
2018/4/7, 54, , , 
2018/4/8, 48, , , 
2018/4/9, 27, , 24, 
2018/4/10, 31, 13, 35, 
2018/4/11, 49, 15, 37, 
2018/4/12, 59, 18, 42, 
2018/4/13, 61, 18, 40, 
2018/4/14, 50, 16, 39, 
2018/4/15, 43, 9, 25, 
2018/4/16, 28, 6, 32, 
2018/4/17, 19, 12, 44, 
2018/4/18, 28, 15, 43, 
2018/4/19, 32, 14, 46, 
2018/4/20, 33, 10, 46, 
2018/4/21, 27, 13, 47, 3
2018/4/22, 39, 10, 37, 3
2018/4/23, 25, 5, 33, 5
2018/4/24, 15, 9, 33, 
2018/4/25, 30, 7, 32, 
2018/4/26, 23, 8, 28, 5
2018/4/27, 26, 9, 28, 
2018/4/28, 39, 14, 45, 
2018/4/29, 44, 10, 39, 
2018/4/30, 30, 17, 52, 6
2018/5/1, 48, 18, 44, 
2018/5/2, 53, 15, 43, 
2018/5/3, 42, 15, 41, 
2018/5/4, 41, 17, 38, 
2018/5/5, 47, 17, 33, 
2018/5/6, 48, 9, 39, 
2018/5/7, 30, 16, 44, 
2018/5/8, 44, 13, 43, 4
2018/5/9, 44, 19, 52, 3
2018/5/10, 55, 20, 45, 
2018/5/11, 58, 19, 48, 
2018/5/12, 60, 21, 47, 3
2018/5/13, 65, 19, 50, 
2018/5/14, 65, 17, 37, 1
2018/5/15, 44, 6, 19, 2
2018/5/16, 19, 8, 22, 
2018/5/17, 24, 8, 17, 4
2018/5/18, 24, 9, 28, 
2018/5/19, 28, 12, 29, 
2018/5/20, 35, 11, 21, 1
2018/5/21, 29, 15, 24, 3
2018/5/22, 30, 11, 27, 1
2018/5/23, 29, 11, 21, 
2018/5/24, 27, 11, 25, 5
2018/5/25, 34, 10, 13, 2
2018/5/26, 27, 13, 20, 
2018/5/27, 32, 12, 15, 6
2018/5/28, 28, 8, 17, 7
2018/5/29, 19, 12, 20, 
2018/5/30, 25, 47, 16, 
2018/5/31, 25, 44, 24, 
2018/6/1, 34, 11, 31, 
2018/6/2, 30, 11, 31, 
2018/6/3, 31, 14, 35, 
2018/6/4, 42, 15, 43, 
2018/6/5, 42, 18, 44, 1
2018/6/6, 44, 19, 79, 
2018/6/7, 48, 24, 52, 10
2018/6/8, 59, 18, 43, 1
2018/6/9, 52, 14, 34, 3
2018/6/10, 42, 17, 41, 3
2018/6/11, 58, 14, 35, 
2018/6/12, 57, 11, 27, 8
2018/6/14, 42, 12, 29, 
2018/6/15, 35, 12, 37, 
2018/6/16, 32, 16, 36, 
2018/6/17, 42, 10, 32, 
2018/6/18, 31, 13, 31, 
2018/6/19, 32, 16, 41, 
2018/6/20, 43, 21, 39, 2
2018/6/21, 53, 31, 28, 
2018/6/22, 56, 15, 33, 
2018/6/23, 38, 17, 24, 
2018/6/24, 39, 18, 26, 
2018/6/25, 45, 13, 23, 
2018/6/26, 34, 10, 34, 1
2018/6/27, 30, 10, 30, 
2018/6/28, 24, 8, 36, 
2018/6/29, 21, 13, 37, 1
2018/6/30, 31, 13, 33, 1
2018/7/1, 31, 11, 27, 1
2018/1/2, 37, 7, , 
2018/1/3, 35, 9, , 
2018/1/4, 41, 9, , 
2018/1/5, 41, 9, , 
2018/1/6, 44, 11, , 
2018/1/7, 47, 9, , 
2018/1/8, 47, 12, , 
2018/1/9, 38, 12, , 
2018/1/10, 40, 9, , 
2018/1/11, 37, 9, , 4
2018/1/12, 37, 8, , 
2018/1/24, 19, 7, , 
2018/1/25, 33, 11, , 1
2018/1/26, 34, 16, , 8
2018/1/27, 55, 17, , 3
2018/1/28, 50, 8, , 
2018/1/29, 39, 5, , 
2018/1/30, 14, 7, , 
2018/1/31, 23, 11, , 
2018/2/1, 42, 16, , 
2018/2/2, 51, 7, , 
2018/2/3, 21, 7, , 3
2018/2/4, 31, 7, , 8
2018/2/5, 26, 11, , 
2018/2/6, 41, 19, , 1
2018/2/7, 64, 8, , 
2018/2/8, 28, 7, , 
2018/2/9, 20, 11, , 3
2018/2/10, 47, 10, , 
2018/2/11, 46, 8, , 
2018/2/12, 24, 9, , 
2018/2/13, 22, 8, , 1
2018/2/14, 32, 12, , 1
2018/2/15, 48, 10, , 
2018/2/16, 36, 11, , 
2018/2/17, 35, 12, , 
2018/2/18, 42, 9, , 1
2018/2/19, 37, 21, , 4
2018/2/20, 53, 13, , 
2018/2/21, 47, 16, , 
2018/2/22, 42, 19, , 
2018/2/23, 52, 16, , 
2018/2/24, 51, 16, , 
2018/2/25, 52, 13, , 
2018/2/26, 36, 7, , 
2018/2/27, 19, 7, , 2
2018/2/28, 21, 13, , 5
2018/3/1, 50, 11, , 
2018/3/2, 32, 7, 33, 
2018/3/3, 16, 6, 34, 
2018/3/4, 17, 20, 39, 
2018/3/5, 67, 33, 32, 1
2018/3/6, 125, 18, 24, 
2018/3/7, 83, 10, 29, 
2018/3/8, 27, 7, 34, 
2018/3/9, 30, 16, 38, 
2018/3/10, 56, 25, 40, 
2018/3/11, 101, 25, 25, 1
2018/3/12, 106, 9, 17, 
2018/3/13, 43, 8, 36, 
2018/3/14, 33, 8, 38, 
2018/3/15, 28, 17, 45, 
2018/3/16, 58, 26, 50, 
2018/3/17, 90, 30, 25, 
2018/3/18, 111, 13, 36, 
2018/3/19, 47, 11, 25, 4
2018/3/20, 49, 12, 36, 
2018/3/21, 30, 8, 34, 
2018/3/22, 21, 7, 38, 
2018/3/23, 22, 12, 40, 
2018/3/24, 40, 16, 41, 1
2018/3/25, 61, 7, 32, 
2018/3/26, 29, 13, 33, 4
2018/3/27, 41, 14, 30, 8
2018/3/28, 39, 19, 35, 
2018/3/29, 60, 17, 35, 
2018/3/30, 41, 7, 31, 
2018/3/31, 26, 7, 38, 
2018/4/1, 24, 13, 39, 
2017/10/2, 20, , 31, 
2017/10/3, 26, , 33, 
2017/10/4, 26, , 24, 
2017/10/5, 27, , 33, 
2017/10/6, 31, , 25, 
2017/10/7, 28, , 17, 
2017/10/8, 29, , 12, 
2017/10/9, 30, , 14, 
2017/10/10, 32, , 13, 
2017/10/11, 33, , 19, 
2017/10/12, 28, , 39, 
2017/10/14, 37, , 20, 
2017/10/15, 47, , 27, 
2017/10/16, 58, , 23, 
2017/10/17, 28, , 29, 
2017/10/18, 22, , 34, 
2017/10/19, 29, , 34, 
2017/10/20, 35, , 37, 
2017/10/21, 43, , 32, 
2017/10/22, 45, , 26, 
2017/10/23, 25, , 19, 
2017/10/24, 36, , 30, 
2017/10/25, 18, , 28, 
2017/10/26, 18, , 29, 
2017/10/27, 30, , 33, 
2017/10/28, 46, , 34, 
2017/10/29, 39, , 18, 
2017/10/30, 19, , 27, 
2017/10/31, 25, , 37, 
2017/11/1, 39, , 33, 
2017/11/2, 51, , 35, 
2017/11/3, 41, , 30, 
2017/11/4, 51, , 29, 
2017/11/5, 56, , 22, 
2017/11/6, 61, , 24, 
2017/11/7, 55, , 23, 
2017/11/8, 64, , 7, 
2017/11/9, 46, , 4, 
2017/11/10, 17, , 26, 
2017/11/11, 30, , 26, 
2017/11/12, 34, , 25, 
2017/11/13, 30, , 12, 
2017/11/14, 39, , , 
2017/11/15, 42, , , 
2017/11/16, 51, , , 
2017/11/17, 61, , , 
2017/11/18, 47, , , 
2017/11/19, 50, , , 
2017/11/20, 19, , , 
2017/11/21, 40, , , 
2017/11/22, 50, , , 
2017/11/26, 55, , , 
2017/11/27, 48, , , 
2017/11/28, 42, , , 
2017/11/29, 47, , , 
2017/11/30, 51, , , 
2017/12/1, 74, , , 
2017/12/2, 66, , , 
2017/12/3, 77, , , 
2017/12/4, 80, , , 
2017/12/5, 72, , , 
2017/12/6, 52, , , 
2017/12/7, 32, , , 
2017/12/8, 32, , , 
2017/12/9, 25, , , 
2017/12/10, 24, , , 
2017/12/11, 40, , , 
2017/12/12, 39, , , 
2017/12/13, 31, , , 
2017/12/14, 42, 21, , 
2017/12/15, 59, 18, , 
2017/12/16, 63, 14, , 
2017/12/17, 67, 24, , 
2017/12/18, 100, 15, , 
2017/12/19, 64, 11, , 
2017/12/20, 47, 6, , 
2017/12/21, 30, 8, , 
2017/12/22, 30, 11, , 
2017/12/23, 48, 9, , 
2017/12/24, 42, 7, , 
2017/12/25, 28, 5, , 
2017/12/26, 21, 5, , 
2017/12/27, 24, 8, , 
2017/12/28, 33, 8, , 
2017/12/29, 42, 12, , 
2017/12/30, 58, 16, , 
2017/12/31, 71, 9, , 
2018/1/1, 50, 8, , 
2017/7/2, 24, , 30, 
2017/7/3, 26, , 20, 
2017/7/4, 37, , 21, 
2017/7/5, 58, , 19, 
2017/7/6, 80, , 20, 
2017/7/7, 44, , 24, 
2017/7/8, 27, , 29, 
2017/7/9, 23, , 37, 
2017/7/10, 24, , 32, 
2017/7/11, 25, , 27, 
2017/7/12, 23, , 25, 
2017/7/13, 19, , 23, 
2017/7/14, 27, , 21, 
2017/7/15, 22, , 25, 
2017/7/16, 22, , 22, 
2017/7/17, 18, , 23, 
2017/7/18, 16, , 35, 
2017/7/19, 21, , 34, 1
2017/7/20, 29, , 45, 
2017/7/21, 33, , 45, 1
2017/7/22, 47, , 33, 
2017/7/23, 40, , 31, 
2017/7/24, 43, , 24, 
2017/7/25, 21, , 46, 
2017/7/26, 30, , 30, 
2017/7/27, 40, , 38, 
2017/7/28, 47, , 24, 
2017/7/29, 53, , 33, 
2017/7/30, 38, , 31, 
2017/7/31, 21, , 34, 
2017/8/1, 27, , 40, 1
2017/8/2, 37, , 37, 1
2017/8/3, 45, , 30, 1
2017/8/4, 40, , 24, 
2017/8/5, 15, , 27, 
2017/8/6, 27, , 25, 1
2017/8/7, 31, , 16, 
2017/8/8, 40, , 19, 
2017/8/9, 24, , 19, 
2017/8/10, 16, , 20, 
2017/8/11, 32, , 19, 
2017/8/16, 30, , 28, 
2017/8/17, 29, , 29, 
2017/8/18, 34, , 21, 
2017/8/19, 46, , 36, 
2017/8/20, 39, , 43, 
2017/8/23, 33, , 36, 
2017/8/24, 45, , 42, 
2017/8/25, 49, , 34, 
2017/8/26, 39, , 38, 1
2017/8/27, 42, , 40, 
2017/8/28, 46, , 36, 
2017/8/29, 39, , 28, 
2017/8/30, 31, , 26, 1
2017/8/31, 34, , 17, 
2017/9/1, 36, , 18, 
2017/9/2, 33, , 34, 
2017/9/3, 30, , 35, 
2017/9/4, 41, , 36, 
2017/9/5, 57, , 31, 
2017/9/6, 44, , , 
2017/9/10, 36, , 27, 
2017/9/11, 20, , 20, 
2017/9/12, 15, , , 
2017/9/13, 26, , 29, 
2017/9/14, 45, , 36, 
2017/9/15, 51, , 41, 
2017/9/16, 61, , , 
2017/9/17, 47, , , 
2017/9/18, 48, , 36, 
2017/9/19, 53, , 38, 
2017/9/20, 63, , 45, 
2017/9/21, 65, , 47, 
2017/9/22, 63, , 34, 
2017/9/23, 52, , 40, 
2017/9/24, 54, , 31, 
2017/9/25, 43, , 36, 
2017/9/26, 37, , 29, 
2017/9/27, 47, , 32, 
2017/9/28, 46, , 47, 
2017/9/29, 52, , 46, 
2017/9/30, 53, , 39, 
2017/10/1, 36, , 30, 
2017/4/2, 18, , 37, 2
2017/4/3, 30, , 29, 
2017/4/4, 23, , 37, 
2017/4/5, 23, , 24, 
2017/4/6, 35, , 33, 
2017/4/7, 9, , 36, 
2017/4/8, 10, , 42, 4
2017/4/9, 21, , 43, 1
2017/4/10, 47, , 42, 1
2017/4/11, 32, , 41, 1
2017/4/12, 32, , 37, 
2017/4/13, 33, , 43, 3
2017/4/14, 47, , 39, 1
2017/4/15, 49, , 41, 
2017/4/16, 37, , 40, 
2017/4/17, 34, , 33, 
2017/4/18, 42, , 30, 7
2017/4/19, 54, , 32, 6
2017/4/20, 36, , 29, 2
2017/4/21, 34, , 36, 
2017/4/22, 36, , 37, 
2017/4/23, 33, , 25, 4
2017/4/24, 43, , 12, 
2017/4/25, 4, , 25, 
2017/4/26, 13, , 39, 
2017/4/27, 45, , 20, 
2017/4/28, 61, , 26, 
2017/4/29, 57, , 24, 1
2017/4/30, 47, , 18, 
2017/5/1, 21, , 19, 
2017/5/2, 22, , 42, 
2017/5/3, 19, , 43, 
2017/5/4, 27, , 32, 
2017/5/5, 24, , 25, 
2017/5/6, 6, , 38, 
2017/5/7, 14, , 35, 
2017/5/8, 19, , 40, 
2017/5/9, 21, , 45, 1
2017/5/10, 36, , 49, 
2017/5/11, 48, , 45, 
2017/5/12, 47, , 36, 
2017/5/13, 50, , 21, 11
2017/5/14, 36, , 38, 4
2017/5/15, 30, , 46, 
2017/5/16, 42, , 44, 
2017/5/17, 53, , 35, 1
2017/5/18, 24, , 33, 1
2017/5/19, 37, , 38, 
2017/5/20, 28, , 19, 
2017/5/21, 50, , 28, 
2017/5/22, 41, , 24, 3
2017/5/23, 36, , 18, 1
2017/5/24, 15, , 29, 
2017/5/25, 15, , 33, 
2017/5/26, 17, , 39, 
2017/5/27, 24, , 40, 
2017/5/28, 39, , 24, 
2017/5/29, 44, , 33, 
2017/5/30, 27, , 32, 
2017/5/31, 26, , 24, 
2017/6/1, 46, , 40, 
2017/6/2, 48, , 43, 
2017/6/3, 36, , 44, 
2017/6/4, 50, , 25, 
2017/6/5, 36, , 15, 
2017/6/6, 19, , 22, 
2017/6/7, 18, , 28, 
2017/6/8, 32, , 34, 
2017/6/9, 25, , 39, 
2017/6/10, 39, , 41, 
2017/6/11, 32, , 34, 1
2017/6/12, 28, , 35, 1
2017/6/13, 27, , 38, 
2017/6/14, 35, , 29, 
2017/6/15, 30, , 32, 
2017/6/16, 29, , 35, 
2017/6/17, 24, , 32, 
2017/6/18, 29, , 23, 
2017/6/19, 25, , 23, 
2017/6/20, 29, , 13, 
2017/6/21, 17, , 17, 
2017/6/22, 21, , 20, 
2017/6/23, 38, , 20, 
2017/6/24, 46, , 21, 
2017/6/25, 25, , 31, 
2017/6/26, 20, , 38, 
2017/6/27, 29, , 36, 
2017/6/28, 34, , 42, 
2017/6/29, 42, , 34, 
2017/6/30, 32, , 14, 
2017/7/1, 12, , 20, 
2017/1/3, 16, , , 1
2017/1/4, 11, , , 1
2017/1/5, 16, , , 3
2017/1/6, 25, , , 2
2017/1/7, 32, , , 
2017/1/8, 21, , , 
2017/1/9, 23, , , 2
2017/1/10, 23, , , 2
2017/1/11, 36, , , 
2017/1/12, 33, , , 
2017/1/13, 40, , , 
2017/1/14, 52, , , 1
2017/1/15, 64, , , 
2017/1/16, 57, , , 
2017/1/17, 56, , , 1
2017/1/18, 43, , , 
2017/1/19, 32, , , 17
2017/1/20, 46, , , 
2017/1/21, 35, , , 3
2017/1/22, 28, , , 4
2017/1/23, 7, , , 
2017/1/24, 11, , , 
2017/1/25, 19, , , 2
2017/1/26, 31, , , 
2017/1/27, 24, , , 
2017/1/28, 15, , , 
2017/1/31, 40, , , 3
2017/2/1, 60, , , 2
2017/2/2, 50, , , 
2017/2/3, 44, , , 
2017/2/4, 43, , , 5
2017/2/5, 14, , , 4
2017/2/6, 48, , , 6
2017/2/7, 57, , , 2
2017/2/8, 50, , , 2
2017/2/9, 18, , , 
2017/2/10, 16, , , 5
2017/2/11, 23, , , 2
2017/2/12, 43, , , 
2017/2/13, 50, , , 
2017/2/14, 25, , , 3
2017/2/15, 53, , , 2
2017/2/16, 48, , , 
2017/2/17, 11, , , 1
2017/2/18, 30, , , 1
2017/2/19, 70, , , 
2017/2/20, 42, , , 4
2017/2/21, 58, , 34, 16
2017/2/22, 59, , 32, 11
2017/2/23, 24, , 34, 2
2017/2/24, 23, , 30, 7
2017/2/25, 39, , 38, 
2017/2/26, 26, , 35, 1
2017/2/27, 22, , 34, 4
2017/2/28, 51, , 28, 1
2017/3/1, 44, , 27, 
2017/3/2, 40, , 33, 
2017/3/3, 15, , 37, 
2017/3/4, 16, , 36, 6
2017/3/5, 29, , 40, 7
2017/3/6, 84, , 38, 
2017/3/7, 39, , 35, 
2017/3/8, 41, , 35, 
2017/3/9, 25, , 40, 6
2017/3/10, 34, , 37, 
2017/3/11, 39, , 40, 2
2017/3/12, 20, , 28, 3
2017/3/13, 22, , 20, 3
2017/3/14, 19, , 18, 
2017/3/15, 8, , 35, 
2017/3/16, 16, , 36, 
2017/3/17, 21, , 40, 2
2017/3/18, 64, , 31, 
2017/3/19, 52, , 32, 
2017/3/20, 33, , 36, 8
2017/3/21, 40, , 38, 
2017/3/22, 62, , 36, 25
2017/3/23, 20, , 40, 5
2017/3/24, 25, , 39, 
2017/3/25, 34, , 35, 
2017/3/26, 25, , 32, 
2017/3/27, 20, , 29, 
2017/3/28, 20, , 30, 
2017/3/29, 29, , 44, 2
2017/3/30, 39, , 32, 
2017/3/31, 45, , 37, 1
2017/4/1, 21, , 35, 
2016/10/2, 46, , 43, 1
2016/10/3, 48, , 36, 8
2016/10/4, 58, , 35, 3
2016/10/5, 41, , 25, 1
2016/10/6, 26, , 29, 
2016/10/7, 17, , 17, 
2016/10/8, 8, , 26, 
2016/10/9, 9, , 30, 1
2016/10/10, 16, , 31, 2
2016/10/11, 21, , 35, 2
2016/10/12, 31, , 33, 1
2016/10/13, 32, , 34, 1
2016/10/14, 40, , 38, 11
2016/10/15, 53, , 25, 7
2016/10/16, 48, , 35, 4
2016/10/17, 49, , 35, 4
2016/10/18, 45, , 27, 1
2016/10/19, 27, , 30, 1
2016/10/20, 33, , 32, 1
2016/10/21, 43, , 28, 1
2016/10/22, 18, , 25, 1
2016/10/23, 16, , 30, 5
2016/10/24, 27, , 32, 7
2016/10/25, 39, , 35, 7
2016/10/26, 40, , 1, 1
2016/10/27, 53, , 28, 2
2016/10/28, 40, , 35, 1
2016/10/29, 50, , 32, 1
2016/10/30, 57, , 37, 1
2016/10/31, 51, , 37, 2
2016/11/1, 54, , 14, 10
2016/11/2, 44, , , 1
2016/11/3, 43, , , 1
2016/11/4, 46, , , 1
2016/11/5, 34, , , 5
2016/11/6, 26, , , 3
2016/11/7, 39, , , 2
2016/11/8, 37, , , 1
2016/11/9, 38, , , 1
2016/11/10, 73, , , 1
2016/11/11, 32, , , 3
2016/11/12, 128, , , 2
2016/11/13, 31, , , 1
2016/11/14, 11, , , 1
2016/11/15, 88, , , 
2016/11/16, 161, , , 2
2016/11/17, 116, , , 4
2016/11/18, 88, , , 5
2016/11/19, 82, , , 1
2016/11/20, 67, , , 1
2016/11/21, 9, , , 2
2016/11/22, 42, , , 5
2016/11/23, 52, , , 9
2016/11/24, 65, , , 
2016/11/29, 30, , , 1
2016/11/30, 17, , , 1
2016/12/1, 20, , , 1
2016/12/2, 20, , , 1
2016/12/3, 32, , , 7
2016/12/4, 45, , , 6
2016/12/5, 35, , , 6
2016/12/6, 14, , , 7
2016/12/7, 14, , , 2
2016/12/8, 24, , , 1
2016/12/9, 26, , , 1
2016/12/10, 21, , , 7
2016/12/11, 43, , , 6
2016/12/12, 33, , , 8
2016/12/13, 43, , , 4
2016/12/14, 38, , , 1
2016/12/15, 21, , , 1
2016/12/16, 18, , , 2
2016/12/17, 15, , , 2
2016/12/18, 38, , , 1
2016/12/19, 24, , , 1
2016/12/20, 9, , , 
2016/12/21, 19, , , 2
2016/12/22, 45, , , 1
2016/12/23, 42, , , 6
2016/12/24, 31, , , 2
2016/12/25, 49, , , 10
2016/12/26, 61, , , 5
2016/12/27, 42, , , 1
2016/12/28, 30, , , 1
2016/12/29, 25, , , 1
2016/12/30, 33, , , 1
2016/12/31, 15, , , 2
2017/1/1, 41, , , 3
2017/1/2, 47, , , 1
2016/7/2, 19, , 45, 
2016/7/3, 37, , 42, 
2016/7/4, 43, , 30, 
2016/7/5, 36, , 24, 
2016/7/6, 30, , 24, 
2016/7/7, 31, , 26, 
2016/7/8, 30, , 31, 
2016/7/9, 37, , 31, 
2016/7/10, 31, , 32, 1
2016/7/11, 32, , 33, 
2016/7/12, 28, , 28, 
2016/7/13, 36, , 32, 
2016/7/14, 29, , 28, 
2016/7/15, 31, , 29, 
2016/7/16, 32, , 27, 2
2016/7/17, 24, , 29, 2
2016/7/18, 22, , 28, 
2016/7/19, 22, , 44, 
2016/7/20, 30, , 40, 1
2016/7/21, 36, , 33, 1
2016/7/22, 46, , 34, 
2016/7/23, 34, , 34, 
2016/7/24, 40, , 29, 
2016/7/25, 44, , 32, 
2016/7/26, 41, , 33, 
2016/7/27, 30, , 24, 
2016/7/28, 19, , 26, 
2016/7/29, 34, , 29, 
2016/7/30, 40, , 28, 
2016/7/31, 34, , 30, 
2016/8/1, 31, , 28, 
2016/8/2, 31, , 31, 
2016/8/3, 24, , 41, 
2016/8/4, 31, , 24, 
2016/8/5, 28, , 7, 
2016/8/6, 19, , , 
2016/8/9, 30, , 23, 2
2016/8/10, 22, , 20, 
2016/8/11, 18, , 12, 4
2016/8/12, 16, , 25, 
2016/8/13, 32, , 20, 
2016/8/14, 29, , 23, 
2016/8/15, 26, , 21, 1
2016/8/16, 24, , 18, 
2016/8/17, 25, , 22, 
2016/8/18, 27, , 41, 1
2016/8/19, 34, , 28, 2
2016/8/20, 30, , 22, 
2016/8/21, 24, , 16, 
2016/8/22, 31, , 33, 4
2016/8/23, 35, , 35, 8
2016/8/24, 41, , 35, 1
2016/8/25, 31, , 45, 2
2016/8/26, 46, , 39, 1
2016/8/27, 49, , 32, 6
2016/8/28, 41, , 38, 8
2016/8/29, 38, , 31, 2
2016/8/30, 36, , 23, 1
2016/8/31, 36, , 24, 7
2016/9/1, 29, , 24, 
2016/9/2, 20, , 23, 
2016/9/3, 14, , 31, 1
2016/9/4, 27, , 30, 8
2016/9/5, 32, , 37, 6
2016/9/6, 43, , 39, 1
2016/9/7, 45, , 41, 
2016/9/8, 47, , 42, 1
2016/9/9, 55, , 42, 1
2016/9/10, 67, , 35, 1
2016/9/11, 64, , 29, 1
2016/9/12, 40, , 37, 12
2016/9/13, 35, , 23, 5
2016/9/14, 30, , 17, 2
2016/9/15, 14, , 34, 3
2016/9/16, 25, , 41, 5
2016/9/17, 45, , 28, 3
2016/9/18, 40, , 26, 7
2016/9/19, 36, , 26, 1
2016/9/20, 30, , 32, 5
2016/9/21, 22, , 24, 1
2016/9/22, 22, , 20, 
2016/9/23, 18, , 21, 
2016/9/24, 24, , 33, 2
2016/9/25, 31, , 33, 1
2016/9/26, 47, , 29, 1
2016/9/27, 46, , 40, 4
2016/9/28, 47, , 26, 1
2016/9/29, 38, , 42, 1
2016/9/30, 44, , 35, 1
2016/10/1, 38, , 40, 1
2016/4/2, 19, , 36, 
2016/4/3, 13, , 36, 
2016/4/4, 16, , 37, 
2016/4/5, 26, , 36, 1
2016/4/6, 28, , 37, 
2016/4/7, 25, , 35, 
2016/4/8, 13, , 34, 
2016/4/9, 13, , 37, 
2016/4/10, 12, , 34, 
2016/4/11, 19, , 35, 
2016/4/12, 29, , 26, 
2016/4/13, 24, , 30, 
2016/4/14, 26, , 38, 
2016/4/15, 25, , 33, 
2016/4/16, 26, , 39, 
2016/4/17, 19, , 46, 
2016/4/18, 30, , 53, 
2016/4/19, 37, , 47, 
2016/4/20, 41, , 52, 
2016/4/21, 46, , 41, 
2016/4/22, 47, , 33, 
2016/4/23, 40, , 38, 
2016/4/24, 26, , 44, 
2016/4/25, 33, , 39, 
2016/4/26, 32, , 36, 
2016/4/27, 34, , 29, 
2016/4/28, 46, , 27, 
2016/4/29, 36, , 55, 
2016/4/30, 41, , 38, 
2016/5/1, 51, , 28, 
2016/5/2, 40, , 23, 
2016/5/3, 28, , 27, 
2016/5/4, 19, , 38, 
2016/5/5, 19, , 32, 
2016/5/6, 13, , 35, 
2016/5/7, 13, , 45, 
2016/5/8, 31, , 43, 
2016/5/9, 40, , 32, 
2016/5/10, 56, , 37, 4
2016/5/11, 53, , 36, 
2016/5/12, 51, , 40, 3
2016/5/13, 57, , 40, 1
2016/5/14, 27, , 42, 
2016/5/15, 26, , 39, 
2016/5/16, 22, , 41, 2
2016/5/17, 30, , 29, 11
2016/5/18, 31, , 29, 
2016/5/19, 30, , 22, 
2016/5/20, 36, , 16, 2
2016/5/21, 32, , 27, 
2016/5/22, 18, , 36, 
2016/5/23, 21, , 46, 3
2016/5/24, 42, , 55, 3
2016/5/25, 44, , 52, 
2016/5/26, 53, , 45, 
2016/5/27, 56, , 42, 
2016/5/28, 40, , 26, 3
2016/5/29, 30, , 33, 1
2016/5/30, 15, , 30, 
2016/5/31, 25, , 37, 5
2016/6/1, 41, , 41, 8
2016/6/2, 45, , 57, 5
2016/6/3, 46, , 39, 1
2016/6/4, 49, , 30, 
2016/6/5, 36, , 23, 
2016/6/6, 23, , 14, 
2016/6/7, 25, , 38, 1
2016/6/8, 20, , 42, 
2016/6/9, 31, , 47, 9
2016/6/10, 45, , 53, 3
2016/6/11, 57, , 35, 
2016/6/12, 45, , 38, 
2016/6/13, 56, , 44, 
2016/6/14, 64, , 42, 
2016/6/15, 68, , 23, 
2016/6/16, 40, , 48, 
2016/6/17, 27, , 41, 3
2016/6/18, 52, , 31, 17
2016/6/19, 27, , 32, 7
2016/6/20, 28, , 38, 1
2016/6/21, 30, , 41, 
2016/6/22, 33, , 41, 1
2016/6/23, 51, , 42, 
2016/6/24, 48, , 38, 1
2016/6/25, 50, , 44, 4
2016/6/26, 47, , 38, 7
2016/6/27, 47, , 37, 1
2016/6/28, 47, , 36, 2
2016/6/29, 41, , 38, 4
2016/6/30, 37, , 39, 
2016/7/1, 37, , 25, 
2016/1/5, 24, , , 2
2016/1/6, 17, , , 
2016/1/7, 19, , , 
2016/1/8, 20, , , 
2016/1/9, 20, , , 
2016/1/10, 11, , , 
2016/1/11, 9, , , 
2016/1/12, 18, , , 
2016/1/13, 37, , , 
2016/1/14, 22, , , 
2016/1/15, 55, , , 
2016/1/16, 40, , , 
2016/1/17, 23, , , 
2016/1/18, 23, , , 
2016/1/19, 17, , , 
2016/1/20, 18, , , 
2016/1/21, 42, , , 
2016/1/22, 35, , , 
2016/1/23, 21, , , 
2016/1/24, 24, , , 
2016/1/25, 26, , , 
2016/1/26, 47, , , 
2016/1/27, 48, , , 
2016/1/28, 39, , , 
2016/1/29, 21, , , 
2016/1/30, 18, , , 
2016/1/31, 35, , , 
2016/2/1, 57, , , 
2016/2/2, 33, , , 
2016/2/3, 47, , , 
2016/2/4, 17, , , 
2016/2/5, 11, , , 
2016/2/6, 18, , , 
2016/2/7, 27, , , 
2016/2/8, 18, , , 
2016/2/9, 19, , , 
2016/3/4, 25, , 26, 2
2016/3/5, 31, , 32, 1
2016/3/6, 32, , 31, 1
2016/3/7, 33, , 33, 1
2016/3/8, 42, , 34, 1
2016/3/9, 40, , 31, 1
2016/3/10, 34, , 30, 1
2016/3/11, 31, , 27, 1
2016/3/12, 37, , 30, 1
2016/3/13, 49, , 27, 1
2016/3/14, 22, , 29, 1
2016/3/15, 20, , 38, 1
2016/3/16, 38, , 36, 
2016/3/17, 58, , 42, 3
2016/3/18, 47, , 42, 2
2016/3/19, 47, , 34, 1
2016/3/20, 36, , 31, 1
2016/3/21, 23, , 34, 1
2016/3/22, 20, , 38, 1
2016/3/23, 34, , 40, 
2016/3/24, 51, , 37, 
2016/3/25, 44, , 27, 1
2016/3/26, 18, , 17, 1
2016/3/27, 26, , 14, 1
2016/3/28, 32, , 36, 1
2016/3/29, 17, , 39, 
2016/3/30, 17, , 39, 1
2016/3/31, 33, , 31, 
2016/4/1, 25, , 22, 
2015/10/2, 23, , 9, 
2015/10/3, 2, , 12, 
2015/10/6, 14, , 31, 
2015/10/7, 21, , 41, 
2015/10/8, 36, , 30, 
2015/10/9, 37, , 24, 
2015/10/10, 37, , 27, 
2015/10/11, 26, , 21, 
2015/10/12, 20, , 23, 
2015/10/13, 31, , 31, 
2015/10/14, 43, , 32, 
2015/10/15, 36, , 39, 
2015/10/16, 39, , 44, 
2015/10/17, 51, , 35, 
2015/10/18, 27, , 31, 
2015/10/19, 25, , 32, 
2015/10/20, 33, , 36, 
2015/10/21, 43, , 35, 
2015/10/22, 44, , 31, 
2015/10/23, 30, , 42, 
2015/10/24, 39, , 36, 
2015/10/25, 52, , 27, 
2015/10/26, 48, , 15, 
2015/10/27, 33, , 15, 
2015/10/28, 10, , 18, 1
2015/10/29, 16, , 28, 1
2015/10/30, 41, , 28, 
2015/10/31, 38, , 24, 18
2015/11/1, 45, , 12, 5
2015/11/2, 42, , 3, 7
2015/11/3, 31, , , 1
2015/11/4, 17, , , 
2015/11/5, 24, , , 9
2015/11/6, 37, , , 
2015/11/7, 34, , , 
2015/11/8, 36, , , 
2015/11/9, 20, , , 
2015/11/10, 7, , , 
2015/11/11, 15, , , 
2015/11/12, 41, , , 
2015/11/13, 32, , , 
2015/11/14, 18, , , 
2015/11/15, 25, , , 4
2015/11/16, 53, , , 9
2015/11/17, 51, , , 13
2015/11/18, 38, , , 3
2015/11/19, 19, , , 
2015/11/20, 19, , , 
2015/11/21, 23, , , 3
2015/11/22, 27, , , 
2015/11/23, 24, , , 
2015/11/24, 24, , , 5
2015/11/25, 54, , , 4
2015/11/26, 38, , , 4
2015/11/27, 25, , , 5
2015/11/28, 26, , , 3
2015/11/29, 48, , , 
2015/11/30, 61, , , 
2015/12/1, 42, , , 2
2015/12/2, 40, , , 
2015/12/3, 24, , , 1
2015/12/4, 21, , , 
2015/12/5, 24, , , 
2015/12/6, 32, , , 1
2015/12/7, 39, , , 
2015/12/8, 41, , , 
2015/12/9, 97, , , 
2015/12/10, 63, , , 
2015/12/11, 61, , , 
2015/12/12, 52, , , 
2015/12/13, 55, , , 15
2015/12/14, 55, , , 
2015/12/15, 29, , , 
2015/12/16, 28, , , 11
2015/12/17, 63, , , 
2015/12/18, 33, , , 1
2015/12/19, 19, , , 
2015/12/20, 27, , , 7
2015/12/21, 49, , , 14
2015/12/22, 48, , , 1
2015/12/23, 38, , , 
2015/12/24, 9, , , 
2015/12/29, 18, , , 
2015/12/30, 14, , , 
2015/12/31, 16, , , 
2016/1/1, 10, , , 
2016/1/4, 31, , , 
2015/7/2, 51, , 32, 
2015/7/3, 53, , 25, 
2015/7/4, 36, , 20, 
2015/7/5, 48, , 27, 
2015/7/6, 41, , 29, 
2015/7/7, 30, , 37, 
2015/7/8, 48, , 25, 48
2015/7/9, 70, , 30, 
2015/7/10, 76, , 33, 
2015/7/11, 73, , 28, 
2015/7/12, 72, , 34, 1
2015/7/13, 55, , 34, 4
2015/7/14, 56, , 31, 
2015/7/15, 55, , 38, 
2015/7/16, 25, , 55, 5
2015/7/17, 39, , 43, 7
2015/7/18, 56, , 49, 1
2015/7/19, 56, , 36, 20
2015/7/20, 44, , 37, 4
2015/7/21, 46, , 42, 3
2015/7/22, 54, , 42, 
2015/7/23, 36, , 36, 1
2015/7/24, 52, , 36, 2
2015/7/25, 46, , 43, 6
2015/7/26, 51, , 46, 14
2015/7/27, 65, , 48, 4
2015/7/28, 62, , 36, 2
2015/7/29, 42, , 34, 1
2015/7/30, 43, , 48, 2
2015/7/31, 47, , 47, 3
2015/8/1, 49, , 51, 2
2015/8/2, 49, , 36, 10
2015/8/3, 48, , 33, 4
2015/8/4, 41, , 42, 
2015/8/5, 47, , 41, 
2015/8/6, 54, , 28, 
2015/8/7, 44, , 35, 
2015/8/8, 27, , 35, 10
2015/8/9, 29, , 44, 16
2015/8/10, 53, , 29, 4
2015/8/11, 42, , 34, 4
2015/8/12, 42, , 40, 
2015/8/13, 36, , 39, 9
2015/8/14, 62, , 41, 9
2015/8/15, 56, , 43, 8
2015/8/16, 46, , 38, 18
2015/8/17, 34, , 33, 8
2015/8/18, 26, , 21, 
2015/8/19, 18, , 20, 5
2015/8/20, 22, , 21, 
2015/8/21, 27, , 32, 
2015/8/22, 30, , 33, 16
2015/8/23, 42, , 29, 1
2015/8/24, 36, , 33, 1
2015/8/25, 20, , 38, 
2015/8/26, 43, , 49, 8
2015/8/27, 52, , 42, 5
2015/8/28, 57, , 38, 3
2015/8/29, 50, , 41, 6
2015/8/30, 50, , 26, 
2015/8/31, 48, , 28, 
2015/9/1, 15, , 40, 1
2015/9/2, 32, , 51, 
2015/9/3, 44, , 41, 
2015/9/4, 37, , 44, 
2015/9/5, 62, , 31, 
2015/9/6, 46, , , 
2015/9/9, 22, , 23, 
2015/9/10, 30, , 31, 
2015/9/11, 45, , 31, 
2015/9/12, 38, , 20, 
2015/9/13, 39, , 29, 
2015/9/14, 22, , 34, 1
2015/9/15, 30, , 37, 
2015/9/16, 37, , 38, 
2015/9/17, 38, , 39, 2
2015/9/18, 32, , 35, 1
2015/9/19, 29, , 28, 
2015/9/20, 35, , 41, 1
2015/9/21, 46, , 33, 1
2015/9/22, 60, , 24, 
2015/9/23, 41, , 30, 
2015/9/24, 30, , 27, 
2015/9/25, 30, , 20, 
2015/9/26, 16, , 18, 
2015/9/27, 19, , 16, 
2015/9/28, 6, , 16, 
2015/9/29, 13, , 17, 
2015/9/30, 24, , 23, 
2015/10/1, 22, , 13, 
2015/4/2, 34, , 36, 14
2015/4/3, 51, , 36, 3
2015/4/4, 36, , 35, 
2015/4/5, 46, , 35, 7
2015/4/6, 27, , 36, 21
2015/4/7, 45, , 30, 5
2015/4/8, 56, , 34, 7
2015/4/9, 54, , 32, 
2015/4/10, 50, , 27, 
2015/4/11, 34, , 39, 2
2015/4/12, 33, , 36, 17
2015/4/13, 46, , 31, 5
2015/4/14, 34, , 25, 
2015/4/15, 23, , 17, 16
2015/4/16, 37, , 28, 
2015/4/17, 9, , 17, 
2015/4/18, 15, , 22, 21
2015/4/19, 18, , 22, 
2015/4/20, 28, , 30, 
2015/4/21, 16, , 40, 
2015/4/22, 22, , 42, 
2015/4/23, 33, , 41, 
2015/4/24, 31, , 58, 2
2015/4/25, 30, , , 
2015/4/29, 43, , 36, 6
2015/4/30, 39, , 43, 
2015/5/1, 39, , 39, 
2015/5/2, 31, , 45, 1
2015/5/3, 54, , 45, 
2015/5/4, 58, , 46, 
2015/5/5, 49, , 44, 7
2015/5/6, 35, , 45, 3
2015/5/7, 36, , 41, 1
2015/5/8, 43, , 50, 
2015/5/9, 53, , 39, 3
2015/5/10, 43, , 30, 
2015/5/11, 36, , 38, 6
2015/5/12, 53, , 31, 1
2015/5/13, 65, , 59, 5
2015/5/14, 42, , 47, 5
2015/5/15, 60, , 43, 1
2015/5/16, 46, , 43, 1
2015/5/17, 48, , 38, 1
2015/5/18, 38, , 28, 2
2015/5/19, 34, , 30, 
2015/5/20, 28, , 38, 3
2015/5/21, 48, , 46, 
2015/5/22, 43, , 40, 3
2015/5/23, 28, , 47, 8
2015/5/24, 44, , 43, 5
2015/5/25, 35, , 34, 3
2015/5/26, 32, , 23, 1
2015/5/27, 31, , 27, 1
2015/5/28, 22, , 30, 
2015/5/29, 32, , 36, 3
2015/5/30, 27, , 23, 5
2015/5/31, 27, , 24, 
2015/6/1, 26, , 26, 
2015/6/2, 27, , 30, 
2015/6/3, 20, , 36, 
2015/6/4, 24, , 32, 
2015/6/5, 18, , 36, 3
2015/6/6, 27, , 43, 18
2015/6/7, 49, , 47, 14
2015/6/8, 59, , 39, 
2015/6/9, 41, , 30, 1
2015/6/10, 31, , 30, 
2015/6/11, 31, , 31, 
2015/6/12, 26, , 29, 
2015/6/13, 25, , 21, 
2015/6/14, 47, , 4, 
2015/6/15, 57, , 34, 1
2015/6/16, 58, , 34, 
2015/6/17, 65, , 41, 
2015/6/18, 66, , 48, 
2015/6/19, 59, , 39, 5
2015/6/20, 49, , 25, 
2015/6/21, 49, , 38, 
2015/6/22, 56, , 40, 
2015/6/23, 56, , 32, 
2015/6/24, 49, , 35, 
2015/6/25, 61, , 45, 
2015/6/26, 48, , 37, 
2015/6/27, 51, , 29, 
2015/6/28, 41, , 40, 
2015/6/29, 25, , 44, 
2015/6/30, 39, , 35, 1
2015/7/1, 54, , 42, 1
2015/1/2, 70, , , 
2015/1/3, 37, , , 
2015/1/4, 26, , , 
2015/1/5, 20, , , 
2015/1/6, 15, , , 
2015/1/7, 32, , , 
2015/1/8, 16, , , 
2015/1/9, 24, , , 
2015/1/10, 45, , , 
2015/1/11, 33, , , 
2015/1/12, 39, , , 
2015/1/13, 19, , , 
2015/1/14, 21, , , 
2015/1/15, 19, , , 
2015/1/16, 27, , , 
2015/1/17, 29, , , 
2015/1/18, 52, , , 
2015/1/19, 37, , , 
2015/1/20, 12, , , 
2015/1/21, 48, , , 
2015/1/22, 48, , , 
2015/1/23, 49, , , 
2015/1/24, 36, , , 
2015/1/25, 16, , , 
2015/1/26, 24, , , 
2015/1/27, 21, , , 
2015/1/28, 25, , , 
2015/1/29, 27, , , 1
2015/1/30, 65, , , 
2015/1/31, 43, , , 2
2015/2/1, 34, , , 1
2015/2/2, 47, , , 
2015/2/3, 17, , , 4
2015/2/4, 42, , , 5
2015/2/5, 62, , , 1
2015/2/6, 36, , , 10
2015/2/7, 38, , , 3
2015/2/8, 67, , , 1
2015/2/9, 62, , , 
2015/2/10, 25, , , 
2015/2/11, 23, , , 
2015/2/12, 42, , , 
2015/2/13, 46, , , 2
2015/2/14, 28, , , 1
2015/2/15, 54, , , 18
2015/2/16, 21, , , 1
2015/2/17, 32, , , 
2015/2/18, 30, , 30, 
2015/2/19, 28, , 31, 
2015/2/20, 18, , 29, 3
2015/2/21, 29, , 35, 1
2015/2/22, 28, , 23, 1
2015/2/23, 40, , 22, 8
2015/2/24, 19, , 20, 11
2015/2/25, 37, , 14, 5
2015/2/26, 34, , 24, 
2015/2/27, 26, , 15, 13
2015/2/28, 39, , , 
2015/3/3, 25, , 18, 13
2015/3/4, 31, , 19, 2
2015/3/5, 25, , 17, 
2015/3/6, 25, , 31, 
2015/3/7, 24, , 38, 
2015/3/8, 49, , 41, 1
2015/3/9, 46, , 40, 6
2015/3/10, 71, , 30, 10
2015/3/11, 61, , 20, 2
2015/3/12, 51, , 29, 13
2015/3/13, 36, , 35, 21
2015/3/14, 21, , 18, 2
2015/3/15, 19, , 34, 
2015/3/16, 31, , 38, 4
2015/3/17, 43, , 40, 1
2015/3/18, 62, , 44, 4
2015/3/19, 50, , 32, 1
2015/3/20, 33, , 25, 1
2015/3/21, 24, , 36, 3
2015/3/22, 36, , 29, 10
2015/3/23, 39, , 35, 12
2015/3/24, 30, , 35, 1
2015/3/25, 77, , 26, 11
2015/3/26, 35, , 28, 
2015/3/27, 25, , 26, 
2015/3/28, 22, , 34, 
2015/3/29, 22, , 40, 10
2015/3/30, 25, , 36, 
2015/3/31, 29, , 37, 7
2015/4/1, 52, , 41, 8
2014/10/2, 38, , 40, 
2014/10/3, 50, , 17, 
2014/10/4, 41, , 25, 
2014/10/5, 12, , 27, 2
2014/10/6, 22, , 34, 1
2014/10/7, 32, , 33, 1
2014/10/8, 33, , 36, 
2014/10/9, 42, , 36, 11
2014/10/10, 49, , 34, 3
2014/10/11, 41, , , 
2014/10/15, 21, , 27, 1
2014/10/16, 15, , 24, 1
2014/10/17, 18, , 30, 3
2014/10/18, 20, , 38, 1
2014/10/19, 42, , 26, 
2014/10/20, 23, , 29, 7
2014/10/21, 45, , 36, 
2014/10/22, 30, , 28, 
2014/10/23, 26, , 28, 
2014/10/24, 21, , 36, 2
2014/10/25, 37, , 35, 
2014/10/26, 39, , 32, 
2014/10/27, 46, , 38, 14
2014/10/28, 51, , 35, 
2014/10/29, 65, , 7, 
2014/10/30, 56, , , 
2014/11/1, 33, , 24, 1
2014/11/2, 12, , , 
2014/11/3, 21, , , 10
2014/11/4, 33, , , 1
2014/11/5, 52, , , 
2014/11/6, 38, , , 
2014/11/7, 39, , , 
2014/11/8, 20, , , 12
2014/11/9, 51, , , 3
2014/11/10, 55, , , 8
2014/11/11, 55, , , 
2014/11/12, 45, , , 1
2014/11/13, 74, , , 
2014/11/14, 23, , , 
2014/11/15, 28, , , 4
2014/11/16, 43, , , 8
2014/11/17, 48, , , 6
2014/11/18, 33, , , 
2014/11/19, 24, , , 1
2014/11/20, 27, , , 2
2014/11/21, 50, , , 4
2014/11/22, 43, , , 10
2014/11/23, 37, , , 10
2014/11/24, 33, , , 
2014/11/25, 19, , , 
2014/11/26, 31, , , 
2014/11/27, 15, , , 1
2014/11/28, 19, , , 1
2014/11/29, 28, , , 
2014/12/2, 46, , , 9
2014/12/3, 58, , , 2
2014/12/4, 42, , , 8
2014/12/5, 59, , , 12
2014/12/6, 63, , , 5
2014/12/7, 51, , , 
2014/12/8, 9, , , 
2014/12/9, 18, , , 
2014/12/10, 16, , , 
2014/12/11, 22, , , 14
2014/12/12, 31, , , 
2014/12/13, 50, , , 9
2014/12/14, 56, , , 14
2014/12/15, 62, , , 
2014/12/16, 68, , , 
2014/12/17, 62, , , 
2014/12/18, 22, , , 1
2014/12/19, 39, , , 
2014/12/20, 51, , , 
2014/12/21, 60, , , 
2014/12/22, 36, , , 
2014/12/23, 11, , , 
2014/12/24, 15, , , 
2014/12/25, 13, , , 
2014/12/26, 15, , , 
2014/12/27, 35, , , 1
2014/12/28, 52, , , 
2014/12/29, 44, , , 
2014/7/2, 58, , 33, 
2014/7/3, 61, , 38, 4
2014/7/4, 43, , 37, 2
2014/7/5, 47, , , 
2014/7/8, 40, , 20, 
2014/7/9, 60, , 21, 
2014/7/12, 86, , 36, 10
2014/7/13, 36, , 5, 
2014/7/14, 44, , 31, 1
2014/7/15, 38, , 22, 
2014/7/16, 36, , 39, 1
2014/7/17, 32, , 38, 5
2014/7/18, 58, , 38, 
2014/7/19, 52, , 26, 17
2014/7/20, 44, , 18, 2
2014/7/21, 36, , 22, 1
2014/7/22, 36, , 29, 22
2014/7/23, 22, , 28, 4
2014/7/24, 35, , 31, 
2014/7/25, 46, , 38, 4
2014/7/26, 64, , , 
2014/7/29, 55, , 40, 4
2014/7/30, 28, , 44, 3
2014/7/31, 46, , 27, 16
2014/8/1, 41, , 27, 
2014/8/2, 25, , 22, 
2014/8/3, 41, , 27, 10
2014/8/4, 32, , 21, 12
2014/8/5, 35, , 36, 1
2014/8/6, 28, , 47, 1
2014/8/7, 61, , 45, 4
2014/8/8, 78, , 44, 9
2014/8/9, 85, , , 
2014/8/12, 48, , 28, 1
2014/8/13, 38, , 37, 
2014/8/14, 34, , 43, 4
2014/8/15, 47, , 42, 2
2014/8/16, 65, , , 
2014/8/19, 44, , 34, 1
2014/8/20, 38, , 36, 
2014/8/21, 45, , 46, 2
2014/8/22, 39, , 31, 1
2014/8/23, 51, , 28, 
2014/8/24, 51, , 31, 5
2014/8/25, 43, , 34, 1
2014/8/26, 22, , 34, 2
2014/8/27, 31, , 40, 3
2014/8/28, 41, , 53, 3
2014/8/29, 46, , 45, 4
2014/8/30, 49, , , 
2014/9/3, 40, , 37, 1
2014/9/4, 45, , 22, 1
2014/9/5, 40, , 26, 3
2014/9/6, 17, , 27, 
2014/9/7, 18, , 20, 16
2014/9/8, 31, , 20, 11
2014/9/9, 26, , 23, 23
2014/9/10, 21, , 32, 5
2014/9/11, 28, , 26, 1
2014/9/12, 32, , 32, 1
2014/9/13, 45, , , 
2014/9/16, 52, , 27, 2
2014/9/17, 38, , 29, 10
2014/9/18, 37, , 36, 4
2014/9/19, 47, , 32, 7
2014/9/20, 37, , 37, 2
2014/9/21, 32, , , 
2014/9/23, 28, , 26, 5
2014/9/24, 35, , 23, 
2014/9/25, 21, , 11, 
2014/9/26, 8, , 15, 
2014/9/27, 20, , 31, 
2014/9/28, 28, , 19, 11
2014/9/29, 35, , , 
2014/4/2, 62, , , 4
2014/4/3, 55, , , 
2014/4/4, 72, , , 3
2014/4/5, 48, , , 3
2014/4/6, 21, , , 8
2014/4/7, 45, , , 7
2014/4/8, 35, , , 3
2014/4/9, 17, , , 3
2014/4/10, 33, , , 4
2014/4/11, 35, , , 
2014/4/12, 50, , , 
2014/4/15, 20, , , 2
2014/4/16, 18, , , 10
2014/4/17, 18, , , 11
2014/4/18, 28, , , 4
2014/4/19, 29, , , 2
2014/4/20, 7, , , 3
2014/4/21, 25, , , 
2014/4/22, 31, , , 4
2014/4/23, 54, , , 
2014/4/24, 47, , , 11
2014/4/25, 44, , , 
2014/4/26, 49, , , 
2014/4/30, 37, , , 
2014/5/1, 29, , , 
2014/5/2, 22, , , 11
2014/5/3, 27, , , 
2014/5/4, 18, , , 
2014/5/5, 38, , , 1
2014/5/6, 41, , , 1
2014/5/7, 49, , , 
2014/5/8, 37, , , 
2014/5/9, 53, , , 
2014/5/13, 43, , , 
2014/5/14, 46, , , 
2014/5/15, 38, , , 
2014/5/16, 14, , , 
2014/5/17, 21, , , 
2014/5/18, 37, , , 2
2014/5/19, 31, , , 8
2014/5/20, 37, , , 2
2014/5/21, 50, , , 
2014/5/22, 46, , , 1
2014/5/23, 50, , , 
2014/5/24, 56, , , 
2014/5/27, 66, , , 
2014/5/28, 40, , , 
2014/5/29, 44, , , 1
2014/5/30, 44, , , 21
2014/5/31, 45, , 26, 13
2014/6/1, 46, , 20, 19
2014/6/2, 36, , 37, 1
2014/6/3, 19, , , 
2014/6/16, 59, , 40, 8
2014/6/17, 54, , 41, 1
2014/6/18, 51, , 38, 
2014/6/19, 49, , 43, 3
2014/6/20, 58, , 49, 1
2014/6/21, 59, , 35, 
2014/6/22, 50, , 35, 4
2014/6/23, 51, , 36, 2
2014/6/24, 51, , 32, 2
2014/6/25, 43, , 31, 1
2014/6/26, 34, , 38, 
2014/6/27, 38, , 29, 2
2014/6/28, 24, , , 
2014/7/1, 41, , 38, 1
2014/1/2, 71, , , 
2014/1/3, 44, , , 1
2014/1/4, 30, , , 
2014/1/7, 13, , , 
2014/1/8, 18, , , 1
2014/1/9, 38, , , 1
2014/1/10, 33, , , 1
2014/1/11, 16, , , 
2014/1/12, 11, , , 1
2014/1/13, 18, , , 1
2014/1/14, 40, , , 1
2014/1/15, 32, , , 1
2014/1/16, 25, , , 
2014/1/17, 19, , , 2
2014/1/18, 25, , , 
2014/1/22, 24, , , 1
2014/1/23, 21, , , 1
2014/1/24, 22, , , 2
2014/1/25, 18, , , 1
2014/1/26, 44, , , 5
2014/1/27, 27, , , 3
2014/1/28, 49, , , 5
2014/1/29, 20, , , 2
2014/1/30, 27, , , 5
2014/1/31, 47, , , 4
2014/2/1, 56, , , 6
2014/2/2, 49, , , 5
2014/2/3, 27, , , 2
2014/2/4, 26, , , 14
2014/2/5, 13, , , 1
2014/2/6, 13, , , 2
2014/2/7, 30, , , 4
2014/2/8, 50, , , 
2014/2/11, 56, , , 2
2014/2/12, 18, , , 5
2014/2/13, 37, , , 2
2014/2/14, 33, , , 4
2014/2/15, 33, , , 3
2014/2/16, 22, , , 4
2014/2/17, 34, , , 10
2014/2/18, 51, , , 4
2014/2/19, 55, , , 3
2014/2/20, 43, , , 
2014/2/21, 49, , , 3
2014/2/22, 22, , , 5
2014/2/23, 30, , , 12
2014/2/24, 49, , , 4
2014/2/25, 34, , , 5
2014/2/26, 46, , , 5
2014/2/27, 37, , , 3
2014/2/28, 20, , , 9
2014/3/1, 41, , , 7
2014/3/2, 58, , , 4
2014/3/3, 77, , , 2
2014/3/4, 37, , , 3
2014/3/5, 9, , , 9
2014/3/6, 24, , , 8
2014/3/7, 24, , , 3
2014/3/8, 6, , , 4
2014/3/9, 62, , , 4
2014/3/10, 162, , , 3
2014/3/11, 118, , , 3
2014/3/12, 46, , , 2
2014/3/13, 49, , , 2
2014/3/14, 18, , , 4
2014/3/15, 38, , , 
2014/3/16, 63, , , 6
2014/3/17, 63, , , 
2014/3/18, 6, , , 7
2014/3/19, 19, , , 11
2014/3/20, 28, , , 2
2014/3/21, 30, , , 7
2014/3/22, 26, , , 
2014/3/25, 27, , , 4
2014/3/26, 39, , , 3
2014/3/27, 27, , , 4
2014/3/28, 49, , , 11
2014/3/29, 50, , , 8
2014/3/30, 22, , , 2
2014/3/31, 10, , , 9
2014/4/1, 30, , , 4
2025/1/1, , 5, , 
2024/10/5, , 24, 31, 1
2024/7/29, , 15, 20, 
2023/10/2, , 9, 30, 
2023/7/3, , 16, 30, 2
2023/8/15, , 15, 28, 
2023/9/28, , 8, 20, 
2023/9/29, , 12, 29, 
2023/9/30, , 14, 32, 
2023/10/1, , 9, 30, 
2023/4/7, , 14, 26, 2
2023/4/8, , 1, 30, 2
2023/4/9, , 8, 34, 2
2023/4/10, , 11, 43, 2
2023/4/11, , 16, 46, 2
2023/4/12, , 18, 41, 4
2023/4/13, , 14, 23, 4
2023/4/14, , 11, 29, 2
2023/4/15, , 17, 36, 2
2023/4/16, , 13, 31, 2
2023/4/17, , 13, 43, 2
2023/4/18, , 18, 44, 2
2023/4/19, , 28, 51, 2
2023/4/20, , 31, 51, 2
2023/4/21, , 23, 46, 2
2023/4/22, , 15, 38, 2
2023/4/23, , 13, 39, 2
2023/4/24, , 13, 37, 3
2023/4/25, , 18, 39, 4
2022/12/25, , 6, , 1
2022/1/19, , 23, , 1
2021/10/8, , 14, 9, 2
2020/10/17, , 7, 29, 
2020/11/3, , 11, 22, 
2020/12/12, , 19, , 
2020/12/13, , 12, , 
2020/12/14, , 5, , 
2020/12/15, , 5, , 
2020/4/1, , 5, 31, 
2020/1/1, , 6, , 
2019/8/29, , 13, 39, 
2019/8/30, , 13, 45, 1
2019/8/31, , 15, 39, 4
2019/9/1, , 14, 15, 2
2019/1/1, , 12, , 
2018/9/9, , 11, 22, 
2018/9/10, , 11, 23, 
2018/9/11, , 12, 25, 4
2018/9/12, , 13, 27, 2
2018/6/13, , 12, 31, 
2018/1/13, , 5, , 
2018/1/14, , 6, , 
2018/1/15, , 8, , 
2018/1/16, , 23, , 
2018/1/17, , 7, , 
2018/1/18, , 9, , 
2018/1/19, , 15, , 
2018/1/20, , 20, , 
2018/1/21, , 21, , 2
2018/1/22, , 16, , 3
2018/1/23, , 7, , 
2024/7/26, , , 21, 6
2024/7/27, , , 27, 1
2024/7/28, , , 32, 
2024/10/4, , , 12, 1
2021/10/2, , , 33, 3
2021/10/3, , , 29, 
2021/10/4, , , 29, 
2021/10/5, , , 22, 
2021/10/6, , , 20, 9
2021/10/7, , , 13, 5
2021/9/30, , , 39, 4
2021/10/1, , , 33, 3
2017/10/13, , , 17, 
2017/8/12, , , 25, 
2017/8/13, , , 28, 
2017/8/14, , , 22, 1
2017/8/15, , , 29, 
2017/8/21, , , 27, 1
2017/8/22, , , 24, 
2017/9/9, , , 32, 
2016/8/8, , , 26, 
2016/3/2, , , 27, 
2016/3/3, , , 29, 1
2015/10/4, , , 16, 
2015/10/5, , , 17, 
2015/9/8, , , 23, 
2015/4/28, , , 42, 7
2015/3/2, , , 20, 1
2014/10/1, , , 42, 2
2014/10/14, , , 18, 
2014/10/31, , , 33, 4
2014/7/7, , , 30, 
2014/7/10, , , 35, 1
2014/7/11, , , 37, 14
2014/7/28, , , 43, 1
2014/8/11, , , 39, 5
2014/8/18, , , 23, 1
2014/9/2, , , 32, 1
2014/9/15, , , 13, 7
2014/9/22, , , 14, 4
2014/6/15, , , 32, 1
2014/6/30, , , 28, 1
2023/11/7, , , , 
2016/11/28, , , , 2
2016/1/3, , , , 1
2015/1/1, , , , 1
2014/12/1, , , , 3
2014/4/14, , , , 3
2014/5/26, , , , 8
2014/1/1, , , , 1
2014/1/6, , , , 1
2014/1/21, , , , 2
2014/2/10, , , , 13
2014/3/24, , , , 7