date, pm25, o3, no2, co
2025/3/2, 14, , 5, 
2025/3/3, 17, , 12, 
2025/3/4, 39, , 16, 
2025/3/5, 43, , 8, 
2025/3/6, 28, , 4, 334
2025/3/7, 7, , 5, 1
2025/3/8, 16, , 3, 1
2025/3/9, 17, , 5, 1
2025/3/10, 20, , , 
2025/2/2, 16, , 8, 1
2025/2/3, 27, , 13, 2
2025/2/4, 49, , 9, 1
2025/2/5, 18, , 10, 1
2025/2/6, 19, , 9, 2
2025/2/7, 36, , 5, 1
2025/2/8, 21, , 9, 1
2025/2/9, 34, , 6, 1
2025/2/10, 27, , 8, 1
2025/2/11, 27, , 29, 4
2025/2/12, 62, , 7, 1
2025/2/13, 43, , 14, 1
2025/2/14, 26, , 6, 2
2025/2/15, 30, , 8, 3
2025/2/16, 41, , 6, 2
2025/2/17, 25, , 4, 2
2025/2/18, 14, , 5, 1
2025/2/19, 12, , 9, 1
2025/2/20, 12, , 10, 1
2025/2/21, 19, , 9, 1
2025/2/22, 14, , 5, 1
2025/2/23, 49, , 7, 1
2025/2/24, 56, , 11, 1
2025/2/25, 45, , 12, 1
2025/2/26, 49, , 20, 1
2025/2/27, 51, , 12, 1
2025/2/28, 42, , 7, 
2025/3/1, 21, , 3, 
2025/1/2, 15, , 3, 2
2025/1/3, 17, , 4, 1
2025/1/4, 15, , 3, 1
2025/1/5, 7, , 3, 1
2025/1/6, 10, , 7, 1
2025/1/7, 19, , 7, 1
2025/1/8, 11, , 7, 1
2025/1/9, 11, , 9, 1
2025/1/10, 13, , 16, 2
2025/1/11, 37, , 12, 1
2025/1/12, 59, , 9, 1
2025/1/13, 53, , 5, 1
2025/1/14, 37, , 6, 1
2025/1/15, 23, , 9, 1
2025/1/16, 20, , 11, 1
2025/1/17, 49, , 9, 1
2025/1/18, 51, , 6, 1
2025/1/19, 17, , 4, 1
2025/1/20, 11, , 6, 1
2025/1/21, 14, , 10, 1
2025/1/22, 23, , 15, 2
2025/1/23, 33, , 10, 1
2025/1/24, 39, , 9, 1
2025/1/25, 27, , 9, 1
2025/1/26, 49, , 3, 1
2025/1/27, 28, , 5, 1
2025/1/28, 23, , 7, 1
2025/1/29, 22, , 5, 1
2025/1/30, 16, , 15, 1
2025/1/31, 25, , 12, 1
2025/2/1, 39, , 6, 1
2024/10/2, 22, , 8, 1
2024/10/3, 15, , , 
2024/10/4, 22, , , 
2024/10/5, 31, , , 
2024/10/6, 25, , , 
2024/10/7, 24, , , 
2024/10/8, 19, , , 
2024/10/9, 14, , 7, 1
2024/10/10, 12, , 8, 1
2024/10/11, 13, , 9, 2
2024/10/12, 24, , 5, 1
2024/10/13, 20, , 2, 1
2024/10/14, 10, , 5, 1
2024/10/15, 9, , 10, 2
2024/10/16, 9, , 11, 2
2024/10/17, 17, , 12, 3
2024/10/18, 27, , 15, 3
2024/10/19, 32, , 13, 3
2024/10/20, 36, , 10, 2
2024/10/21, 36, , 9, 2
2024/10/22, 35, , 23, 3
2024/10/23, 58, , 10, 2
2024/10/24, 39, , 10, 2
2024/10/25, 16, , 11, 2
2024/10/26, 28, , 5, 2
2024/10/27, 16, , 12, 2
2024/10/28, 15, , 7, 2
2024/10/29, 22, , 13, 2
2024/10/30, 47, , 9, 
2024/10/31, 55, , 9, 
2024/11/1, 29, , 3, 
2024/11/2, 11, , 8, 
2024/11/3, 18, , 6, 
2024/11/4, 23, , 7, 
2024/11/5, 20, , 10, 
2024/11/6, 19, , 6, 
2024/11/7, 23, , 6, 
2024/11/8, 14, , 4, 
2024/11/9, 20, , 10, 
2024/11/10, 18, , 9, 
2024/11/11, 23, , 3, 
2024/11/12, 13, , 9, 
2024/11/13, 15, , 6, 
2024/11/14, 14, , 5, 
2024/11/15, 17, , 9, 
2024/11/16, 34, , 7, 
2024/11/17, 29, , 10, 
2024/11/18, 35, , 9, 
2024/11/19, 54, , 8, 
2024/11/20, 33, , 8, 
2024/11/21, 32, , 8, 
2024/11/22, 5, , 6, 1
2024/11/23, 5, , 8, 2
2024/11/24, 11, , 6, 2
2024/11/25, 10, , 11, 3
2024/11/26, 31, , 5, 2
2024/11/27, 26, , 8, 2
2024/11/28, 22, , 6, 2
2024/11/29, 17, , 3, 2
2024/11/30, 10, , 4, 2
2024/12/1, 19, , 6, 2
2024/12/2, 22, , 10, 2
2024/12/3, 17, , 14, 2
2024/12/4, 21, , 8, 2
2024/12/5, 37, , 7, 2
2024/12/6, 16, , 8, 2
2024/12/7, 11, , 6, 1
2024/12/8, 33, , 6, 1
2024/12/9, 30, , 10, 1
2024/12/10, 40, , 12, 1
2024/12/11, 49, , 8, 1
2024/12/12, 37, , 5, 1
2024/12/13, 18, , 13, 2
2024/12/14, 22, , 11, 1
2024/12/15, 34, , 12, 1
2024/12/16, 44, , 6, 1
2024/12/17, 12, , 5, 1
2024/12/18, 34, , 13, 1
2024/12/19, 45, , 8, 1
2024/12/20, 16, , 6, 1
2024/12/21, 21, , 6, 1
2024/12/22, 10, , 11, 2
2024/12/23, 20, , 13, 1
2024/12/24, 26, , 8, 1
2024/12/25, 45, , 4, 
2024/12/26, 27, , 8, 1
2024/12/27, 43, , 12, 3
2024/12/28, 38, , 9, 1
2024/12/29, 36, , 7, 1
2024/12/30, 22, , , 
2024/7/2, 16, , 10, 2
2024/7/3, 40, , 7, 2
2024/7/4, 30, , 4, 2
2024/7/5, 31, , 4, 1
2024/7/6, 52, , 3, 1
2024/7/7, 25, , 4, 1
2024/7/8, 29, , 9, 2
2024/7/9, 35, , 9, 2
2024/7/10, 45, , , 1
2024/7/11, 35, , , 1
2024/7/12, 14, , 8, 2
2024/7/13, 28, , 4, 2
2024/7/14, 39, , 4, 2
2024/7/15, 43, , 4, 1
2024/7/16, 27, , 8, 1
2024/7/17, 26, , 9, 2
2024/7/18, 37, , 8, 1
2024/7/19, 25, , 9, 2
2024/7/20, 28, , 5, 1
2024/7/21, 25, , 6, 1
2024/7/22, 34, , 6, 1
2024/7/23, 41, , 8, 1
2024/7/24, 44, , 7, 2
2024/7/25, 48, , 7, 1
2024/7/26, 20, , 7, 2
2024/7/27, 31, , 2, 2
2024/7/28, 52, , 3, 2
2024/7/29, 53, , 7, 2
2024/7/30, 54, , 6, 2
2024/7/31, 44, , 6, 2
2024/8/1, 35, , 12, 3
2024/8/2, 49, , 9, 2
2024/8/3, 35, , 10, 2
2024/8/4, 36, , 5, 3
2024/8/5, 59, , 8, 2
2024/8/6, 59, , 3, 1
2024/8/7, 31, , 2, 1
2024/8/8, 22, , 4, 1
2024/8/9, 15, , 5, 1
2024/8/10, 19, , 4, 1
2024/8/11, 19, , 2, 1
2024/8/12, 16, , 5, 1
2024/8/13, 17, , 9, 2
2024/8/14, 44, , 13, 2
2024/8/15, 48, , 8, 2
2024/8/16, 57, , 5, 2
2024/8/17, 61, , 5, 2
2024/8/18, 37, , 3, 2
2024/8/19, 26, , 4, 2
2024/8/20, 16, , 6, 2
2024/8/21, 14, , 8, 2
2024/8/22, 19, , 7, 2
2024/8/23, 25, , 11, 2
2024/8/24, 30, , 7, 2
2024/8/25, 50, , 6, 2
2024/8/26, 53, , 8, 2
2024/8/27, 57, , 7, 3
2024/8/28, 55, , 5, 1
2024/8/29, 33, , 2, 1
2024/8/30, 24, , 8, 2
2024/8/31, 28, , 4, 1
2024/9/1, 25, , 3, 1
2024/9/2, 30, , 6, 2
2024/9/3, 15, , 7, 2
2024/9/4, 27, , 5, 1
2024/9/5, 22, , 10, 2
2024/9/6, 27, , 10, 2
2024/9/7, 22, , 3, 1
2024/9/8, 10, , 2, 1
2024/9/9, 10, , 7, 1
2024/9/10, 19, , 8, 2
2024/9/11, 27, , 9, 2
2024/9/12, 27, , 6, 2
2024/9/13, 40, , 6, 1
2024/9/14, 44, , 3, 1
2024/9/15, 43, , 4, 1
2024/9/16, 48, , 5, 1
2024/9/17, 41, , 5, 1
2024/9/18, 35, , 4, 1
2024/9/19, 39, , 5, 1
2024/9/20, 44, , 4, 1
2024/9/21, 56, , 5, 1
2024/9/22, 55, , 8, 2
2024/9/23, 48, , 5, 1
2024/9/24, 24, , 2, 1
2024/9/25, 10, , 9, 1
2024/9/26, 12, , 9, 1
2024/9/27, 22, , 4, 1
2024/9/28, 20, , 1, 1
2024/9/29, 16, , 1, 1
2024/9/30, 13, , 2, 1
2024/10/1, 25, , 8, 1
2024/4/2, 28, , 3, 1
2024/4/3, 15, , 6, 1
2024/4/4, 10, , 9, 2
2024/4/5, 15, , 8, 2
2024/4/6, 13, , 5, 2
2024/4/7, 13, , 10, 2
2024/4/8, 19, , 9, 3
2024/4/9, 25, , 16, 3
2024/4/10, 42, , 10, 2
2024/4/11, 31, , 4, 1
2024/4/12, 29, , 3, 1
2024/4/13, 8, , 3, 1
2024/4/14, 9, , 9, 1
2024/4/15, 23, , 13, 2
2024/4/16, 34, , 16, 2
2024/4/17, 23, , 4, 1
2024/4/18, 21, , 10, 2
2024/4/19, 32, , 7, 1
2024/4/20, 26, , 6, 
2024/4/21, 13, , 3, 
2024/4/22, 12, , 11, 
2024/4/23, 18, , 8, 2
2024/4/24, 25, , 9, 2
2024/4/25, 20, , 8, 2
2024/4/26, 19, , 6, 2
2024/4/27, 16, , 4, 2
2024/4/28, 26, , 6, 2
2024/4/29, 46, , 5, 2
2024/4/30, 45, , 8, 2
2024/5/1, 28, , 12, 2
2024/5/2, 33, , 9, 2
2024/5/3, 24, , 6, 2
2024/5/4, 20, , 3, 1
2024/5/5, 24, , 4, 1
2024/5/6, 15, , 10, 2
2024/5/7, 29, , 8, 2
2024/5/8, 26, , 4, 1
2024/5/9, 22, , 1, 1
2024/5/10, 13, , 4, 1
2024/5/11, 21, , 5, 1
2024/5/12, 21, , 4, 1
2024/5/13, 22, , 11, 2
2024/5/14, 27, , 11, 2
2024/5/15, 40, , 2, 1
2024/5/16, 43, , 3, 1
2024/5/17, 41, , 4, 1
2024/5/18, 20, , 4, 1
2024/5/19, 24, , 6, 2
2024/5/20, 36, , 14, 2
2024/5/21, 42, , 10, 2
2024/5/22, 47, , 9, 2
2024/5/23, 41, , 10, 1
2024/5/24, 24, , 13, 2
2024/5/25, 30, , 6, 2
2024/5/26, 32, , 15, 5
2024/5/27, 39, , , 
2024/5/28, 19, , , 
2024/5/29, 14, , , 
2024/5/30, 19, , 9, 1
2024/5/31, 16, , 13, 2
2024/6/1, 22, , 8, 1
2024/6/2, 26, , 7, 2
2024/6/3, 32, , 11, 2
2024/6/4, 37, , 7, 2
2024/6/5, 35, , 5, 1
2024/6/6, 40, , 8, 1
2024/6/7, 16, , 7, 1
2024/6/8, 13, , 2, 1
2024/6/9, 12, , 3, 1
2024/6/10, 16, , 6, 1
2024/6/11, 24, , 9, 1
2024/6/12, 32, , 11, 2
2024/6/13, 35, , 9, 1
2024/6/14, 31, , 9, 1
2024/6/15, 26, , 4, 1
2024/6/16, 30, , 3, 1
2024/6/17, 33, , 10, 2
2024/6/18, 48, , 12, 2
2024/6/19, 52, , 11, 2
2024/6/20, 56, , 10, 2
2024/6/21, 44, , 11, 2
2024/6/22, 52, , 8, 2
2024/6/23, 57, , 2, 1
2024/6/24, 35, , 6, 1
2024/6/25, 33, , 12, 1
2024/6/26, 35, , 13, 1
2024/6/27, 25, , 6, 1
2024/6/28, 21, , 2, 1
2024/6/29, 23, , 3, 1
2024/6/30, 30, , 2, 1
2024/7/1, 24, , 4, 1
2024/1/2, 15, , , 
2024/1/3, 23, , 11, 2
2024/1/4, 29, , 8, 1
2024/1/5, 17, , 8, 1
2024/1/6, 30, , 5, 1
2024/1/7, 45, , 8, 2
2024/1/8, 47, , 11, 2
2024/1/9, 40, , 3, 1
2024/1/10, 20, , 3, 1
2024/1/11, 9, , 8, 2
2024/1/12, 30, , 8, 2
2024/1/13, 32, , 2, 2
2024/1/14, 11, , 3, 1
2024/1/15, 16, , 10, 2
2024/1/16, 23, , 14, 2
2024/1/17, 26, , 6, 2
2024/1/18, 20, , 13, 2
2024/1/19, 35, , 13, 2
2024/1/20, 38, , 7, 2
2024/1/21, 13, , 5, 1
2024/1/22, 11, , 11, 2
2024/1/23, 33, , 9, 2
2024/1/24, 56, , 23, 5
2024/1/25, 47, , 12, 3
2024/1/26, 28, , 9, 3
2024/1/27, 18, , 12, 3
2024/1/28, 28, , 3, 2
2024/1/29, 18, , 11, 2
2024/1/30, 18, , 7, 1
2024/1/31, 29, , 9, 2
2024/2/1, 46, , 6, 2
2024/2/2, 44, , 6, 2
2024/2/3, 23, , 5, 2
2024/2/4, 21, , 14, 4
2024/2/5, 57, , 11, 4
2024/2/6, 49, , 14, 3
2024/2/7, 45, , 21, 5
2024/2/8, 41, , 19, 4
2024/2/9, 50, , 12, 2
2024/2/10, 37, , 5, 2
2024/2/11, 45, , 3, 2
2024/2/12, 20, , 10, 3
2024/2/13, 41, , 12, 3
2024/2/14, 51, , 8, 2
2024/2/15, 17, , 18, 2
2024/2/16, 27, , 5, 1
2024/2/17, 10, , 5, 2
2024/2/18, 11, , 3, 1
2024/2/19, 28, , 9, 2
2024/2/20, 14, , 9, 2
2024/2/21, 36, , 18, 3
2024/2/22, 50, , 14, 3
2024/2/23, 46, , 8, 2
2024/2/24, 53, , 5, 2
2024/2/25, 10, , 6, 2
2024/2/26, 14, , 10, 2
2024/2/27, 39, , 13, 2
2024/2/28, 51, , 4, 1
2024/2/29, 30, , 5, 1
2024/3/1, 12, , 10, 2
2024/3/2, 21, , 7, 2
2024/3/3, 17, , 7, 2
2024/3/4, 32, , 9, 2
2024/3/5, 27, , 7, 1
2024/3/6, 23, , 6, 1
2024/3/7, 24, , 2, 1
2024/3/8, 11, , 4, 2
2024/3/9, 14, , 3, 1
2024/3/10, 11, , 3, 1
2024/3/11, 9, , 5, 1
2024/3/12, 14, , 11, 2
2024/3/13, 35, , 12, 2
2024/3/14, 60, , 13, 3
2024/3/15, 56, , 7, 1
2024/3/16, 21, , 3, 1
2024/3/17, 25, , 2, 1
2024/3/18, 12, , 4, 1
2024/3/19, 9, , 6, 1
2024/3/20, 21, , 7, 2
2024/3/21, 15, , 6, 1
2024/3/22, 10, , 10, 2
2024/3/23, 18, , 5, 2
2024/3/24, 16, , 11, 2
2024/3/25, 13, , 5, 2
2024/3/26, 17, , 6, 2
2024/3/27, 26, , 5, 2
2024/3/28, 25, , 7, 2
2024/3/29, 39, , 15, 3
2024/3/30, 30, , 11, 2
2024/3/31, 19, , 6, 2
2024/4/1, 23, , 6, 1
2023/10/2, 52, , 15, 2
2023/10/3, 42, , 19, 2
2023/10/4, 46, , 14, 2
2023/10/5, 49, , 13, 2
2023/10/6, 38, , 8, 1
2023/10/7, 24, , 5, 1
2023/10/8, 15, , 3, 1
2023/10/9, 8, , 6, 1
2023/10/10, 11, , 12, 1
2023/10/11, 15, , 9, 2
2023/10/12, 18, , 11, 2
2023/10/13, 25, , 6, 2
2023/10/14, 17, , 5, 1
2023/10/15, 14, , 4, 1
2023/10/16, 7, , 8, 1
2023/10/17, 15, , 13, 1
2023/10/18, 21, , 13, 1
2023/10/19, 28, , 10, 1
2023/10/20, 29, , 8, 1
2023/10/21, 24, , 4, 1
2023/10/22, 18, , 3, 1
2023/10/23, 12, , 11, 2
2023/10/24, 18, , 15, 2
2023/10/25, 22, , 12, 2
2023/10/26, 31, , 16, 2
2023/10/27, 38, , 8, 1
2023/10/28, 25, , 4, 1
2023/10/29, 17, , 2, 1
2023/10/30, 12, , 8, 1
2023/10/31, 11, , 14, 1
2023/11/1, 26, , 12, 2
2023/11/2, 25, , 11, 1
2023/11/3, 23, , 7, 1
2023/11/4, 20, , 11, 2
2023/11/7, 38, , 5, 1
2023/11/8, 24, , 3, 
2023/11/9, 12, , 5, 1
2023/11/10, 26, , 7, 1
2023/11/11, 15, , 4, 1
2023/11/12, 14, , 7, 1
2023/11/13, 22, , 11, 1
2023/11/14, 32, , 10, 1
2023/11/15, 22, , 15, 2
2023/11/16, 27, , 24, 4
2023/11/17, 57, , 9, 1
2023/11/18, 33, , 7, 1
2023/11/19, 13, , 8, 1
2023/11/20, 23, , 7, 1
2023/11/21, 14, , 9, 1
2023/11/22, 15, , 10, 2
2023/11/23, 20, , 4, 1
2023/11/24, 30, , 7, 1
2023/11/25, 11, , 12, 2
2023/11/26, 28, , 10, 2
2023/11/27, 33, , 5, 1
2023/11/28, 24, , 5, 1
2023/11/29, 11, , 9, 1
2023/11/30, 28, , 10, 1
2023/12/1, 44, , 10, 1
2023/12/2, 42, , 8, 1
2023/12/3, 33, , 4, 1
2023/12/4, 21, , 8, 1
2023/12/5, 18, , 11, 1
2023/12/6, 32, , 9, 2
2023/12/7, 24, , 20, 2
2023/12/8, 48, , 12, 2
2023/12/9, 42, , 6, 1
2023/12/10, 19, , 4, 1
2023/12/11, 23, , 5, 1
2023/12/12, 9, , 6, 1
2023/12/13, 31, , 6, 1
2023/12/14, 17, , 16, 1
2023/12/15, 23, , 7, 1
2023/12/16, 47, , 12, 2
2023/12/17, 55, , 2, 1
2023/12/18, 32, , 7, 2
2023/12/19, 20, , 11, 2
2023/12/20, 9, , 10, 1
2023/12/21, 31, , , 
2023/12/22, 23, , , 
2023/12/23, 29, , , 
2023/12/24, 47, , , 
2023/12/25, 63, , , 
2023/12/26, 50, , , 
2023/12/27, 35, , , 
2023/12/28, 17, , , 
2023/12/29, 21, , , 
2023/12/30, 31, , , 
2023/12/31, 16, , , 
2024/1/1, 33, , , 
2023/7/2, 84, , 5, 2
2023/7/3, 54, , 7, 2
2023/7/4, 31, , 7, 2
2023/7/5, 52, , 14, 3
2023/7/6, 58, , 10, 2
2023/7/7, 47, , 10, 2
2023/7/8, 35, , 7, 3
2023/7/9, 41, , 5, 3
2023/7/10, 48, , 11, 3
2023/7/11, 36, , 12, 2
2023/7/12, 41, , 7, 1
2023/7/13, 34, , 6, 2
2023/7/14, 30, , 11, 2
2023/7/15, 31, , 5, 2
2023/7/16, 32, , 4, 2
2023/7/17, 52, , 9, 4
2023/7/18, 132, , 10, 4
2023/7/19, 82, , 7, 2
2023/7/20, 26, , 10, 2
2023/7/21, 39, , 9, 2
2023/7/22, 34, , 8, 2
2023/7/23, 46, , 9, 2
2023/7/24, 51, , 9, 2
2023/7/25, 43, , 13, 2
2023/7/26, 54, , 13, 3
2023/7/27, 54, , 6, 2
2023/7/28, 23, , 10, 3
2023/7/29, 28, , 5, 1
2023/7/30, 15, , 6, 2
2023/7/31, 12, , 10, 2
2023/8/1, 17, , 8, 1
2023/8/2, 14, , 11, 2
2023/8/3, 17, , 12, 3
2023/8/4, 45, , 11, 4
2023/8/5, 46, , 4, 2
2023/8/6, 38, , 2, 2
2023/8/7, 29, , 9, 2
2023/8/8, 13, , 8, 2
2023/8/9, 19, , 13, 3
2023/8/10, 27, , 13, 2
2023/8/11, 25, , 9, 2
2023/8/12, 14, , 5, 2
2023/8/13, 15, , 5, 1
2023/8/14, 8, , 5, 1
2023/8/15, 18, , 3, 1
2023/8/16, 26, , 11, 3
2023/8/17, 69, , 8, 2
2023/8/18, 55, , 4, 2
2023/8/19, 42, , 5, 2
2023/8/20, 51, , 7, 3
2023/8/21, 62, , 9, 3
2023/8/22, 55, , 3, 1
2023/8/23, 31, , 8, 1
2023/8/24, 34, , 9, 1
2023/8/25, 33, , 12, 2
2023/8/26, 26, , 7, 2
2023/8/27, 30, , 3, 1
2023/8/28, 24, , 5, 1
2023/8/29, 35, , 11, 2
2023/8/30, 41, , 7, 1
2023/8/31, 20, , 6, 1
2023/9/1, 16, , 7, 1
2023/9/2, 25, , 8, 1
2023/9/3, 23, , 4, 1
2023/9/4, 39, , 4, 1
2023/9/5, 28, , 14, 2
2023/9/6, 33, , 13, 2
2023/9/7, 34, , 9, 2
2023/9/8, 34, , 7, 2
2023/9/9, 22, , 2, 1
2023/9/10, 14, , 3, 1
2023/9/11, 16, , 5, 1
2023/9/12, 23, , 11, 1
2023/9/13, 23, , 10, 1
2023/9/14, 15, , 12, 2
2023/9/15, 25, , 7, 1
2023/9/16, 33, , 9, 2
2023/9/17, 35, , 8, 2
2023/9/18, 51, , 12, 2
2023/9/19, 40, , 9, 1
2023/9/20, 23, , 12, 1
2023/9/21, 26, , 6, 1
2023/9/22, 29, , 4, 1
2023/9/23, 32, , 4, 2
2023/9/24, 44, , 3, 1
2023/9/25, 28, , 3, 1
2023/9/26, 38, , 3, 1
2023/9/27, 50, , 3, 1
2023/9/28, 37, , 5, 1
2023/9/29, 29, , 5, 1
2023/9/30, 31, , 6, 2
2023/10/1, 39, , 11, 3
2023/4/2, 24, , 6, 1
2023/4/3, 16, , 13, 2
2023/4/4, 34, , 6, 2
2023/4/5, 31, , 9, 2
2023/4/6, 38, , 6, 1
2023/4/7, 29, , 6, 1
2023/4/8, 20, , 9, 2
2023/4/9, 23, , 11, 2
2023/4/10, 32, , 18, 2
2023/4/11, 38, , 17, 2
2023/4/12, 54, , 7, 1
2023/4/13, 46, , 8, 
2023/4/14, 55, , 19, 2
2023/4/15, 69, , 9, 1
2023/4/16, 81, , 7, 1
2023/4/17, 67, , 6, 
2023/4/18, 16, , 5, 
2023/4/19, 22, , 9, 
2023/4/20, 23, , 5, 1
2023/4/21, 35, , 11, 2
2023/4/22, 47, , 4, 1
2023/4/23, 42, , 3, 1
2023/4/24, 31, , 9, 1
2023/4/25, 27, , 9, 1
2023/4/26, 46, , 13, 1
2023/4/27, 52, , 7, 1
2023/4/28, 40, , 3, 1
2023/4/29, 42, , 4, 1
2023/4/30, 18, , 4, 1
2023/5/1, 27, , 5, 1
2023/5/2, 15, , 7, 1
2023/5/3, 8, , 12, 1
2023/5/4, 17, , 11, 2
2023/5/5, 26, , 7, 1
2023/5/6, 26, , 6, 2
2023/5/7, 24, , 4, 2
2023/5/8, 24, , 13, 2
2023/5/9, 40, , 7, 1
2023/5/10, 29, , 15, 3
2023/5/11, 35, , 16, 2
2023/5/12, 37, , 22, 3
2023/5/13, 53, , 10, 3
2023/5/14, 53, , 5, 1
2023/5/15, 29, , 11, 2
2023/5/16, 33, , 8, 1
2023/5/17, 28, , 4, 1
2023/5/18, 19, , 7, 2
2023/5/19, 26, , 12, 2
2023/5/20, 47, , 5, 2
2023/5/21, 59, , 5, 2
2023/5/22, 36, , 6, 1
2023/5/23, 33, , 12, 2
2023/5/24, 45, , 10, 2
2023/5/25, 44, , 4, 1
2023/5/26, 18, , 11, 2
2023/5/27, 40, , 6, 2
2023/5/28, 34, , 5, 2
2023/5/29, 43, , 5, 2
2023/5/30, 57, , 9, 2
2023/5/31, 54, , 16, 2
2023/6/1, 60, , 8, 2
2023/6/2, 60, , 10, 2
2023/6/3, 65, , 2, 1
2023/6/4, 55, , 3, 1
2023/6/5, 73, , 13, 3
2023/6/6, 115, , 11, 3
2023/6/7, 128, , 12, 4
2023/6/8, 172, , 9, 3
2023/6/9, 115, , 10, 3
2023/6/10, 88, , 8, 3
2023/6/11, 86, , 4, 2
2023/6/12, 90, , 4, 2
2023/6/13, 53, , 6, 1
2023/6/14, 42, , 9, 1
2023/6/15, 39, , 14, 2
2023/6/16, 53, , 9, 2
2023/6/17, 66, , 7, 3
2023/6/18, 98, , 12, 3
2023/6/19, 95, , 3, 2
2023/6/20, 77, , 3, 1
2023/6/21, 48, , 3, 1
2023/6/22, 64, , 3, 1
2023/6/23, 27, , 4, 2
2023/6/24, 18, , 6, 3
2023/6/25, 26, , 3, 2
2023/6/26, 30, , 8, 2
2023/6/27, 31, , 8, 4
2023/6/28, 64, , 10, 10
2023/6/29, 162, , 12, 4
2023/6/30, 115, , 9, 8
2023/7/1, 166, , 8, 4
2023/1/3, 51, , 9, 3
2023/1/4, 39, , 10, 4
2023/1/5, 33, , 14, 4
2023/1/6, 36, , 8, 3
2023/1/7, 37, , 8, 3
2023/1/8, 33, , 8, 3
2023/1/9, 30, , 6, 3
2023/1/10, 45, , 9, 3
2023/1/11, 39, , 10, 3
2023/1/12, 45, , 12, 4
2023/1/13, 42, , 7, 3
2023/1/14, 32, , 12, 4
2023/1/15, 38, , 17, 5
2023/1/16, 41, , 14, 4
2023/1/17, 35, , 18, 3
2023/1/18, 39, , 8, 2
2023/1/19, 38, , 10, 2
2023/1/20, 25, , 6, 1
2023/1/21, 33, , 8, 1
2023/1/22, 31, , 8, 2
2023/1/23, 34, , 8, 2
2023/1/24, 37, , 7, 2
2023/1/25, 42, , 11, 2
2023/1/26, 23, , 5, 2
2023/1/27, 37, , 6, 2
2023/1/28, 33, , 2, 2
2023/1/29, 43, , 4, 2
2023/1/30, 37, , 5, 1
2023/1/31, 28, , 10, 2
2023/2/1, 32, , 9, 2
2023/2/2, 45, , 7, 2
2023/2/3, 56, , 5, 1
2023/2/4, 23, , 7, 2
2023/2/5, 31, , 6, 2
2023/2/6, 36, , 10, 2
2023/2/7, 63, , 14, 2
2023/2/8, 58, , 11, 2
2023/2/9, 69, , 15, 3
2023/2/10, 61, , 4, 2
2023/2/11, 27, , 5, 1
2023/2/12, 19, , 16, 2
2023/2/13, 59, , 19, 4
2023/2/14, 67, , 20, 3
2023/2/15, 66, , 6, 2
2023/2/16, 33, , 7, 2
2023/2/17, 42, , 7, 2
2023/2/18, 27, , 5, 1
2023/2/19, 36, , 10, 2
2023/2/20, 31, , 11, 2
2023/2/21, 47, , 12, 2
2023/2/22, 56, , 8, 2
2023/2/23, 37, , 9, 
2023/2/24, 37, , 7, 2
2023/2/25, 25, , 8, 2
2023/2/26, 50, , 6, 2
2023/2/27, 65, , 14, 3
2023/2/28, 49, , 8, 2
2023/3/1, 39, , 18, 3
2023/3/2, 50, , 14, 3
2023/3/3, 81, , 12, 3
2023/3/4, 56, , 6, 2
2023/3/5, 28, , 11, 3
2023/3/6, 59, , 19, 4
2023/3/7, 67, , 8, 2
2023/3/8, 26, , 11, 2
2023/3/9, 25, , 15, 2
2023/3/10, 30, , 6, 2
2023/3/11, 27, , 7, 2
2023/3/12, 16, , 5, 2
2023/3/13, 31, , 14, 3
2023/3/14, 61, , 7, 2
2023/3/15, 27, , 9, 2
2023/3/16, 26, , 14, 2
2023/3/17, 54, , 8, 1
2023/3/18, 39, , 3, 1
2023/3/19, 35, , 3, 1
2023/3/20, 23, , 8, 1
2023/3/21, 38, , 11, 2
2023/3/22, 52, , 18, 2
2023/3/23, 54, , 14, 2
2023/3/24, 45, , 10, 2
2023/3/25, 26, , 3, 1
2023/3/26, 21, , 6, 1
2023/3/27, 26, , 9, 2
2023/3/28, 27, , 14, 2
2023/3/29, 37, , 12, 2
2023/3/30, 38, , 13, 2
2023/3/31, 21, , 15, 2
2023/4/1, 37, , 4, 1
2022/10/2, 21, , 2, 2
2022/10/3, 16, , 6, 2
2022/10/4, 24, , 12, 3
2022/10/5, 27, , 16, 4
2022/10/6, 30, , 19, 3
2022/10/7, 37, , 7, 2
2022/10/8, 18, , 4, 2
2022/10/9, 13, , 3, 2
2022/10/10, 22, , 11, 2
2022/10/11, 34, , 16, 3
2022/10/12, 37, , 11, 2
2022/10/13, 39, , 8, 2
2022/10/14, 19, , 9, 2
2022/10/15, 14, , 3, 2
2022/10/16, 13, , 8, 2
2022/10/17, 25, , 8, 2
2022/10/18, 26, , 5, 2
2022/10/19, 17, , 6, 2
2022/10/20, 18, , 6, 2
2022/10/21, 31, , 16, 3
2022/10/22, 39, , 9, 3
2022/10/23, 55, , 6, 2
2022/10/24, 49, , 10, 2
2022/10/25, 36, , 13, 3
2022/10/26, 36, , 10, 2
2022/10/27, 36, , 8, 2
2022/10/28, 31, , 10, 3
2022/10/29, 28, , 13, 4
2022/10/30, 39, , 15, 5
2022/10/31, 46, , 16, 3
2022/11/1, 45, , 8, 2
2022/11/2, 55, , 11, 3
2022/11/3, 63, , 19, 5
2022/11/4, 57, , 16, 4
2022/11/5, 47, , 4, 1
2022/11/6, 28, , 5, 1
2022/11/7, 29, , 6, 1
2022/11/8, 34, , 9, 2
2022/11/9, 28, , 16, 3
2022/11/10, 25, , 16, 3
2022/11/11, 50, , 12, 3
2022/11/12, 30, , 5, 2
2022/11/13, 36, , 4, 1
2022/11/14, 25, , 9, 2
2022/11/15, 31, , 6, 1
2022/11/16, 23, , , 
2022/11/17, 29, , 6, 2
2022/11/18, 26, , 5, 2
2022/11/19, 30, , 4, 1
2022/11/20, 28, , 4, 1
2022/11/21, 31, , 10, 2
2022/11/22, 30, , 19, 3
2022/11/23, 55, , 28, 5
2022/11/24, 81, , 30, 5
2022/11/25, 70, , 10, 2
2022/11/26, 33, , 8, 1
2022/11/27, 29, , 13, 2
2022/11/28, 28, , 9, 1
2022/11/29, 27, , 11, 2
2022/11/30, 34, , 5, 1
2022/12/1, 31, , 7, 1
2022/12/2, 24, , 12, 2
2022/12/3, 30, , 3, 1
2022/12/4, 15, , 4, 1
2022/12/5, 26, , 14, 2
2022/12/6, 28, , 10, 2
2022/12/7, 41, , 17, 3
2022/12/8, 58, , 11, 1
2022/12/9, 36, , 3, 
2022/12/10, 28, , 3, 
2022/12/11, 33, , 11, 1
2022/12/12, 46, , 3, 
2022/12/13, 28, , 17, 3
2022/12/14, 30, , 14, 3
2022/12/15, 34, , 4, 1
2022/12/16, 16, , 12, 2
2022/12/17, 38, , 10, 2
2022/12/18, 31, , 6, 2
2022/12/19, 36, , 5, 1
2022/12/20, 26, , 16, 2
2022/12/21, 31, , 19, 3
2022/12/22, 66, , 12, 2
2022/12/23, 51, , 8, 2
2022/12/24, 18, , 2, 2
2022/12/25, 13, , 3, 2
2022/12/26, 6, , 8, 2
2022/12/27, 28, , 11, 3
2022/12/28, 45, , 15, 3
2022/12/29, 37, , 19, 3
2022/12/30, 36, , 22, 4
2022/12/31, 54, , 19, 4
2023/1/1, 46, , 7, 3
2023/1/2, 54, , 11, 3
2022/7/2, 42, , 4, 1
2022/7/3, 32, , 6, 2
2022/7/4, 23, , 8, 2
2022/7/5, 70, , 9, 1
2022/7/6, 39, , 6, 1
2022/7/7, 25, , 6, 1
2022/7/8, 26, , 8, 1
2022/7/9, 32, , 1, 
2022/7/10, 20, , 3, 1
2022/7/11, 32, , 8, 1
2022/7/12, 41, , 6, 1
2022/7/13, 31, , 9, 1
2022/7/14, 34, , 9, 1
2022/7/15, 34, , 10, 1
2022/7/16, 31, , 4, 1
2022/7/17, 35, , 5, 
2022/7/18, 41, , 5, 
2022/7/19, 25, , 6, 1
2022/7/20, 35, , , 
2022/7/21, 41, , 5, 1
2022/7/22, 40, , 9, 2
2022/7/23, 37, , 5, 1
2022/7/24, 27, , 4, 1
2022/7/25, 35, , 7, 1
2022/7/26, 20, , 12, 1
2022/7/27, 18, , 11, 1
2022/7/28, 27, , 6, 1
2022/7/29, 30, , 7, 1
2022/7/30, 22, , 4, 1
2022/7/31, 16, , 7, 1
2022/8/1, 21, , 8, 1
2022/8/2, 32, , 6, 1
2022/8/3, 24, , 9, 1
2022/8/4, 25, , 9, 1
2022/8/5, 25, , , 
2022/8/6, 31, , , 
2022/8/7, 23, , , 
2022/8/8, 30, , 5, 1
2022/8/9, 26, , 6, 1
2022/8/10, 22, , 8, 1
2022/8/11, 23, , 12, 1
2022/8/12, 22, , 10, 1
2022/8/13, 23, 395, 8, 1
2022/8/14, 34, , , 
2022/8/15, 25, , 3, 
2022/8/16, 25, , 9, 1
2022/8/17, 27, , 12, 1
2022/8/18, 26, , 11, 2
2022/8/19, 30, , 13, 2
2022/8/20, 35, , 6, 2
2022/8/21, 50, , 5, 1
2022/8/22, 25, , 9, 1
2022/8/23, 17, , 8, 1
2022/8/24, 28, , 11, 2
2022/8/25, 34, , 9, 1
2022/8/26, 37, , 11, 2
2022/8/27, 38, , 3, 1
2022/8/28, 20, , 7, 2
2022/8/29, 33, , 7, 1
2022/8/30, 34, , 8, 1
2022/8/31, 24, , 3, 1
2022/9/1, 27, , 8, 1
2022/9/2, 15, , 6, 
2022/9/3, 21, , 7, 1
2022/9/4, 34, , 5, 1
2022/9/5, 33, , 1, 
2022/9/6, 12, , 2, 
2022/9/7, 21, , 5, 
2022/9/8, 15, , 9, 1
2022/9/9, 25, , 7, 
2022/9/10, 33, , 7, 
2022/9/11, 34, , 3, 
2022/9/12, 22, , 6, 
2022/9/13, 18, , 8, 
2022/9/14, 21, , 8, 2
2022/9/15, 28, , 3, 1
2022/9/16, 19, , 9, 2
2022/9/17, 35, , 8, 3
2022/9/18, 56, , 7, 3
2022/9/19, 52, , 8, 2
2022/9/20, 38, , 9, 3
2022/9/21, 31, , 10, 3
2022/9/22, 40, , 5, 2
2022/9/23, 17, , 7, 2
2022/9/24, 16, , 7, 2
2022/9/25, 27, , 4, 2
2022/9/26, 25, , 6, 2
2022/9/27, 12, , 4, 2
2022/9/28, 14, , 7, 2
2022/9/29, 16, , 6, 2
2022/9/30, 18, , 4, 2
2022/10/1, 21, , 3, 2
2022/4/2, 14, , , 
2022/4/3, 20, , , 
2022/4/4, 31, , , 
2022/4/5, 32, , , 
2022/4/6, 34, , 6, 2
2022/4/7, 37, , 8, 2
2022/4/8, 21, , 9, 2
2022/4/9, 27, , 6, 1
2022/4/10, 22, , 3, 1
2022/4/11, 13, , 11, 2
2022/4/12, 33, , 12, 2
2022/4/13, 39, , 8, 2
2022/4/14, 39, , 7, 1
2022/4/15, 24, , 6, 1
2022/4/16, 21, , 5, 1
2022/4/17, 21, , 5, 1
2022/4/18, 14, , 7, 1
2022/4/19, 22, , 4, 1
2022/4/20, 17, , 6, 1
2022/4/21, 16, , 7, 1
2022/4/22, 28, , 11, 1
2022/4/23, 32, , 3, 1
2022/4/24, 26, , 10, 3
2022/4/25, 52, , 12, 2
2022/4/26, 58, , 6, 1
2022/4/27, 25, , 7, 1
2022/4/28, 18, , 10, 1
2022/4/29, 24, , 17, 2
2022/4/30, 46, , 11, 2
2022/5/1, 31, , 4, 1
2022/5/2, 34, , 6, 1
2022/5/3, 35, , 12, 1
2022/5/4, 46, , 7, 1
2022/5/5, 25, , 7, 1
2022/5/6, 28, , 4, 1
2022/5/7, 26, , 1, 1
2022/5/8, 20, , 4, 1
2022/5/9, 23, , 4, 1
2022/5/10, 30, , 4, 1
2022/5/11, 37, , 6, 1
2022/5/12, 40, , 6, 1
2022/5/13, 32, , 9, 2
2022/5/14, 34, , 5, 2
2022/5/15, 27, , 5, 1
2022/5/16, 26, , 12, 1
2022/5/17, 36, , 6, 1
2022/5/18, 14, , 10, 1
2022/5/19, 22, , 7, 1
2022/5/20, 36, , 8, 2
2022/5/21, 39, , 4, 1
2022/5/22, 47, , 4, 1
2022/5/23, 25, , 6, 1
2022/5/24, 18, , 3, 1
2022/5/25, 20, , 2, 1
2022/5/26, 21, , 7, 1
2022/5/27, 26, , 8, 1
2022/5/28, 19, , 5, 1
2022/5/29, 27, , 6, 2
2022/5/30, 33, , 6, 2
2022/5/31, 46, , 11, 2
2022/6/1, 48, , 14, 2
2022/6/2, 45, , 9, 1
2022/6/3, 18, , 8, 2
2022/6/4, 23, , 4, 1
2022/6/5, 12, , 7, 1
2022/6/6, 21, , 8, 1
2022/6/7, 34, , 7, 1
2022/6/8, 40, , 7, 1
2022/6/9, 21, , 6, 1
2022/6/10, 23, , 7, 1
2022/6/11, 19, , 6, 1
2022/6/12, 35, , 4, 1
2022/6/13, 37, , 6, 1
2022/6/14, 27, , 3, 
2022/6/15, 25, , 8, 1
2022/6/16, 42, , 7, 1
2022/6/17, 68, , 5, 1
2022/6/18, 33, , 2, 
2022/6/19, 16, , 5, 
2022/6/20, 19, , 13, 1
2022/6/21, 29, , 8, 
2022/6/22, 35, , , 
2022/6/23, 42, , , 
2022/6/24, 17, , 12, 2
2022/6/25, 29, , 4, 1
2022/6/26, 34, , 5, 2
2022/6/27, 43, , 6, 1
2022/6/28, 20, , 9, 1
2022/6/29, 22, , 12, 1
2022/6/30, 26, , 12, 2
2022/7/1, 37, , 10, 2
2022/1/4, 26, , 9, 2
2022/1/5, 54, , 5, 1
2022/1/6, 43, , 8, 1
2022/1/7, 48, , 10, 1
2022/1/8, 40, , 16, 2
2022/1/9, 53, , 3, 1
2022/1/10, 33, , 4, 
2022/1/11, 29, , 6, 1
2022/1/12, 36, , 9, 2
2022/1/13, 58, , 18, 3
2022/1/14, 84, , 5, 1
2022/1/15, 36, , 3, 1
2022/1/16, 32, , 9, 2
2022/1/17, 41, , 5, 2
2022/1/18, 25, , 10, 2
2022/1/19, 34, , 6, 1
2022/1/20, 54, , 10, 1
2022/1/21, 28, , 20, 2
2022/1/22, 51, , 17, 3
2022/1/23, 55, , 8, 1
2022/1/24, 41, , 19, 2
2022/1/25, 46, , 12, 2
2022/1/26, 44, , 14, 2
2022/1/27, 48, , 11, 2
2022/1/28, 57, , 7, 1
2022/1/29, 40, , 9, 2
2022/1/30, 32, , 25, 3
2022/1/31, 66, , 21, 3
2022/2/1, 78, , 20, 3
2022/2/2, 84, , 11, 2
2022/2/3, 64, , 5, 1
2022/2/4, 20, , 6, 2
2022/2/5, 31, , 15, 2
2022/2/6, 48, , 11, 2
2022/2/7, 47, , 14, 2
2022/2/8, 66, , 9, 2
2022/2/9, 72, , 21, 3
2022/2/10, 60, , 6, 1
2022/2/11, 56, , 8, 1
2022/2/12, 48, , 3, 1
2022/2/13, 35, , 6, 2
2022/2/14, 33, , 16, 2
2022/2/15, 36, , 19, 2
2022/2/16, 69, , 9, 2
2022/2/17, 73, , 9, 2
2022/2/18, 41, , , 1
2022/2/19, 23, , , 1
2022/2/20, 30, , , 1
2022/2/21, 30, , , 2
2022/2/22, 40, , , 2
2022/2/23, 48, , , 1
2022/2/24, 33, , , 1
2022/2/25, 31, , , 2
2022/2/26, 28, , , 2
2022/2/27, 39, , , 1
2022/2/28, 54, , , 2
2022/3/1, 32, , , 2
2022/3/2, 62, , , 
2022/3/3, 47, , , 
2022/3/4, 26, , 21, 2
2022/3/5, 37, , 13, 2
2022/3/6, 36, , 3, 2
2022/3/7, 46, , 8, 2
2022/3/8, 31, , 8, 1
2022/3/9, 14, , 12, 2
2022/3/10, 33, , 17, 2
2022/3/11, 54, , 16, 2
2022/3/12, 57, , 4, 2
2022/3/13, 22, , 6, 1
2022/3/14, 23, , 22, 2
2022/3/15, 50, , 11, 2
2022/3/16, 62, , 13, 2
2022/3/17, 67, , 23, 4
2022/3/18, 63, , 22, 
2022/3/19, 89, , 7, 
2022/3/22, 18, , 6, 1
2022/3/23, 21, , 4, 1
2022/3/24, 17, , 7, 1
2022/3/25, 17, , 6, 1
2022/3/26, 23, , 3, 2
2022/3/27, 19, , 2, 2
2022/3/28, 12, , 5, 2
2022/3/29, 15, , 11, 2
2022/3/30, 22, , 11, 2
2022/3/31, 39, , 5, 2
2022/4/1, 39, , , 
2021/10/2, 30, , 10, 1
2021/10/3, 30, , 12, 2
2021/10/4, 34, , , 
2021/10/5, 21, , , 
2021/10/6, 25, , , 
2021/10/7, 21, , , 
2021/10/8, 34, , , 
2021/10/9, 39, , , 
2021/10/10, 30, , , 
2021/10/11, 23, , , 
2021/10/12, 22, , , 
2021/10/13, 24, , , 
2021/10/14, 32, , , 
2021/10/15, 43, , , 
2021/10/16, 36, , , 
2021/10/17, 21, , , 
2021/10/18, 14, , , 
2021/10/19, 15, , , 
2021/10/20, 23, , , 
2021/10/21, 34, , , 
2021/10/22, 46, , , 
2021/10/23, 21, , , 
2021/10/24, 30, , , 
2021/10/25, 34, , , 
2021/10/26, 18, , , 
2021/10/27, 7, , , 
2021/10/28, 25, , , 
2021/10/29, 39, , , 
2021/10/30, 31, , 3, 1
2021/10/31, 22, , 4, 1
2021/11/1, 28, , 6, 1
2021/11/2, 13, , 8, 1
2021/11/3, 16, , 12, 1
2021/11/4, 16, , 16, 1
2021/11/5, 23, , 21, 2
2021/11/6, 32, , 17, 2
2021/11/7, 47, , 16, 2
2021/11/8, 55, , 21, 2
2021/11/9, 56, , 18, 2
2021/11/10, 59, , 17, 2
2021/11/11, 39, , 6, 1
2021/11/12, 36, , 6, 1
2021/11/13, 23, , 5, 2
2021/11/14, 20, , 6, 2
2021/11/15, 21, , 8, 2
2021/11/16, 20, , 11, 3
2021/11/17, 22, , 11, 3
2021/11/18, 48, , 6, 2
2021/11/19, 36, , 7, 2
2021/11/20, 16, , 12, 3
2021/11/21, 24, , 10, 2
2021/11/22, 36, , 6, 2
2021/11/23, 15, , 13, 2
2021/11/24, 18, , 15, 2
2021/11/25, 25, , 8, 1
2021/11/26, 26, , 3, 1
2021/11/27, 18, , 7, 1
2021/11/28, 14, , 9, 2
2021/11/29, 45, , 12, 2
2021/11/30, 24, , 12, 2
2021/12/1, 39, , 9, 1
2021/12/2, 26, , 6, 1
2021/12/3, 37, , 11, 2
2021/12/4, 14, , 7, 2
2021/12/5, 27, , 9, 1
2021/12/6, 25, , 5, 1
2021/12/7, 33, , 8, 1
2021/12/8, 22, , 15, 1
2021/12/9, 51, , 11, 1
2021/12/10, 62, , 16, 2
2021/12/11, 55, , 3, 1
2021/12/12, 26, , 3, 1
2021/12/13, 14, , 6, 1
2021/12/14, 20, , 14, 3
2021/12/15, 43, , 11, 1
2021/12/16, 30, , 6, 1
2021/12/17, 34, , 8, 1
2021/12/18, 33, , 4, 1
2021/12/19, 27, , 11, 2
2021/12/20, 30, , 14, 2
2021/12/21, 41, , 13, 2
2021/12/22, 62, , 5, 1
2021/12/23, 35, , 8, 1
2021/12/24, 39, , 14, 2
2021/12/25, 60, , 8, 1
2021/12/26, 35, , 5, 1
2021/12/27, 34, , 7, 1
2021/12/28, 32, , 9, 1
2021/12/29, 38, , 11, 2
2021/12/30, 41, , 12, 2
2021/12/31, 61, , 14, 3
2022/1/1, 67, , 9, 1
2022/1/2, 53, , 6, 1
2022/1/3, 18, , 13, 1
2021/7/2, 31, , 6, 1
2021/7/3, 24, , 6, 1
2021/7/4, 28, , 4, 1
2021/7/5, 48, , 5, 1
2021/7/6, 52, , 8, 2
2021/7/7, 68, , 8, 1
2021/7/8, 46, , 9, 1
2021/7/9, 34, , 8, 2
2021/7/10, 30, , 3, 1
2021/7/11, 24, , 2, 1
2021/7/12, 28, , 2, 1
2021/7/13, 15, , 8, 1
2021/7/14, 29, , 7, 1
2021/7/15, 28, , 12, 1
2021/7/16, 42, , 3, 1
2021/7/17, 34, , 1, 1
2021/7/18, 27, , 5, 1
2021/7/19, 47, , 8, 2
2021/7/20, 65, , 11, 3
2021/7/21, 100, , 5, 1
2021/7/22, 43, , 9, 1
2021/7/23, 40, , 7, 1
2021/7/24, 45, , 4, 1
2021/7/25, 52, , 4, 1
2021/7/26, 46, , 11, 2
2021/7/27, 60, , 12, 2
2021/7/28, 58, , 3, 1
2021/7/29, 54, , 8, 1
2021/7/30, 51, , 8, 1
2021/7/31, 34, , 6, 1
2021/8/1, 29, , 6, 1
2021/8/2, 40, , 9, 1
2021/8/3, 27, , 14, 2
2021/8/4, 36, , 5, 2
2021/8/5, 46, , 7, 2
2021/8/6, 48, , 13, 3
2021/8/7, 55, , 8, 3
2021/8/8, 56, , 6, 2
2021/8/9, 58, , 5, 2
2021/8/10, 61, , 7, 2
2021/8/11, 52, , 5, 1
2021/8/12, 38, , 7, 1
2021/8/13, 34, , 7, 1
2021/8/14, 34, , 6, 2
2021/8/15, 26, , 3, 1
2021/8/16, 29, , 2, 1
2021/8/17, 28, , 8, 2
2021/8/18, 29, , 3, 1
2021/8/19, 22, , 8, 2
2021/8/20, 27, , 12, 2
2021/8/21, 48, , 6, 2
2021/8/22, 48, , 8, 2
2021/8/23, 53, , 8, 2
2021/8/24, 54, , 16, 3
2021/8/25, 45, , 10, 2
2021/8/26, 37, , 11, 2
2021/8/27, 33, , 3, 2
2021/8/28, 40, , 4, 2
2021/8/29, 36, , 4, 1
2021/8/30, 39, , 6, 1
2021/8/31, 31, , 11, 2
2021/9/1, 39, , 4, 1
2021/9/2, 32, , 8, 1
2021/9/3, 32, , 7, 2
2021/9/4, 21, , 6, 2
2021/9/5, 26, , 3, 1
2021/9/6, 29, , 4, 1
2021/9/7, 18, , 8, 2
2021/9/8, 32, , 7, 2
2021/9/9, 37, , 11, 2
2021/9/10, 19, , 7, 2
2021/9/11, 23, , 6, 1
2021/9/12, 21, , 4, 1
2021/9/13, 42, , 10, 2
2021/9/14, 28, , 7, 1
2021/9/15, 48, , 9, 1
2021/9/16, 24, , 4, 1
2021/9/17, 21, , 9, 2
2021/9/18, 38, , 8, 2
2021/9/19, 42, , 4, 1
2021/9/20, 34, , 4, 1
2021/9/21, 34, , 6, 1
2021/9/22, 29, , 4, 1
2021/9/23, 16, , 5, 1
2021/9/24, 12, , 7, 1
2021/9/25, 19, , 6, 1
2021/9/26, 25, , 6, 1
2021/9/27, 20, , 9, 1
2021/9/28, 38, , 9, 1
2021/9/29, 27, , 11, 2
2021/9/30, 26, , 6, 1
2021/10/1, 16, , 11, 1
2021/4/2, 13, , , 2
2021/4/3, 17, , , 2
2021/4/4, 23, , , 3
2021/4/5, 43, , , 3
2021/4/6, 54, , , 2
2021/4/7, 39, , 3, 2
2021/4/8, 42, , 4, 2
2021/4/9, 44, , 6, 1
2021/4/10, 29, , 4, 1
2021/4/11, 28, , 4, 1
2021/4/12, 28, , 10, 2
2021/4/13, 32, , 12, 2
2021/4/14, 29, , 15, 2
2021/4/15, 25, , 8, 1
2021/4/16, 17, , 6, 1
2021/4/17, 13, , 6, 2
2021/4/18, 15, , 5, 1
2021/4/19, 26, , 13, 2
2021/4/20, 34, , 6, 1
2021/4/21, 17, , 9, 1
2021/4/22, 12, , 8, 1
2021/4/23, 16, , 9, 1
2021/4/24, 31, , 9, 2
2021/4/25, 40, , 8, 2
2021/4/26, 37, , 8, 1
2021/4/27, 17, , 10, 2
2021/4/28, 37, , 12, 2
2021/4/29, 49, , , 2
2021/4/30, 28, , , 1
2021/5/1, 18, , , 2
2021/5/2, 16, , , 1
2021/5/3, 34, , , 2
2021/5/4, 29, , , 54
2021/5/5, 24, , , 45
2021/5/6, 19, , 6, 80
2021/5/7, 12, , 4, 
2021/5/8, 11, , 7, 
2021/5/9, 17, , 5, 
2021/5/10, 13, , 8, 
2021/5/11, 19, , 7, 
2021/5/12, 10, , 7, 
2021/5/13, 15, , 13, 
2021/5/14, 21, , 14, 2
2021/5/15, 30, , 14, 2
2021/5/16, 45, , 10, 3
2021/5/17, 53, , 12, 2
2021/5/18, 46, , 19, 2
2021/5/19, 48, , 12, 2
2021/5/20, 61, , 11, 2
2021/5/21, 51, , 11, 2
2021/5/22, 52, 500, , 
2021/5/23, 41, , , 
2021/5/24, 33, , , 
2021/5/25, 16, , , 
2021/5/26, 50, , 7, 1
2021/5/27, 43, , 5, 1
2021/5/28, 15, , 1, 
2021/5/29, 4, , 2, 
2021/5/30, 18, , 6, 1
2021/5/31, 39, , 8, 2
2021/6/1, 43, , 13, 1
2021/6/2, 41, , 11, 1
2021/6/3, 38, , 8, 1
2021/6/4, 23, , 10, 1
2021/6/5, 34, , 5, 
2021/6/6, 45, , 7, 1
2021/6/7, 51, , 10, 1
2021/6/8, 42, , 11, 
2021/6/9, 37, , 8, 
2021/6/10, 46, , 4, 
2021/6/11, 19, , 3, 
2021/6/12, 20, , 2, 
2021/6/13, 18, , 6, 
2021/6/14, 38, , 9, 
2021/6/15, 19, , 8, 1
2021/6/16, 17, , 9, 1
2021/6/17, 16, , 18, 2
2021/6/18, 22, , 10, 1
2021/6/19, 35, , 4, 2
2021/6/20, 45, , 6, 1
2021/6/21, 32, , 5, 1
2021/6/22, 26, , 4, 1
2021/6/23, 13, , 9, 1
2021/6/24, 18, , 5, 1
2021/6/25, 24, , 7, 1
2021/6/26, 33, , 5, 1
2021/6/27, 38, , 3, 1
2021/6/28, 41, , 6, 1
2021/6/29, 34, , 11, 1
2021/6/30, 40, , 7, 1
2021/7/1, 30, , 9, 1
2021/1/5, 45, , 6, 2
2021/1/6, 50, , 7, 2
2021/1/7, 33, , 6, 1
2021/1/8, 31, , 7, 2
2021/1/9, 36, , 16, 4
2021/1/10, 40, , 13, 2
2021/1/11, 43, , 12, 3
2021/1/12, 49, , 7, 2
2021/1/13, 49, , 7, 2
2021/1/14, 48, , 8, 2
2021/1/15, 54, , 4, 2
2021/1/16, 51, , 7, 2
2021/1/17, 32, , 2, 2
2021/1/18, 36, , 6, 2
2021/1/19, 32, , 5, 1
2021/1/20, 32, , 6, 1
2021/1/21, 25, , 4, 1
2021/1/22, 31, , 3, 1
2021/1/23, 28, , 3, 1
2021/1/24, 28, , 7, 2
2021/1/25, 27, , 9, 2
2021/1/26, 40, , 6, 2
2021/1/27, 32, , 7, 2
2021/1/28, 38, , 7, 1
2021/1/29, 26, , 8, 2
2021/1/30, 24, , 18, 3
2021/1/31, 34, , 4, 1
2021/2/1, 31, , 2, 500
2021/2/2, 33, , 9, 
2021/2/3, 25, , 8, 
2021/2/4, 26, , 16, 
2021/2/5, 32, , 3, 
2021/2/6, 29, , 4, 
2021/2/7, 32, , 11, 
2021/2/8, 34, , 11, 2
2021/2/9, 39, , 12, 2
2021/2/10, 43, , 12, 2
2021/2/11, 34, , 16, 3
2021/2/12, 44, , 8, 2
2021/2/13, 33, , 3, 1
2021/2/14, 21, , 10, 2
2021/2/15, 37, , 13, 3
2021/2/16, 38, , 5, 2
2021/2/17, 28, , 16, 2
2021/2/18, 38, , 5, 2
2021/2/19, 31, , 11, 3
2021/2/20, 38, , 4, 2
2021/2/21, 41, , 4, 2
2021/2/22, 48, , 3, 2
2021/2/23, 36, , 5, 2
2021/2/24, 41, , 7, 2
2021/2/25, 34, , 4, 1
2021/2/26, 23, , 10, 2
2021/2/27, 30, , 6, 2
2021/2/28, 34, , 8, 2
2021/3/1, 24, , 3, 1
2021/3/2, 27, , 5, 1
2021/3/3, 15, , 6, 2
2021/3/4, 30, , 5, 2
2021/3/5, 24, , 6, 2
2021/3/6, 15, , 3, 1
2021/3/7, 17, , 8, 2
2021/3/8, 23, , 15, 2
2021/3/9, 38, , 13, 3
2021/3/10, 55, , 13, 3
2021/3/11, 56, , 4, 2
2021/3/12, 63, , 4, 2
2021/3/13, 23, , 4, 1
2021/3/14, 14, , 3, 1
2021/3/15, 27, , 2, 1
2021/3/16, 20, , 4, 2
2021/3/17, 37, , 13, 3
2021/3/18, 49, , 2, 1
2021/3/19, 41, , 4, 1
2021/3/20, 27, , 14, 3
2021/3/21, 33, , 11, 3
2021/3/22, 36, , 17, 4
2021/3/23, 44, , 14, 3
2021/3/24, 47, , 3, 1
2021/3/25, 22, , 6, 2
2021/3/26, 25, , 3, 2
2021/3/27, 23, , , 2
2021/3/28, 30, , , 1
2021/3/29, 20, , , 1
2021/3/30, 22, , , 2
2021/3/31, 28, , 12, 2
2021/4/1, 34, , 6, 1
2020/10/2, 22, , , 2
2020/10/3, 19, , , 2
2020/10/4, 23, , , 2
2020/10/5, 24, , 9, 2
2020/10/6, 32, , 7, 2
2020/10/7, 18, , 6, 2
2020/10/8, 26, , , 2
2020/10/9, 24, , , 3
2020/10/10, 29, , , 1
2020/10/11, 50, , , 1
2020/10/12, 15, , , 1
2020/10/13, 13, , , 1
2020/10/14, 19, , , 2
2020/10/15, 22, , , 1
2020/10/16, 26, , , 4
2020/10/17, 25, , , 5
2020/10/18, 32, , , 2
2020/10/19, 26, , , 3
2020/10/20, 20, , , 3
2020/10/21, 16, , , 1
2020/10/22, 30, , , 2
2020/10/23, 29, , , 2
2020/10/24, 37, , , 4
2020/10/25, 25, , , 
2020/10/26, 17, , , 
2020/10/27, 28, , , 
2020/10/28, 22, , , 1
2020/10/29, 19, , , 2
2020/10/30, 29, , , 1
2020/10/31, 29, , , 2
2020/11/1, 37, , , 1
2020/11/2, 20, , , 1
2020/11/3, 21, , , 2
2020/11/4, 44, , , 2
2020/11/5, 41, , , 2
2020/11/6, 43, , , 2
2020/11/7, 56, , , 3
2020/11/8, 68, , , 5
2020/11/9, 87, , , 6
2020/11/10, 69, , , 3
2020/11/11, 42, , , 1
2020/11/12, 25, , , 2
2020/11/13, 29, , , 2
2020/11/14, 35, , , 2
2020/11/15, 37, , , 1
2020/11/16, 31, , , 2
2020/11/17, 37, , , 2
2020/11/18, 31, , , 1
2020/11/19, 27, , , 1
2020/11/20, 27, , , 1
2020/11/21, 45, , , 2
2020/11/22, 33, , , 1
2020/11/23, 25, , , 2
2020/11/24, 35, , , 2
2020/11/25, 32, , , 2
2020/11/26, 38, , , 2
2020/11/27, 35, , , 2
2020/11/28, 34, , , 1
2020/11/29, 33, , , 2
2020/11/30, 45, , , 2
2020/12/1, 36, , , 2
2020/12/2, 22, , , 1
2020/12/3, 30, , , 1
2020/12/4, 35, , , 2
2020/12/5, 43, , , 2
2020/12/6, 36, , , 1
2020/12/7, 24, , , 2
2020/12/8, 29, , , 1
2020/12/9, 32, , , 1
2020/12/10, 50, , , 2
2020/12/11, 44, , , 4
2020/12/12, 64, , , 2
2020/12/13, 57, , , 1
2020/12/14, 30, , , 1
2020/12/15, 35, , , 1
2020/12/16, 31, , , 1
2020/12/17, 28, , , 1
2020/12/18, 43, , , 3
2020/12/19, 48, , , 2
2020/12/20, 47, , , 2
2020/12/21, 34, , , 2
2020/12/22, 50, , , 2
2020/12/23, 47, , 5, 2
2020/12/24, 33, , 3, 1
2020/12/25, 32, , 2, 1
2020/12/26, 29, , 3, 1
2020/12/27, 39, , 8, 2
2020/12/28, 50, , 4, 1
2020/12/29, 44, , 9, 2
2020/12/30, 36, , 7, 2
2020/12/31, 41, , 6, 2
2021/1/1, 47, , 5, 2
2021/1/2, 34, , 5, 2
2021/1/3, 36, , 5, 2
2021/1/4, 37, , 7, 2
2020/7/2, 28, , 7, 2
2020/7/3, 44, , 5, 2
2020/7/4, 53, , 5, 2
2020/7/5, 51, , 7, 3
2020/7/6, 80, , 3, 2
2020/7/7, 49, , 6, 2
2020/7/8, 42, , 7, 2
2020/7/9, 46, , 5, 2
2020/7/10, 58, , 3, 1
2020/7/11, 38, , 3, 1
2020/7/12, 29, , 2, 1
2020/7/13, 18, , 5, 1
2020/7/14, 15, , 6, 2
2020/7/15, 20, , 6, 1
2020/7/16, 30, , 5, 1
2020/7/17, 38, , 6, 2
2020/7/18, 36, , 7, 2
2020/7/19, 40, , 5, 2
2020/7/20, 37, , 3, 1
2020/7/21, 26, , 4, 1
2020/7/22, 16, , 5, 1
2020/7/23, 27, , 5, 1
2020/7/24, 34, , 2, 1
2020/7/25, 25, , 5, 2
2020/7/26, 34, , 5, 2
2020/7/27, 38, , 4, 1
2020/7/28, 34, , 5, 1
2020/7/29, 26, , 7, 1
2020/7/30, 24, , 8, 2
2020/7/31, 25, , 3, 1
2020/8/1, 29, , 2, 1
2020/8/2, 29, , 1, 1
2020/8/3, 15, , 4, 1
2020/8/4, 19, , 6, 1
2020/8/5, 29, , 5, 1
2020/8/6, 15, , 4, 1
2020/8/7, 21, , 2, 1
2020/8/8, 24, , 6, 2
2020/8/9, 40, , 4, 2
2020/8/10, 42, , 11, 2
2020/8/11, 52, , 5, 2
2020/8/12, 35, , 11, 2
2020/8/13, 34, , 3, 1
2020/8/14, 37, , 2, 1
2020/8/15, 31, , 3, 1
2020/8/20, 28, , 6, 2
2020/8/21, 22, , 9, 2
2020/8/22, 27, , 10, 2
2020/8/23, 41, , 7, 3
2020/8/24, 46, , 8, 2
2020/8/25, 48, , 7, 2
2020/8/26, 36, , 6, 1
2020/8/27, 13, , 5, 2
2020/8/28, 45, , 4, 2
2020/8/29, 26, , 3, 1
2020/8/30, 16, , 2, 1
2020/8/31, 15, , 2, 1
2020/9/1, 22, , 4, 1
2020/9/2, 20, , 6, 1
2020/9/3, 27, , 9, 2
2020/9/4, 18, , 4, 1
2020/9/5, 14, , , 
2020/9/6, 14, , 3, 3
2020/9/7, 23, , 3, 1
2020/9/8, 29, , 2, 1
2020/9/9, 21, , 3, 2
2020/9/10, 38, , 7, 2
2020/9/11, 33, , 1, 1
2020/9/12, 10, , 1, 1
2020/9/13, 19, , , 
2020/9/14, 20, , 8, 2
2020/9/15, 18, , 10, 2
2020/9/16, 19, , 8, 2
2020/9/17, 24, , 3, 1
2020/9/18, 34, , 4, 1
2020/9/19, 15, , , 
2020/9/20, 18, , , 
2020/9/21, 15, , 4, 2
2020/9/22, 21, , 8, 2
2020/9/23, 26, , 7, 2
2020/9/24, 45, , 14, 2
2020/9/25, 56, , 17, 3
2020/9/26, 63, , 7, 2
2020/9/27, 51, , 6, 2
2020/9/28, 30, 500, 7, 1
2020/9/29, 32, , 9, 2
2020/9/30, 14, , 6, 1
2020/10/1, 15, , 3, 1
2020/4/2, 22, , 7, 1
2020/4/3, 27, , 7, 2
2020/4/4, 23, , 9, 2
2020/4/5, 25, , 7, 2
2020/4/6, 28, , 10, 2
2020/4/7, 26, , 10, 2
2020/4/8, 31, , 6, 3
2020/4/9, 31, , 5, 2
2020/4/10, 20, , 2, 1
2020/4/11, 18, , 4, 1
2020/4/12, 24, , 7, 2
2020/4/13, 34, , 2, 1
2020/4/14, 24, , 2, 1
2020/4/15, 19, , 6, 1
2020/4/16, 23, , 8, 2
2020/4/17, 22, , 6, 2
2020/4/18, 21, , 3, 1
2020/4/19, 28, , 2, 1
2020/4/20, 33, , 9, 2
2020/4/21, 16, , , 
2020/4/22, 19, , , 
2020/4/23, 23, , , 
2020/4/24, 23, , 2, 2
2020/4/25, 28, , 3, 2
2020/4/26, 22, , 1, 2
2020/4/27, 22, , 5, 2
2020/4/28, 25, , 6, 2
2020/4/29, 30, , 1, 1
2020/4/30, 32, , 4, 1
2020/5/1, 13, , 4, 1
2020/5/2, 16, , 5, 2
2020/5/3, 29, , 4, 2
2020/5/4, 43, , 6, 2
2020/5/5, 27, , 5, 2
2020/5/6, 19, , 4, 2
2020/5/7, 21, , 6, 2
2020/5/8, 27, , 4, 3
2020/5/9, 14, , 2, 3
2020/5/10, 12, , 4, 2
2020/5/11, 25, , 6, 3
2020/5/12, 18, , 5, 2
2020/5/13, 23, , 12, 3
2020/5/14, 29, , 9, 3
2020/5/15, 32, , 8, 2
2020/5/16, 36, , 4, 2
2020/5/17, 23, , 1, 2
2020/5/18, 26, , 1, 1
2020/5/19, 24, , 1, 1
2020/5/20, 27, , 1, 1
2020/5/21, 22, , 4, 1
2020/5/22, 26, , 6, 2
2020/5/23, 39, , 6, 2
2020/5/24, 35, , 1, 2
2020/5/25, 39, , 4, 2
2020/5/26, 46, , 7, 2
2020/5/27, 56, , 6, 2
2020/5/28, 38, , 5, 1
2020/5/29, 15, , 6, 1
2020/5/30, 23, , 3, 1
2020/5/31, 17, , 2, 1
2020/6/1, 8, , 4, 1
2020/6/2, 15, , 6, 1
2020/6/3, 31, , 7, 2
2020/6/4, 41, , 9, 2
2020/6/5, 44, , 7, 2
2020/6/6, 40, , 3, 2
2020/6/7, 36, , 3, 1
2020/6/8, 18, , 8, 2
2020/6/9, 34, , 8, 2
2020/6/10, 35, , 4, 2
2020/6/11, 49, , 2, 1
2020/6/12, 17, , 4, 1
2020/6/13, 13, , 1, 1
2020/6/14, 14, , , 1
2020/6/15, 17, , 1, 1
2020/6/16, 22, , 3, 1
2020/6/17, 28, , 3, 1
2020/6/18, 39, , 2, 1
2020/6/19, 35, , 8, 2
2020/6/20, 29, , 5, 2
2020/6/21, 32, , 5, 2
2020/6/22, 47, , 8, 2
2020/6/23, 49, , 5, 1
2020/6/24, 29, , 2, 1
2020/6/25, 14, , 6, 1
2020/6/26, 18, , 7, 2
2020/6/27, 32, , 2, 1
2020/6/28, 22, , 2, 1
2020/6/29, 31, , 8, 2
2020/6/30, 42, , 2, 1
2020/7/1, 27, , 6, 1
2020/1/2, 36, , 7, 1
2020/1/3, 39, , 10, 2
2020/1/4, 48, , 5, 1
2020/1/5, 30, , 4, 1
2020/1/6, 27, , 5, 1
2020/1/7, 36, , 13, 2
2020/1/8, 38, , 5, 1
2020/1/9, 37, , 7, 1
2020/1/10, 39, , 9, 2
2020/1/11, 42, , 4, 1
2020/1/12, 29, , 3, 2
2020/1/13, 35, , 8, 2
2020/1/14, 36, , 6, 2
2020/1/15, 38, , 6, 1
2020/1/16, 41, , 6, 1
2020/1/17, 40, , 5, 1
2020/1/18, 35, , 4, 1
2020/1/19, 23, , 4, 1
2020/1/20, 36, , 17, 2
2020/1/21, 31, , 9, 1
2020/1/22, 28, , 12, 2
2020/1/23, 46, , 24, 4
2020/1/24, 58, , 12, 2
2020/1/25, 48, , 4, 1
2020/1/26, 27, , 3, 2
2020/1/27, 28, , 7, 2
2020/1/28, 31, , 8, 2
2020/1/29, 28, , 7, 1
2020/1/30, 33, , 8, 1
2020/1/31, 47, , 13, 2
2020/2/1, 51, , 11, 2
2020/2/2, 42, , 6, 2
2020/2/3, 36, , 6, 2
2020/2/4, 32, , 11, 2
2020/2/5, 30, , 5, 1
2020/2/6, 22, , 3, 1
2020/2/7, 19, , 7, 1
2020/2/8, 26, , 7, 1
2020/2/9, 36, , , 
2020/2/10, 39, , , 
2020/2/11, 38, , , 
2020/2/12, 46, , , 
2020/2/13, 36, , , 
2020/2/14, 34, , , 
2020/2/15, 35, , , 
2020/2/16, 30, , , 
2020/2/17, 37, , , 
2020/2/18, 35, , , 
2020/2/19, 36, , , 
2020/2/20, 25, , , 
2020/2/21, 29, , , 
2020/2/22, 26, , , 
2020/2/23, 30, , , 
2020/2/24, 36, , 22, 
2020/2/25, 51, , 12, 
2020/2/26, 45, , , 
2020/2/27, 25, , , 
2020/2/28, 17, , , 
2020/2/29, 17, , , 
2020/3/1, 24, , , 2
2020/3/2, 30, , , 2
2020/3/3, 39, , , 3
2020/3/4, 36, , 7, 2
2020/3/5, 25, , 11, 2
2020/3/6, 25, , 9, 2
2020/3/7, 29, , 4, 1
2020/3/8, 18, , 15, 2
2020/3/9, 25, , 7, 2
2020/3/10, 39, , 7, 2
2020/3/11, 36, , 1, 1
2020/3/12, 27, , 7, 2
2020/3/13, 40, , 3, 2
2020/3/14, 31, , 5, 2
2020/3/15, 25, , 2, 1
2020/3/16, 20, , 5, 1
2020/3/17, 23, , 4, 2
2020/3/18, 34, , 7, 2
2020/3/19, 33, , 5, 2
2020/3/20, 28, , 3, 1
2020/3/21, 28, , 2, 1
2020/3/22, 24, , 7, 2
2020/3/23, 23, , 6, 2
2020/3/24, 24, , 6, 2
2020/3/25, 25, , 8, 2
2020/3/26, 30, , 7, 2
2020/3/27, 33, , 2, 3
2020/3/28, 23, , 2, 3
2020/3/29, 18, , 2, 2
2020/3/30, 11, , , 
2019/10/2, 42, , 6, 2
2019/10/3, 18, , 3, 1
2019/10/4, 12, , 4, 1
2019/10/5, 19, , 3, 1
2019/10/6, 15, , 4, 2
2019/10/7, 33, , 10, 2
2019/10/8, 27, , 5, 2
2019/10/9, 29, , 5, 2
2019/10/10, 23, , 4, 2
2019/10/11, 31, , 3, 1
2019/10/12, 25, , 4, 1
2019/10/13, 21, , 6, 1
2019/10/14, 19, , 8, 2
2019/10/15, 26, , 7, 2
2019/10/16, 29, , 9, 2
2019/10/17, 21, , 5, 2
2019/10/18, 21, , 10, 2
2019/10/19, 31, , 7, 2
2019/10/20, 32, , 13, 4
2019/10/21, 51, , 5, 2
2019/10/22, 37, , 7, 2
2019/10/23, 28, , 5, 1
2019/10/24, 28, , 12, 2
2019/10/25, 31, , 11, 3
2019/10/26, 32, , 5, 2
2019/10/27, 33, , 2, 2
2019/10/28, 20, , 14, 4
2019/10/29, 38, , 12, 3
2019/10/30, 46, , 8, 2
2019/10/31, 33, , 9, 3
2019/11/1, 23, , 5, 1
2019/11/2, 26, , 6, 2
2019/11/3, 24, , 6, 1
2019/11/4, 25, , 8, 2
2019/11/5, 21, , 8, 2
2019/11/6, 26, , 11, 2
2019/11/7, 22, , 8, 2
2019/11/8, 21, , 14, 2
2019/11/9, 22, , 8, 2
2019/11/10, 21, , 6, 2
2019/11/11, 29, , 2, 1
2019/11/12, 31, , 10, 2
2019/11/13, 19, , 14, 2
2019/11/14, 30, , 16, 2
2019/11/15, 35, , 8, 2
2019/11/16, 39, , 3, 1
2019/11/17, 21, , 10, 2
2019/11/18, 28, , 12, 4
2019/11/19, 38, , 13, 3
2019/11/20, 44, , 21, 5
2019/11/21, 56, , 12, 4
2019/11/22, 37, , 5, 2
2019/11/23, 24, , 11, 2
2019/11/24, 25, , 10, 2
2019/11/25, 49, , 10, 2
2019/11/26, 51, , 12, 3
2019/11/27, 51, , 5, 2
2019/11/28, 35, , 4, 2
2019/11/29, 29, , 4, 1
2019/11/30, 23, , 2, 1
2019/12/1, 28, , 5, 2
2019/12/2, 27, , 6, 2
2019/12/3, 32, , 17, 3
2019/12/4, 31, , 13, 2
2019/12/5, 41, , 7, 2
2019/12/6, 30, , 14, 2
2019/12/7, 38, , 10, 2
2019/12/8, 34, , 9, 2
2019/12/9, 35, , 8, 2
2019/12/10, 25, , 6, 2
2019/12/11, 35, , 9, 2
2019/12/12, 37, , 19, 3
2019/12/13, 46, , 13, 2
2019/12/14, 42, , 9, 3
2019/12/15, 29, , 4, 2
2019/12/16, 38, , 14, 2
2019/12/17, 45, , 12, 2
2019/12/18, 38, , 7, 2
2019/12/19, 35, , 14, 2
2019/12/20, 42, , 13, 3
2019/12/21, 46, , 18, 4
2019/12/22, 53, , 7, 2
2019/12/23, 52, , 8, 2
2019/12/24, 50, , 4, 3
2019/12/25, 36, , 11, 3
2019/12/26, 56, , 12, 4
2019/12/27, 58, , 7, 2
2019/12/28, 50, , 3, 2
2019/12/29, 56, , , 
2019/12/30, 50, , , 
2019/7/2, 32, 98, 1, 
2019/7/3, 49, 500, , 
2019/7/4, 42, , , 
2019/7/5, 57, 195, 78, 
2019/7/6, 52, , , 
2019/7/7, 46, , , 
2019/7/8, 12, 98, 12, 
2019/7/9, 38, 373, 2, 
2019/7/10, 49, , 9, 3
2019/7/11, 57, , 7, 2
2019/7/12, 38, , 6, 3
2019/7/13, 23, , 6, 3
2019/7/14, 44, , 4, 2
2019/7/15, 25, , 8, 2
2019/7/16, 27, , 9, 2
2019/7/17, 41, , 6, 2
2019/7/18, 22, , 6, 2
2019/7/19, 25, , 6, 2
2019/7/20, 42, , 3, 2
2019/7/21, 25, , 4, 2
2019/7/22, 23, , 4, 1
2019/7/23, 23, , 8, 2
2019/7/24, 23, , 9, 2
2019/7/25, 35, , 9, 2
2019/7/26, 38, , 11, 3
2019/7/27, 53, , 5, 3
2019/7/28, 55, , 3, 2
2019/7/29, 63, , 7, 3
2019/7/30, 67, , 9, 2
2019/7/31, 32, , 6, 2
2019/8/1, 20, , 5, 2
2019/8/2, 26, , 4, 1
2019/8/3, 25, , 6, 2
2019/8/4, 35, , 5, 2
2019/8/5, 30, , 7, 2
2019/8/6, 34, , 10, 2
2019/8/7, 36, , 8, 2
2019/8/8, 14, , 7, 2
2019/8/9, 19, , 6, 2
2019/8/10, 12, , 3, 2
2019/8/11, 10, , 7, 2
2019/8/12, 24, , 10, 3
2019/8/13, 36, , 7, 3
2019/8/14, 42, , 3, 2
2019/8/15, 25, , 3, 1
2019/8/16, 19, , 5, 2
2019/8/17, 33, , 5, 2
2019/8/18, 40, , 6, 2
2019/8/19, 32, , 6, 2
2019/8/20, 26, , 10, 2
2019/8/21, 32, , 6, 2
2019/8/22, 32, , 8, 2
2019/8/23, 20, , 6, 2
2019/8/24, 16, , 3, 2
2019/8/25, 20, , 2, 2
2019/8/26, 20, , 1, 1
2019/8/27, 17, , 6, 2
2019/8/28, 16, , 7, 2
2019/8/29, 26, , 6, 2
2019/8/30, 16, , 6, 2
2019/8/31, 27, , 5, 2
2019/9/1, 27, , 3, 2
2019/9/2, 24, , 4, 2
2019/9/3, 32, , 8, 2
2019/9/4, 33, , 5, 2
2019/9/5, 24, , 7, 2
2019/9/6, 22, , 4, 2
2019/9/7, 23, , 7, 3
2019/9/8, 31, , 4, 2
2019/9/9, 20, , 2, 1
2019/9/10, 17, , 8, 2
2019/9/11, 25, , 9, 3
2019/9/12, 51, , 2, 1
2019/9/13, 12, , 1, 1
2019/9/14, 17, , 2, 2
2019/9/15, 16, , 6, 2
2019/9/16, 24, , 2, 2
2019/9/17, 27, , 4, 1
2019/9/18, 24, , 4, 1
2019/9/19, 26, , 4, 2
2019/9/20, 25, , 10, 3
2019/9/21, 50, , 7, 3
2019/9/22, 52, , 8, 3
2019/9/23, 51, , 5, 2
2019/9/24, 23, , 6, 2
2019/9/25, 17, , 9, 2
2019/9/26, 28, , 9, 2
2019/9/27, 30, , 8, 2
2019/9/28, 23, , 5, 2
2019/9/29, 32, , 1, 1
2019/9/30, 12, , 8, 2
2019/10/1, 29, , 8, 2
2019/4/2, 15, 500, 5, 
2019/4/3, 21, 398, 4, 
2019/4/4, 26, 500, , 
2019/4/5, 24, 233, 4, 
2019/4/6, 17, 500, 16, 
2019/4/7, 51, 247, , 
2019/4/8, 45, 500, , 
2019/4/9, 16, 297, 9, 
2019/4/10, 18, 195, 7, 
2019/4/11, 19, , 7, 
2019/4/12, 16, 346, 22, 
2019/4/13, 27, 500, 1, 
2019/4/14, 14, 246, 7, 
2019/4/15, 24, 500, 6, 
2019/4/16, 24, 500, 2, 
2019/4/17, 39, , 3, 
2019/4/18, 30, 500, 13, 
2019/4/19, 28, 247, , 
2019/4/20, 34, , 1, 
2019/4/21, 14, , , 
2019/4/22, 20, 500, 18, 
2019/4/23, 29, 195, 12, 
2019/4/24, 32, 500, , 
2019/4/25, 21, 398, 2, 
2019/4/26, 32, 500, 30, 
2019/4/27, 28, , , 
2019/4/28, 12, 415, 14, 
2019/4/29, 25, 313, 6, 
2019/4/30, 26, 347, 15, 
2019/5/1, 13, 98, 1, 
2019/5/2, 20, 500, 24, 
2019/5/3, 35, 500, 3, 
2019/5/4, 30, 98, 23, 
2019/5/5, 24, 500, 6, 
2019/5/6, 23, 500, 2, 
2019/5/7, 28, 314, 4, 
2019/5/8, 26, 147, , 
2019/5/9, 29, 395, 6, 
2019/5/10, 20, , , 
2019/5/11, 44, , 12, 
2019/5/12, 9, , , 
2019/5/13, 5, 395, 8, 
2019/5/14, 28, 500, 6, 
2019/5/15, 18, 473, 4, 
2019/5/16, 30, 500, 2, 
2019/5/17, 45, 500, 32, 
2019/5/18, 39, 247, 1, 
2019/5/19, 22, , , 
2019/5/20, 45, 447, , 
2019/5/21, 36, 373, 5, 
2019/5/22, 26, 297, 12, 
2019/5/23, 16, 208, 19, 
2019/5/24, 21, 347, 2, 
2019/5/25, 19, 500, 10, 
2019/5/26, 47, 497, , 
2019/5/27, 17, 500, 2, 
2019/5/28, 34, 500, 27, 
2019/5/29, 25, 500, 34, 
2019/5/30, 21, 500, , 
2019/5/31, 35, 500, 20, 
2019/6/1, 33, 498, , 
2019/6/2, 49, 500, 11, 
2019/6/3, 23, 500, , 
2019/6/4, 14, 500, 4, 
2019/6/5, 20, 500, , 
2019/6/6, 54, 373, , 
2019/6/7, 39, 500, 3, 
2019/6/8, 42, 98, , 
2019/6/9, 42, 98, , 
2019/6/10, 17, 500, 34, 
2019/6/11, 26, 195, , 
2019/6/12, 9, 314, 28, 
2019/6/13, 26, , 3, 
2019/6/14, 23, 247, 1, 
2019/6/15, 22, 247, , 
2019/6/16, 6, , , 
2019/6/17, 18, , 37, 
2019/6/18, 25, 299, , 
2019/6/19, 34, 500, 55, 
2019/6/20, 39, , , 
2019/6/21, 27, 500, 5, 
2019/6/22, 25, 500, 15, 
2019/6/23, 36, 347, 14, 
2019/6/24, 32, 500, 39, 
2019/6/25, 40, 396, , 
2019/6/26, 23, 195, 2, 
2019/6/27, 40, 500, 2, 
2019/6/28, 47, 500, 2, 
2019/6/29, 37, 500, , 
2019/6/30, 35, 361, 4, 
2019/7/1, 32, 500, 1, 
2019/1/2, 45, , 5, 1
2019/1/3, 37, , 6, 1
2019/1/4, 38, , 12, 2
2019/1/5, 43, , 13, 3
2019/1/6, 56, , 4, 1
2019/1/7, 38, , 3, 1
2019/1/8, 28, , 9, 1
2019/1/9, 45, , 6, 1
2019/1/10, 25, , 7, 1
2019/1/11, 28, , 14, 2
2019/1/12, 35, , 6, 1
2019/1/13, 31, , 1, 1
2019/1/14, 25, , 13, 2
2019/1/15, 41, , 12, 1
2019/1/16, 54, , 9, 1
2019/1/17, 30, , 18, 3
2019/1/18, 44, , 14, 2
2019/1/19, 44, , 9, 2
2019/1/20, 23, , 3, 1
2019/1/21, 30, , 12, 1
2019/1/22, 34, , 18, 3
2019/1/23, 36, , 14, 1
2019/1/24, 29, , , 1
2019/1/25, 31, , , 1
2019/1/26, 36, , , 2
2019/1/27, 36, , , 1
2019/1/28, 36, , 5, 2
2019/1/29, 33, , 7, 1
2019/1/30, 39, , 5, 1
2019/1/31, 30, , 4, 1
2019/2/1, 27, , 27, 3
2019/2/2, 42, , , 2
2019/2/3, 45, 495, , 1
2019/2/4, 49, 500, 12, 
2019/2/5, 43, 229, 9, 
2019/2/6, 32, 366, 27, 
2019/2/7, 41, 198, 22, 
2019/2/8, 30, 361, 11, 
2019/2/9, 33, 500, 4, 
2019/2/10, 15, 321, 7, 
2019/2/11, 18, 195, 6, 
2019/2/12, 16, 195, 3, 
2019/2/13, 28, 500, 2, 
2019/2/14, 27, 500, 14, 
2019/2/15, 34, 500, 7, 
2019/2/16, 32, , 2, 
2019/2/17, 12, 195, 7, 
2019/2/18, 17, 397, 7, 
2019/2/19, 30, 500, , 
2019/2/20, 29, 247, 4, 
2019/2/21, 33, 500, 32, 
2019/2/22, 40, 373, 9, 
2019/2/23, 42, 264, 38, 
2019/2/24, 45, 164, , 
2019/2/25, 27, 146, 1, 
2019/2/26, 35, 247, 2, 
2019/2/27, 15, 195, 3, 
2019/2/28, 37, 497, 15, 
2019/3/1, 26, 500, 3, 
2019/3/2, 40, 195, , 
2019/3/3, 52, 356, 1, 
2019/3/4, 28, 500, 7, 
2019/3/5, 17, 500, 5, 
2019/3/6, 28, 500, 9, 
2019/3/7, 21, 500, 9, 
2019/3/8, 23, 500, 54, 
2019/3/9, 37, 500, , 
2019/3/10, 47, 495, 9, 
2019/3/11, 17, 500, 14, 
2019/3/12, 35, 98, 1, 
2019/3/13, 25, 500, , 
2019/3/14, 47, 500, 6, 
2019/3/15, 49, 162, 13, 
2019/3/16, 17, , 1, 
2019/3/17, 14, , 1, 
2019/3/18, 12, 423, 3, 
2019/3/19, 22, 500, 8, 
2019/3/20, 33, 500, , 
2019/3/21, 42, 500, 5, 
2019/3/22, 44, 500, 10, 
2019/3/23, 38, , , 
2019/3/24, 30, 500, 1, 
2019/3/25, 20, 180, 4, 
2019/3/26, 18, 500, 1, 
2019/3/27, 22, 500, 14, 
2019/3/28, 35, 500, 18, 
2019/3/29, 27, 398, 13, 
2019/3/30, 33, 98, , 
2019/3/31, 25, 195, , 
2019/4/1, 23, 500, 9, 
2018/10/2, 13, , 8, 2
2018/10/3, 31, , 8, 2
2018/10/4, 17, , 7, 2
2018/10/5, 33, , 5, 1
2018/10/6, 13, , 7, 2
2018/10/7, 35, , 3, 1
2018/10/8, 19, , 6, 2
2018/10/9, 39, , 10, 2
2018/10/10, 36, , 10, 2
2018/10/11, 22, , 5, 1
2018/10/12, 17, , 5, 1
2018/10/13, 9, , 5, 1
2018/10/14, 16, , 8, 2
2018/10/15, 30, , 7, 1
2018/10/16, 23, , 6, 1
2018/10/17, 15, , 7, 1
2018/10/18, 23, , 9, 1
2018/10/19, 15, , 8, 2
2018/10/20, 20, , 6, 2
2018/10/21, 26, , 4, 1
2018/10/22, 18, , 10, 2
2018/10/23, 31, , 10, 3
2018/10/24, 35, , 9, 2
2018/10/25, 22, , 13, 2
2018/10/26, 23, , 5, 1
2018/10/27, 27, , 3, 1
2018/10/28, 20, , 7, 2
2018/10/29, 19, , 10, 2
2018/10/30, 27, , 16, 2
2018/10/31, 34, , 12, 2
2018/11/1, 43, , 6, 1
2018/11/2, 25, , 9, 2
2018/11/3, 22, , 5, 2
2018/11/4, 24, , 6, 2
2018/11/5, 24, , 5, 1
2018/11/6, 24, , 3, 1
2018/11/7, 21, , 5, 1
2018/11/8, 29, , 8, 2
2018/11/9, 26, , 11, 2
2018/11/10, 25, , 4, 1
2018/11/11, 30, , 9, 2
2018/11/12, 30, , 16, 3
2018/11/13, 43, , 12, 2
2018/11/14, 36, , 9, 2
2018/11/15, 26, , 6, 1
2018/11/16, 22, , 11, 2
2018/11/17, 37, , 5, 2
2018/11/18, 29, , 9, 2
2018/11/19, 32, , 17, 3
2018/11/20, 36, , 17, 4
2018/11/21, 38, , 6, 1
2018/11/22, 31, , 8, 2
2018/11/23, 27, , 12, 2
2018/11/24, 25, , 6, 1
2018/11/25, 28, , 7, 2
2018/11/26, 38, , 6, 2
2018/11/27, 27, , 5, 2
2018/11/28, 25, , 10, 2
2018/11/29, 27, , 11, 2
2018/11/30, 37, , 14, 3
2018/12/1, 49, , 7, 2
2018/12/2, 41, , 7, 2
2018/12/3, 30, , 8, 2
2018/12/4, 30, , 14, 2
2018/12/5, 32, , 17, 4
2018/12/6, 41, , 8, 1
2018/12/7, 39, , , 
2018/12/8, 34, , , 
2018/12/9, 35, , , 
2018/12/10, 38, , 21, 3
2018/12/11, 52, , 10, 2
2018/12/12, 54, , 11, 2
2018/12/13, 53, , 14, 3
2018/12/14, 59, , 20, 4
2018/12/15, 61, , 11, 3
2018/12/16, 54, , 5, 2
2018/12/17, 42, , 7, 2
2018/12/18, 43, , 13, 2
2018/12/19, 37, , 20, 3
2018/12/20, 41, , 28, 7
2018/12/21, 55, , 5, 2
2018/12/22, 30, , 4, 1
2018/12/23, 39, , 8, 2
2018/12/24, 43, , 5, 2
2018/12/25, 42, , 5, 2
2018/12/26, 41, , 9, 2
2018/12/27, 50, , 4, 1
2018/12/28, 35, , 6, 1
2018/12/29, 34, , 5, 2
2018/12/30, 38, , 10, 2
2018/12/31, 41, , , 
2018/7/2, 64, , , 2
2018/7/3, 50, , , 1
2018/7/4, 30, , , 2
2018/7/5, 54, , , 2
2018/7/6, 42, , 7, 1
2018/7/7, 13, , 3, 1
2018/7/8, 21, , 7, 2
2018/7/9, 26, , 11, 2
2018/7/10, 37, , 11, 2
2018/7/11, 41, , 6, 1
2018/7/12, 33, , 12, 2
2018/7/13, 42, , 11, 2
2018/7/14, 35, , 12, 3
2018/7/15, 59, , 9, 2
2018/7/16, 56, , 10, 2
2018/7/17, 55, , 9, 2
2018/7/18, 19, , 6, 1
2018/7/19, 24, , 8, 1
2018/7/20, 27, , 3, 1
2018/7/21, 36, , 1, 1
2018/7/22, 30, , 2, 1
2018/7/23, 11, , 2, 1
2018/7/24, 23, , 5, 1
2018/7/25, 23, , 11, 1
2018/7/26, 48, , 10, 
2018/7/27, 45, , 8, 
2018/7/28, 20, , 6, 
2018/7/29, 22, , 7, 
2018/7/30, 29, , 4, 1
2018/7/31, 40, , 3, 1
2018/8/1, 32, , 4, 2
2018/8/2, 32, , 8, 2
2018/8/3, 43, , 9, 2
2018/8/4, 50, , 6, 2
2018/8/5, 50, , 9, 2
2018/8/6, 60, , 11, 2
2018/8/7, 53, , 8, 2
2018/8/8, 33, , 8, 2
2018/8/9, 33, , 9, 2
2018/8/10, 46, , 3, 1
2018/8/11, 30, , 4, 1
2018/8/12, 27, , 4, 1
2018/8/13, 36, , 7, 2
2018/8/14, 45, , 12, 3
2018/8/15, 55, , 12, 3
2018/8/16, 77, , 9, 2
2018/8/17, 74, , 8, 2
2018/8/18, 47, , 2, 1
2018/8/19, 22, , , 
2018/8/20, 28, , , 
2018/8/21, 29, , 4, 2
2018/8/22, 20, , 7, 2
2018/8/23, 42, , 8, 2
2018/8/24, 34, , 11, 3
2018/8/25, 52, , 6, 2
2018/8/26, 39, , 4, 2
2018/8/27, 57, , 10, 3
2018/8/28, 70, , 7, 2
2018/8/29, 67, , 8, 2
2018/8/30, 73, , 4, 2
2018/8/31, 13, , 4, 2
2018/9/1, 26, , 5, 2
2018/9/2, 44, , 4, 2
2018/9/3, 29, , 5, 2
2018/9/4, 33, , 2, 2
2018/9/5, 39, , 1, 2
2018/9/6, 50, , , 1
2018/9/7, 23, , , 1
2018/9/8, 26, , , 1
2018/9/9, 16, , , 1
2018/9/10, 17, , 3, 1
2018/9/11, 10, , 11, 2
2018/9/12, 23, , 5, 1
2018/9/13, 24, , 4, 1
2018/9/14, 24, , 6, 1
2018/9/15, 25, , , 
2018/9/16, 33, , , 
2018/9/17, 33, , 7, 1
2018/9/18, 17, , 10, 2
2018/9/19, 34, , 5, 1
2018/9/20, 19, , 3, 1
2018/9/21, 25, , 5, 2
2018/9/22, 46, , 3, 1
2018/9/23, 12, , 2, 1
2018/9/24, 25, , 2, 1
2018/9/25, 18, , 5, 1
2018/9/26, 11, , 9, 2
2018/9/27, 20, , 6, 1
2018/9/28, 21, , 7, 1
2018/9/29, 23, , 6, 2
2018/9/30, 16, , 5, 1
2018/10/1, 21, , 3, 1
2018/4/2, 17, , , 
2018/4/3, 19, , , 
2018/4/4, 20, , , 
2018/4/5, 19, , , 
2018/4/6, 17, , , 
2018/4/7, 23, , , 
2018/4/8, 16, , , 
2018/4/9, 19, , , 
2018/4/10, 22, , , 
2018/4/11, 27, , , 
2018/4/12, 39, , , 
2018/4/13, 42, , , 
2018/4/14, 22, , , 
2018/4/15, 17, , , 
2018/4/16, 8, , , 
2018/4/17, 16, , , 
2018/4/18, 14, , , 
2018/4/19, 17, , , 
2018/4/20, 27, , , 
2018/4/21, 26, , , 
2018/4/22, 34, , , 
2018/4/23, 31, , , 
2018/4/24, 33, , , 
2018/4/25, 31, , , 
2018/4/26, 16, , , 
2018/4/27, 15, , , 
2018/4/28, 31, , , 
2018/4/29, 27, , , 
2018/4/30, 17, , , 
2018/5/1, 30, , , 
2018/5/2, 42, , , 
2018/5/3, 47, , , 
2018/5/4, 28, , , 
2018/5/5, 26, , , 
2018/5/6, 25, , , 
2018/5/7, 45, , , 
2018/5/8, 16, , , 
2018/5/9, 38, , , 
2018/5/10, 48, , , 
2018/5/11, 37, , , 
2018/5/12, 13, , , 
2018/5/13, 19, , , 
2018/5/14, 20, , , 
2018/5/15, 20, , 13, 2
2018/5/16, 34, , 9, 2
2018/5/17, 45, , 12, 2
2018/5/18, 52, , 2, 1
2018/5/19, 17, , 4, 2
2018/5/20, 18, , 5, 2
2018/5/21, 20, , 6, 2
2018/5/22, 24, , 9, 2
2018/5/23, 32, , 9, 2
2018/5/24, 33, , 14, 2
2018/5/25, 48, , 15, 3
2018/5/26, 59, , 13, 3
2018/5/27, 65, , 7, 2
2018/5/28, 53, , 8, 2
2018/5/29, 54, , 5, 2
2018/5/30, 49, , 3, 1
2018/5/31, 40, , 6, 1
2018/6/1, 19, , 10, 2
2018/6/2, 41, , 1, 1
2018/6/3, 13, , 2, 1
2018/6/4, 22, , 4, 1
2018/6/5, 15, , 7, 2
2018/6/6, 15, , 8, 2
2018/6/7, 19, , 13, 2
2018/6/8, 33, , 11, 2
2018/6/9, 43, , 3, 1
2018/6/10, 31, , 2, 1
2018/6/11, 22, , 2, 1
2018/6/12, 20, , 11, 2
2018/6/13, 24, , 7, 2
2018/6/14, 28, , 7, 1
2018/6/15, 21, , 13, 2
2018/6/16, 30, , 7, 2
2018/6/17, 44, , 7, 3
2018/6/18, 56, , 9, 2
2018/6/19, 58, , 3, 1
2018/6/20, 12, , 12, 2
2018/6/21, 26, , 6, 1
2018/6/22, 31, , 3, 1
2018/6/23, 31, , 3, 1
2018/6/24, 18, , 4, 1
2018/6/25, 26, , 5, 1
2018/6/26, 21, , 5, 1
2018/6/27, 19, , 6, 2
2018/6/28, 22, , , 2
2018/6/29, 38, , , 2
2018/6/30, 56, , , 2
2018/7/1, 58, , , 2
2018/1/2, 32, , , 
2018/1/3, 34, , , 
2018/1/4, 41, , , 
2018/1/5, 37, , , 
2018/1/6, 34, , , 
2018/1/7, 37, , , 
2018/1/8, 37, , , 
2018/1/9, 46, , , 
2018/1/10, 45, , , 
2018/1/11, 42, , , 
2018/1/12, 33, , , 
2018/1/13, 25, , , 
2018/1/14, 33, , , 
2018/1/15, 38, , , 
2018/1/16, 31, , , 
2018/1/17, 49, , , 
2018/1/18, 49, , , 
2018/1/19, 47, , , 
2018/1/20, 45, , , 
2018/1/21, 48, , , 
2018/1/22, 58, , , 
2018/1/23, 44, , , 
2018/1/24, 28, , , 
2018/1/25, 33, , , 
2018/1/26, 34, , , 
2018/1/27, 39, , , 
2018/1/28, 41, 25, , 
2018/1/29, 40, 23, , 
2018/1/30, 24, 25, , 
2018/1/31, 30, 28, , 
2018/2/1, 29, 25, , 
2018/2/2, 35, 28, , 
2018/2/3, 20, 25, , 
2018/2/4, 24, , , 
2018/2/5, 28, , , 
2018/2/6, 30, , , 
2018/2/7, 39, , , 
2018/2/8, 40, , , 
2018/2/9, 44, , , 
2018/2/10, 45, , , 
2018/2/11, 46, , , 
2018/2/12, 43, , , 
2018/2/13, 42, , , 
2018/2/14, 40, , , 
2018/2/15, 49, , , 
2018/2/16, 26, , , 
2018/2/17, 36, , , 
2018/2/18, 26, , , 
2018/2/19, 49, , , 
2018/2/20, 33, , , 
2018/2/21, 39, , , 
2018/2/22, 32, , , 
2018/2/23, 20, , , 
2018/2/24, 15, , , 
2018/2/25, 19, , , 
2018/2/26, 25, , , 
2018/2/27, 29, , , 
2018/2/28, 26, , , 
2018/3/1, 30, , , 
2018/3/2, 26, , , 
2018/3/3, 26, , , 
2018/3/4, 22, , , 
2018/3/5, 18, , , 
2018/3/6, 23, , , 
2018/3/7, 22, , , 
2018/3/8, 32, , , 
2018/3/9, 15, , , 
2018/3/10, 19, , , 
2018/3/11, 16, , , 
2018/3/12, 22, , , 
2018/3/13, 29, , , 
2018/3/14, 25, , , 
2018/3/15, 17, , , 
2018/3/16, 31, , , 
2018/3/17, 25, , , 
2018/3/18, 23, , , 
2018/3/19, 23, , , 
2018/3/20, 18, , , 
2018/3/21, 24, , , 
2018/3/22, 24, , , 
2018/3/23, 24, , , 
2018/3/24, 25, , , 
2018/3/25, 21, , , 
2018/3/26, 20, , , 
2018/3/27, 24, , , 
2018/3/28, 15, , , 
2018/3/29, 25, , , 
2018/3/30, 25, , , 
2018/3/31, 26, , , 
2018/4/1, 16, , , 
2017/10/2, 22, , 13, 
2017/10/3, 19, , 15, 
2017/10/4, 31, , 6, 
2017/10/5, 29, , 7, 
2017/10/6, 17, , 9, 
2017/10/7, 31, , 4, 
2017/10/8, 39, , 3, 
2017/10/9, 21, , 4, 
2017/10/10, 17, , 7, 
2017/10/11, 38, , 5, 
2017/10/12, 15, , 6, 
2017/10/13, 18, , 6, 
2017/10/14, 26, , 5, 
2017/10/15, 37, , 1, 
2017/10/16, 35, , 9, 
2017/10/17, 23, , 7, 
2017/10/18, 25, , 12, 
2017/10/19, 34, , 8, 
2017/10/20, 34, , 19, 
2017/10/21, 36, , 21, 
2017/10/22, 66, , 10, 
2017/10/23, 47, , 6, 
2017/10/24, 33, , 4, 
2017/10/25, 15, , 11, 
2017/10/26, 20, , 17, 
2017/10/27, 29, , 15, 
2017/10/28, 37, , 9, 
2017/10/29, 28, , 6, 
2017/10/30, 17, , 3, 
2017/10/31, 22, , 5, 
2017/11/1, 25, , 13, 
2017/11/2, 29, , 6, 
2017/11/3, 44, , 11, 
2017/11/4, 27, , 7, 
2017/11/5, 19, , 3, 
2017/11/6, 20, , 12, 
2017/11/7, 25, , 12, 
2017/11/8, 21, , , 
2017/11/9, 34, , , 
2017/11/10, 31, , , 
2017/11/11, 23, , , 
2017/11/12, 25, , , 
2017/11/13, 41, , , 
2017/11/14, 50, , , 
2017/11/15, 45, , , 
2017/11/16, 34, , , 
2017/11/17, 23, , , 
2017/11/18, 32, , , 
2017/11/19, 31, , , 
2017/11/24, 32, , , 
2017/11/25, 32, , , 
2017/11/26, 37, , , 
2017/11/27, 24, , , 
2017/11/28, 38, , , 
2017/11/29, 36, , , 
2017/11/30, 43, , , 
2017/12/1, 46, , , 
2017/12/2, 37, , , 
2017/12/3, 49, , , 
2017/12/4, 59, , , 
2017/12/5, 50, , , 
2017/12/6, 36, , , 
2017/12/7, 29, , , 
2017/12/8, 29, , , 
2017/12/9, 32, , , 
2017/12/10, 37, , , 
2017/12/11, 34, , , 
2017/12/12, 36, , , 
2017/12/13, 33, , , 
2017/12/14, 26, , , 
2017/12/15, 33, , , 
2017/12/16, 34, , , 
2017/12/17, 35, , , 
2017/12/18, 30, , , 
2017/12/19, 53, , , 
2017/12/20, 48, , , 
2017/12/21, 32, , , 
2017/12/22, 34, , , 
2017/12/23, 40, , , 
2017/12/24, 37, , , 
2017/12/25, 33, , , 
2017/12/26, 40, , , 
2017/12/27, 36, , , 
2017/12/28, 39, , , 
2017/12/29, 45, , , 
2017/12/30, 41, , , 
2017/12/31, 45, , , 
2018/1/1, 39, , , 
2017/7/2, 19, , 4, 
2017/7/3, 37, , 7, 
2017/7/4, 33, , 6, 
2017/7/5, 54, , 6, 
2017/7/6, 38, , 6, 
2017/7/7, 40, , 5, 
2017/7/8, 26, , 3, 
2017/7/9, 18, , 3, 
2017/7/10, 23, , 6, 
2017/7/11, 27, , 7, 
2017/7/12, 25, , 6, 
2017/7/13, 30, , 8, 
2017/7/14, 27, , 5, 
2017/7/15, 33, , 2, 
2017/7/16, 20, , 3, 
2017/7/17, 32, , 5, 
2017/7/18, 30, , 7, 
2017/7/19, 34, , 8, 
2017/7/20, 57, , 9, 
2017/7/21, 47, , 8, 
2017/7/22, 43, , 6, 
2017/7/23, 53, , 2, 
2017/7/24, 56, , 3, 
2017/7/25, 46, , 6, 
2017/7/26, 12, , 6, 
2017/7/27, 15, , 8, 
2017/7/28, 40, , 6, 
2017/7/29, 17, , 5, 
2017/7/30, 23, , 6, 
2017/7/31, 40, , 6, 
2017/8/1, 37, , 8, 
2017/8/2, 58, , 9, 
2017/8/3, 85, , 9, 
2017/8/4, 62, , 6, 
2017/8/5, 28, , 4, 
2017/8/6, 8, , 4, 
2017/8/7, 23, , 10, 
2017/8/8, 38, , 5, 
2017/8/9, 35, , 10, 
2017/8/10, 54, , 11, 
2017/8/11, 43, , 10, 
2017/8/12, 43, , 3, 
2017/8/13, 35, , 6, 
2017/8/14, 31, , 8, 
2017/8/15, 30, , 11, 
2017/8/16, 52, , 7, 
2017/8/17, 37, , 6, 
2017/8/18, 41, , 3, 
2017/8/19, 19, , 2, 
2017/8/20, 14, , 6, 
2017/8/21, 32, , 11, 
2017/8/22, 59, , 4, 
2017/8/23, 41, , 3, 
2017/8/24, 22, , 6, 
2017/8/25, 23, , 13, 
2017/8/26, 31, , 6, 
2017/8/27, 34, , 3, 
2017/8/28, 29, , 10, 
2017/8/29, 45, , 9, 
2017/8/30, 36, , 6, 
2017/8/31, 40, , 4, 
2017/9/1, 27, , 9, 
2017/9/2, 22, , 3, 
2017/9/3, 14, , , 
2017/9/4, 20, , 2, 
2017/9/5, 47, , 7, 
2017/9/6, 39, , , 
2017/9/10, 23, , , 
2017/9/11, 24, , 7, 
2017/9/12, 18, , 9, 
2017/9/13, 29, , 14, 
2017/9/14, 34, , 6, 
2017/9/15, 29, , 10, 
2017/9/16, 29, , 7, 
2017/9/17, 50, , 8, 
2017/9/18, 47, , 13, 
2017/9/19, 51, , 8, 
2017/9/20, 48, , 10, 
2017/9/21, 47, , 8, 
2017/9/22, 44, , 13, 
2017/9/23, 45, , 9, 
2017/9/24, 48, , 12, 
2017/9/25, 64, , 10, 
2017/9/26, 61, , 17, 
2017/9/27, 56, , 10, 
2017/9/28, 45, , 7, 
2017/9/29, 14, , 6, 
2017/9/30, 18, , 6, 
2017/10/1, 19, , 5, 
2017/4/2, 15, , 10, 
2017/4/3, 25, , 14, 
2017/4/4, 27, , 5, 
2017/4/5, 17, , 6, 
2017/4/6, 15, , 11, 
2017/4/7, 12, , 6, 
2017/4/8, 13, , 6, 
2017/4/9, 15, , 10, 
2017/4/10, 23, , 9, 
2017/4/11, 41, , 7, 
2017/4/12, 37, , 5, 
2017/4/13, 18, , 22, 
2017/4/14, 25, , 12, 
2017/4/15, 23, , 13, 
2017/4/16, 41, , 3, 
2017/4/17, 37, , 5, 
2017/4/18, 19, , 9, 
2017/4/19, 16, , 12, 
2017/4/20, 30, , 6, 
2017/4/21, 16, , 5, 
2017/4/22, 15, , 5, 
2017/4/23, 11, , 12, 
2017/4/24, 22, , 12, 
2017/4/25, 25, , 9, 
2017/4/26, 15, , 8, 
2017/4/27, 16, , 6, 
2017/4/28, 28, , 5, 
2017/4/29, 18, , , 
2017/4/30, 21, , , 
2017/5/1, 9, , 8, 
2017/5/2, 27, , 3, 
2017/5/3, 12, , 7, 
2017/5/4, 15, , 14, 
2017/5/5, 14, , 9, 
2017/5/6, 6, , 4, 
2017/5/7, 6, , 3, 
2017/5/8, 12, , 6, 
2017/5/9, 12, , 10, 
2017/5/10, 17, , 5, 
2017/5/11, 10, , 5, 
2017/5/12, 13, , 9, 
2017/5/13, 23, , 4, 
2017/5/14, 25, , 3, 
2017/5/15, 24, , 5, 
2017/5/16, 12, , 17, 
2017/5/17, 27, , 9, 
2017/5/18, 51, , 5, 
2017/5/19, 42, , 5, 
2017/5/20, 20, , 2, 
2017/5/21, 13, , 3, 
2017/5/22, 23, , 6, 
2017/5/23, 17, , 10, 
2017/5/24, 24, , 9, 
2017/5/25, 28, , 6, 
2017/5/26, 13, , 4, 
2017/5/27, 18, , 7, 
2017/5/28, 32, , 3, 
2017/5/29, 38, , 4, 
2017/5/30, 23, , 6, 
2017/5/31, 20, , 6, 
2017/6/1, 19, , 6, 
2017/6/2, 11, , 7, 
2017/6/3, 16, , 5, 
2017/6/4, 15, , 5, 
2017/6/5, 36, , 7, 
2017/6/6, 33, , 4, 
2017/6/7, 10, , 7, 
2017/6/8, 10, , 9, 
2017/6/9, 25, , 9, 
2017/6/10, 23, , 4, 
2017/6/11, 43, , 3, 
2017/6/12, 44, , 5, 
2017/6/13, 53, , 3, 
2017/6/14, 47, , 4, 
2017/6/15, 25, , 9, 
2017/6/16, 36, , 6, 
2017/6/17, 33, , 3, 
2017/6/18, 36, , 2, 
2017/6/19, 33, , 5, 
2017/6/20, 19, , 4, 
2017/6/21, 10, , 5, 
2017/6/22, 9, , 9, 
2017/6/23, 28, , 3, 
2017/6/24, 20, , 3, 
2017/6/25, 20, , 1, 
2017/6/26, 11, , 4, 
2017/6/27, 10, , 3, 
2017/6/28, 11, , 7, 
2017/6/29, 21, , 8, 
2017/6/30, 36, , 5, 
2017/7/1, 22, , 4, 
2017/1/3, 36, , 20, 
2017/1/4, 20, , 3, 
2017/1/5, 33, , 8, 
2017/1/6, 34, , 11, 
2017/1/7, 44, , 11, 
2017/1/8, 47, , 5, 
2017/1/9, 32, , 15, 
2017/1/10, 39, , 8, 
2017/1/11, 27, , 12, 
2017/1/12, 29, , 7, 
2017/1/13, 37, , 8, 
2017/1/14, 34, , 13, 
2017/1/15, 28, , 18, 
2017/1/16, 42, , 24, 
2017/1/17, 50, , 14, 
2017/1/18, 32, , 10, 
2017/1/19, 29, , 11, 
2017/1/20, 28, , 16, 
2017/1/21, 37, , 16, 
2017/1/22, 45, , 8, 
2017/1/23, 44, , 7, 
2017/1/24, 33, , 10, 
2017/1/25, 28, , 9, 
2017/1/26, 31, , 4, 
2017/1/27, 28, , 3, 
2017/1/28, 19, , , 
2017/1/30, 21, , 13, 
2017/1/31, 30, , 12, 
2017/2/1, 30, , 5, 
2017/2/2, 30, , 6, 
2017/2/3, 26, , 4, 
2017/2/4, 28, , 6, 
2017/2/5, 22, , 5, 
2017/2/6, 34, , 19, 
2017/2/7, 31, , 12, 
2017/2/8, 30, , 7, 
2017/2/9, 29, , 7, 
2017/2/10, 23, , 11, 
2017/2/11, 23, , 12, 
2017/2/12, 49, , 8, 
2017/2/13, 32, , 8, 
2017/2/14, 27, , 10, 
2017/2/15, 28, , 7, 
2017/2/16, 23, , 10, 
2017/2/17, 33, , 22, 
2017/2/18, 39, , 6, 
2017/2/19, 47, , 13, 
2017/2/20, 58, , 14, 
2017/2/21, 35, , 22, 
2017/2/22, 41, , 16, 
2017/2/23, 62, , 13, 
2017/2/24, 53, , 11, 
2017/2/25, 31, , 3, 
2017/2/26, 23, , 3, 
2017/2/27, 25, , 18, 
2017/2/28, 41, , 13, 
2017/3/1, 36, , 5, 
2017/3/2, 18, , 4, 
2017/3/3, 18, , 6, 
2017/3/4, 18, , 9, 
2017/3/5, 20, , 12, 
2017/3/6, 20, , 13, 
2017/3/7, 40, , 6, 
2017/3/8, 32, , 4, 
2017/3/9, 15, , 7, 
2017/3/10, 19, , 5, 
2017/3/11, 20, , 4, 
2017/3/12, 16, , , 
2017/3/13, 24, , , 
2017/3/14, 20, , 7, 
2017/3/15, 15, , 7, 
2017/3/16, 21, , 6, 
2017/3/17, 23, , 20, 
2017/3/18, 35, , 14, 
2017/3/19, 42, , 11, 
2017/3/20, 38, , 21, 
2017/3/21, 39, , 9, 
2017/3/22, 38, , 12, 
2017/3/23, 27, , 16, 
2017/3/24, 29, , 11, 
2017/3/25, 44, , 5, 
2017/3/26, 21, , 7, 
2017/3/27, 27, , 13, 
2017/3/28, 17, , 13, 
2017/3/29, 24, , 12, 
2017/3/30, 22, , 7, 
2017/3/31, 14, , 13, 
2017/4/1, 16, , 6, 
2016/10/2, 13, , 3, 
2016/10/3, 26, , 10, 
2016/10/4, 32, , 12, 
2016/10/5, 30, , 11, 
2016/10/6, 30, , 14, 
2016/10/7, 40, , 11, 
2016/10/8, 36, , 3, 
2016/10/9, 16, , 4, 
2016/10/10, 16, , 12, 
2016/10/11, 22, , 18, 
2016/10/12, 33, , 8, 
2016/10/13, 18, , 9, 
2016/10/14, 17, , 11, 
2016/10/15, 20, , 9, 
2016/10/16, 30, , 5, 
2016/10/17, 49, , 7, 
2016/10/18, 49, , 5, 
2016/10/19, 42, , 11, 
2016/10/20, 30, , 7, 
2016/10/21, 19, , 3, 
2016/10/22, 10, , 2, 
2016/10/23, 13, , , 
2016/10/24, 26, , , 
2016/10/25, 26, , 11, 
2016/10/26, 15, , 9, 
2016/10/27, 16, , 8, 
2016/10/28, 16, , 9, 
2016/10/29, 22, , 5, 
2016/10/30, 45, , 8, 
2016/10/31, 23, , 12, 
2016/11/1, 24, , 12, 
2016/11/2, 47, , 16, 
2016/11/3, 42, , 9, 
2016/11/4, 19, , 7, 
2016/11/5, 17, , 5, 
2016/11/6, 27, , 12, 
2016/11/7, 32, , 27, 
2016/11/8, 41, , 13, 
2016/11/9, 56, , 13, 
2016/11/10, 29, , 7, 
2016/11/11, 35, , 7, 
2016/11/12, 27, , 5, 
2016/11/13, 18, , 3, 
2016/11/14, 26, , 16, 
2016/11/15, 44, , 26, 
2016/11/16, 56, , 17, 
2016/11/17, 50, , 18, 
2016/11/18, 42, , 18, 
2016/11/19, 55, , 2, 
2016/11/20, 25, , 1, 
2016/11/21, 15, , 3, 
2016/11/22, 21, , 12, 
2016/11/23, 25, , 15, 
2016/11/24, 37, , 12, 
2016/11/25, 48, , 7, 
2016/11/26, 36, , 5, 
2016/11/27, 26, , 11, 
2016/11/28, 37, , 13, 
2016/11/29, 44, , 19, 
2016/11/30, 49, , 11, 
2016/12/1, 34, , 4, 
2016/12/2, 30, , 3, 
2016/12/3, 26, , 6, 
2016/12/4, 27, , 8, 
2016/12/5, 26, , 12, 
2016/12/6, 28, , 15, 
2016/12/7, 32, , 7, 
2016/12/8, 34, , 5, 
2016/12/9, 32, , 9, 
2016/12/10, 29, , 7, 
2016/12/11, 30, , 7, 
2016/12/12, 36, , 5, 
2016/12/13, 41, , 8, 
2016/12/14, 47, , 7, 
2016/12/15, 32, , 5, 
2016/12/16, 34, , 12, 
2016/12/17, 36, , 20, 
2016/12/18, 40, , 10, 
2016/12/19, 46, , 18, 
2016/12/20, 39, , 10, 
2016/12/21, 44, , 16, 
2016/12/22, 49, , 8, 
2016/12/23, 49, , 17, 
2016/12/24, 39, , 5, 
2016/12/25, 46, , 7, 
2016/12/26, 36, , 9, 
2016/12/27, 35, , 4, 
2016/12/28, 42, , 11, 
2016/12/29, 39, , 6, 
2016/12/30, 42, , 4, 
2016/12/31, 37, , 4, 
2017/1/1, 38, , 13, 
2017/1/2, 47, , 18, 
2016/7/2, 33, , 2, 
2016/7/3, 13, , 4, 
2016/7/4, 29, , 4, 
2016/7/5, 49, , 4, 
2016/7/6, 44, , 7, 
2016/7/7, 44, , 6, 
2016/7/8, 52, , 7, 
2016/7/9, 40, , 2, 
2016/7/10, 16, , 2, 
2016/7/11, 17, , 9, 
2016/7/12, 49, , 10, 
2016/7/13, 55, , 4, 
2016/7/14, 58, , 3, 
2016/7/15, 27, , 3, 
2016/7/16, 26, , 4, 
2016/7/17, 19, , 3, 
2016/7/18, 32, , 4, 
2016/7/19, 40, , 9, 
2016/7/20, 26, , 11, 
2016/7/21, 36, , 8, 
2016/7/22, 37, , 3, 
2016/7/23, 46, , 5, 
2016/7/24, 39, , 4, 
2016/7/25, 37, , 6, 
2016/7/26, 39, , 4, 
2016/7/27, 17, , 6, 
2016/7/28, 29, , 12, 
2016/7/29, 44, , 8, 
2016/7/30, 44, , 3, 
2016/7/31, 22, , 4, 
2016/8/1, 23, , 8, 
2016/8/2, 17, , 9, 
2016/8/3, 33, , 12, 
2016/8/4, 32, , 4, 
2016/8/5, 42, , 4, 
2016/8/6, 36, , 2, 
2016/8/7, 16, , 3, 
2016/8/8, 12, , 7, 
2016/8/9, 22, , 7, 
2016/8/10, 34, , 7, 
2016/8/11, 34, , 5, 
2016/8/12, 32, , 2, 
2016/8/13, 34, , 1, 
2016/8/14, 21, , 2, 
2016/8/15, 20, , 8, 
2016/8/16, 24, , 6, 
2016/8/17, 18, , 8, 
2016/8/18, 15, , 6, 
2016/8/19, 28, , 7, 
2016/8/20, 28, , 2, 
2016/8/21, 36, , 2, 
2016/8/22, 17, , 5, 
2016/8/23, 12, , 8, 
2016/8/24, 23, , 8, 
2016/8/25, 36, , 5, 
2016/8/26, 38, , 4, 
2016/8/27, 32, , 4, 
2016/8/28, 26, , 3, 
2016/8/29, 43, , 8, 
2016/8/30, 25, , 7, 
2016/8/31, 29, , 8, 
2016/9/1, 27, , 3, 
2016/9/2, 11, , 4, 
2016/9/3, 17, , 3, 
2016/9/4, 20, , 4, 
2016/9/5, 30, , 7, 
2016/9/6, 39, , 10, 
2016/9/7, 52, , 6, 
2016/9/8, 52, , 3, 
2016/9/9, 22, , 6, 
2016/9/10, 22, , 3, 
2016/9/11, 29, , 3, 
2016/9/12, 7, , 10, 
2016/9/13, 18, , 7, 
2016/9/14, 32, , 8, 
2016/9/15, 24, , 6, 
2016/9/16, 16, , 7, 
2016/9/17, 30, , 2, 
2016/9/18, 31, , 4, 
2016/9/19, 23, , 11, 
2016/9/20, 33, , 13, 
2016/9/21, 40, , 14, 
2016/9/22, 31, , 14, 
2016/9/23, 47, , 7, 
2016/9/24, 34, , 7, 
2016/9/25, 21, , 4, 
2016/9/26, 21, , 8, 
2016/9/27, 23, , 10, 
2016/9/28, 21, , 7, 
2016/9/29, 34, , 3, 
2016/9/30, 20, , 4, 
2016/10/1, 16, , 6, 
2016/4/2, 23, , 3, 
2016/4/3, 12, , 4, 
2016/4/4, 18, , 12, 
2016/4/5, 25, , 12, 
2016/4/6, 21, , 11, 
2016/4/7, 21, , 5, 
2016/4/8, 28, , 5, 
2016/4/9, 20, , 5, 
2016/4/10, 21, , 8, 
2016/4/11, 19, , 8, 
2016/4/12, 31, , 9, 
2016/4/13, 23, , 14, 
2016/4/14, 30, , 11, 
2016/4/15, 32, , 11, 
2016/4/16, 38, , 10, 
2016/4/17, 29, , 12, 
2016/4/18, 37, , 15, 
2016/4/19, 49, , 13, 
2016/4/20, 28, , 12, 
2016/4/21, 28, , 17, 
2016/4/22, 48, , 7, 
2016/4/23, 36, , 5, 
2016/4/24, 15, , 9, 
2016/4/25, 25, , 8, 
2016/4/26, 27, , 11, 
2016/4/27, 22, , 12, 
2016/4/28, 28, , 8, 
2016/4/29, 15, , 9, 
2016/4/30, 17, , 4, 
2016/5/1, 20, , 4, 
2016/5/2, 14, , 6, 
2016/5/3, 11, , 9, 
2016/5/4, 20, , 12, 
2016/5/5, 26, , 10, 
2016/5/6, 19, , 11, 
2016/5/7, 28, , 7, 
2016/5/8, 22, , 3, 
2016/5/9, 16, , 15, 
2016/5/10, 30, , 10, 
2016/5/11, 26, , 12, 
2016/5/12, 19, , , 
2016/5/21, 13, , 6, 
2016/5/22, 21, , 5, 
2016/5/23, 31, , 12, 
2016/5/24, 55, , 12, 
2016/5/25, 48, , 21, 
2016/5/26, 61, , 19, 
2016/5/27, 66, , 10, 
2016/5/28, 47, , 7, 
2016/5/29, 52, , 4, 
2016/5/30, 46, , 5, 
2016/5/31, 28, , 9, 
2016/6/1, 25, , 5, 
2016/6/2, 23, , 9, 
2016/6/3, 42, , 9, 
2016/6/4, 38, , 5, 
2016/6/5, 34, , 2, 
2016/6/6, 20, , 5, 
2016/6/7, 17, , 5, 
2016/6/8, 19, , 4, 
2016/6/9, 9, , 9, 
2016/6/10, 18, , 11, 
2016/6/11, 28, , 4, 
2016/6/12, 50, , 2, 
2016/6/13, 24, , 7, 
2016/6/14, 14, , 11, 
2016/6/15, 31, , 8, 
2016/6/16, 45, , 7, 
2016/6/17, 31, , 12, 
2016/6/18, 38, , 10, 
2016/6/19, 43, , 7, 
2016/6/20, 53, , 5, 
2016/6/21, 54, , 9, 
2016/6/22, 21, , 7, 
2016/6/23, 33, , 8, 
2016/6/24, 32, , 8, 
2016/6/25, 40, , 6, 
2016/6/26, 39, , 4, 
2016/6/27, 53, , 5, 
2016/6/28, 37, , 5, 
2016/6/29, 17, , 4, 
2016/6/30, 21, , 11, 
2016/7/1, 32, , 7, 
2016/1/5, 37, , 19, 
2016/1/6, 42, , 24, 
2016/1/7, 49, , 30, 
2016/1/8, 72, , 22, 
2016/1/9, 60, , 8, 
2016/1/10, 31, , 4, 
2016/1/11, 22, , 8, 
2016/1/12, 33, , 7, 
2016/1/13, 37, , 7, 
2016/1/14, 30, , 20, 
2016/1/15, 46, , 29, 
2016/1/16, 58, , 4, 
2016/1/17, 38, , 6, 
2016/1/18, 33, , 5, 
2016/1/19, 27, , 5, 
2016/1/20, 20, , 11, 
2016/1/21, 26, , 23, 
2016/1/22, 44, , 28, 
2016/1/23, 36, , 16, 
2016/1/24, 27, , 15, 
2016/1/25, 44, , 18, 
2016/1/26, 47, , 6, 
2016/1/27, 39, , 5, 
2016/1/28, 26, , 10, 
2016/1/29, 36, , 8, 
2016/1/30, 32, , 10, 
2016/1/31, 34, , 9, 
2016/2/1, 44, , 10, 
2016/2/2, 38, , 13, 
2016/2/3, 33, , 5, 
2016/2/4, 26, , 6, 
2016/2/5, 29, , 8, 
2016/2/6, 27, , 5, 
2016/2/7, 34, , 11, 
2016/2/8, 41, , 14, 
2016/2/9, 45, , 6, 
2016/2/10, 30, , 4, 
2016/2/11, 24, , 6, 
2016/2/12, 23, , 10, 
2016/2/13, 24, , 9, 
2016/2/14, 26, , 17, 
2016/2/15, 30, , 21, 
2016/2/16, 42, , 15, 
2016/2/17, 40, , 12, 
2016/2/18, 39, , 31, 
2016/2/19, 29, , 13, 
2016/2/20, 19, , 7, 
2016/2/21, 29, , 13, 
2016/2/22, 25, , 10, 
2016/2/23, 26, , 13, 
2016/2/24, 29, , 12, 
2016/2/25, 17, , 7, 
2016/2/26, 25, , 6, 
2016/2/27, 24, , 4, 
2016/2/28, 25, , 4, 
2016/2/29, 39, , 6, 
2016/3/1, 39, , 7, 
2016/3/2, 15, , 5, 
2016/3/3, 28, , 8, 
2016/3/4, 21, , 19, 
2016/3/5, 30, , 15, 
2016/3/6, 34, , 12, 
2016/3/7, 35, , 17, 
2016/3/8, 46, , 20, 
2016/3/9, 60, , 10, 
2016/3/10, 57, , 12, 
2016/3/11, 28, , 12, 
2016/3/12, 43, , 11, 
2016/3/13, 37, , 8, 
2016/3/14, 27, , 9, 
2016/3/15, 17, , 12, 
2016/3/16, 21, , 6, 
2016/3/17, 18, , 8, 
2016/3/18, 21, , 8, 
2016/3/19, 22, , 9, 
2016/3/20, 13, , 13, 
2016/3/21, 16, , , 
2016/3/22, 24, , 14, 
2016/3/23, 35, , 7, 
2016/3/24, 31, , 9, 
2016/3/25, 21, , 5, 
2016/3/26, 36, , 10, 
2016/3/27, 37, , 8, 
2016/3/28, 39, , 5, 
2016/3/29, 27, , 8, 
2016/3/30, 17, , 15, 
2016/3/31, 25, , 7, 
2016/4/1, 28, , 5, 
2015/10/2, 12, , 5, 
2015/10/3, 13, , 2, 
2015/10/4, 11, , 4, 
2015/10/5, 13, , 8, 
2015/10/6, 28, , 9, 
2015/10/7, 36, , 11, 
2015/10/8, 39, , 12, 
2015/10/9, 31, , 7, 
2015/10/10, 39, , 6, 
2015/10/11, 27, , 3, 
2015/10/12, 24, , 7, 
2015/10/13, 30, , 3, 
2015/10/14, 26, , 8, 
2015/10/15, 17, , 7, 
2015/10/16, 22, , 4, 
2015/10/17, 19, , 7, 
2015/10/18, 18, , 9, 
2015/10/19, 21, , 11, 
2015/10/20, 32, , 14, 
2015/10/21, 52, , 16, 
2015/10/22, 55, , 8, 
2015/10/23, 44, , 11, 
2015/10/24, 19, , 11, 
2015/10/25, 26, , 6, 
2015/10/26, 21, , 12, 
2015/10/27, 26, , 12, 
2015/10/28, 26, , 6, 
2015/10/29, 10, , 3, 
2015/10/30, 22, , 12, 
2015/10/31, 32, , 9, 
2015/11/1, 36, , 5, 
2015/11/2, 28, , 17, 
2015/11/3, 41, , 23, 
2015/11/4, 50, , 25, 
2015/11/5, 51, , 21, 
2015/11/6, 56, , 4, 
2015/11/7, 26, , 4, 
2015/11/8, 24, , 8, 
2015/11/9, 24, , 16, 
2015/11/10, 41, , 16, 
2015/11/11, 38, , 10, 
2015/11/12, 42, , 7, 
2015/11/13, 32, , 3, 
2015/11/14, 28, , 5, 
2015/11/15, 23, , 8, 
2015/11/16, 39, , 11, 
2015/11/17, 48, , 18, 
2015/11/18, 41, , 6, 
2015/11/19, 32, , 3, 
2015/11/20, 21, , 11, 
2015/11/21, 26, , 9, 
2015/11/22, 21, , 4, 
2015/11/23, 26, , 12, 
2015/11/24, 27, , 15, 
2015/11/25, 47, , 16, 
2015/11/26, 51, , 4, 
2015/11/27, 35, , 5, 
2015/11/28, 29, , 8, 
2015/11/29, 25, , 9, 
2015/11/30, 33, , 13, 
2015/12/1, 38, , 14, 
2015/12/2, 31, , 15, 
2015/12/3, 41, , 7, 
2015/12/4, 40, , 8, 
2015/12/5, 48, , 14, 
2015/12/6, 51, , 17, 
2015/12/7, 52, , 17, 
2015/12/8, 62, , 18, 
2015/12/9, 58, , 14, 
2015/12/10, 57, , 10, 
2015/12/11, 54, , 9, 
2015/12/12, 47, , 14, 
2015/12/13, 56, , 7, 
2015/12/14, 53, , 10, 
2015/12/15, 43, , 5, 
2015/12/16, 33, , 9, 
2015/12/17, 28, , 6, 
2015/12/18, 39, , 6, 
2015/12/19, 35, , 2, 
2015/12/20, 38, , 9, 
2015/12/21, 32, , 10, 
2015/12/22, 37, , 12, 
2015/12/23, 44, , 10, 
2015/12/24, 34, , 9, 
2015/12/25, 34, , 16, 
2015/12/26, 44, , 11, 
2015/12/27, 36, , 6, 
2015/12/28, 34, , 7, 
2015/12/29, 29, , 8, 
2015/12/30, 33, , 8, 
2015/12/31, 34, , 6, 
2016/1/1, 41, , , 
2016/1/3, 39, , 6, 
2016/1/4, 36, , 8, 
2015/7/2, 38, , , 
2015/7/3, 35, , , 
2015/7/4, 32, , , 
2015/7/5, 38, , , 
2015/7/6, 66, , , 
2015/7/7, 63, , , 
2015/7/8, 50, , , 
2015/7/9, 27, , , 
2015/7/10, 42, , , 
2015/7/11, 50, , , 
2015/7/12, 55, , , 
2015/7/13, 49, , , 
2015/7/14, 60, , , 
2015/7/15, 26, , , 
2015/7/16, 12, , , 
2015/7/17, 23, , , 
2015/7/18, 42, , , 
2015/7/19, 54, , , 
2015/7/20, 38, , , 
2015/7/21, 35, , , 
2015/7/22, 27, , , 
2015/7/23, 11, , , 
2015/7/24, 23, , , 
2015/7/25, 30, , , 
2015/7/26, 40, , , 
2015/7/27, 49, , , 
2015/7/28, 52, , , 
2015/7/29, 53, , , 
2015/7/30, 62, , , 
2015/7/31, 50, , , 
2015/8/1, 47, , , 
2015/8/2, 39, , , 
2015/8/3, 33, , , 
2015/8/4, 22, , , 
2015/8/5, 28, , , 
2015/8/6, 7, , , 
2015/8/7, 19, , , 
2015/8/8, 26, , , 
2015/8/9, 14, , , 
2015/8/10, 22, , , 
2015/8/11, 41, , , 
2015/8/12, 37, , , 
2015/8/13, 16, , , 
2015/8/14, 24, , , 
2015/8/15, 38, , , 
2015/8/16, 42, , , 
2015/8/17, 43, , , 
2015/8/18, 54, , , 
2015/8/19, 65, , , 
2015/8/20, 46, , , 
2015/8/21, 19, , , 
2015/8/22, 18, , , 
2015/8/23, 26, , , 
2015/8/24, 31, , , 
2015/8/25, 26, , , 
2015/8/26, 17, , , 
2015/8/27, 15, , , 
2015/8/28, 20, , , 
2015/8/29, 32, , , 
2015/8/30, 48, , , 
2015/8/31, 57, , , 
2015/9/1, 65, , , 
2015/9/2, 81, , , 
2015/9/3, 80, , , 
2015/9/4, 87, , , 
2015/9/10, 45, , , 
2015/9/11, 28, , , 
2015/9/12, 38, , , 
2015/9/13, 10, , , 
2015/9/14, 11, , , 
2015/9/15, 21, , , 
2015/9/16, 44, , , 
2015/9/17, 57, , , 
2015/9/18, 60, , , 
2015/9/19, 55, , , 
2015/9/20, 35, , , 
2015/9/21, 16, , , 
2015/9/22, 17, , , 
2015/9/23, 33, , , 
2015/9/24, 49, , , 
2015/9/25, 49, , , 
2015/9/26, 37, , , 
2015/9/27, 33, , , 
2015/9/28, 31, , , 
2015/9/29, 17, , , 
2015/9/30, 23, , 5, 
2015/10/1, 12, , 8, 
2015/4/2, 31, , , 
2015/4/3, 32, , , 
2015/4/4, 23, , , 
2015/4/5, 17, , , 
2015/4/6, 22, , , 
2015/4/7, 33, , , 
2015/4/8, 27, , , 
2015/4/9, 21, , , 
2015/4/10, 15, , , 
2015/4/11, 18, , , 
2015/4/12, 22, , , 
2015/4/13, 41, , , 
2015/4/14, 47, , , 
2015/4/15, 24, , , 
2015/4/16, 25, , , 
2015/4/17, 24, , , 
2015/4/18, 34, , , 
2015/4/19, 37, , , 
2015/4/20, 11, , , 
2015/4/21, 15, , , 
2015/4/22, 15, , , 
2015/4/23, 15, , , 
2015/4/24, 10, , , 
2015/4/25, 14, , , 
2015/4/26, 18, , , 
2015/4/27, 27, , , 
2015/4/28, 17, , , 
2015/4/29, 21, , , 
2015/4/30, 22, , , 
2015/5/1, 49, , , 
2015/5/2, 47, , , 
2015/5/3, 38, , , 
2015/5/4, 61, , , 
2015/5/5, 55, , , 
2015/5/6, 48, , , 
2015/5/7, 29, , , 
2015/5/8, 45, , , 
2015/5/9, 64, , , 
2015/5/10, 73, , , 
2015/5/11, 49, , , 
2015/5/12, 50, , , 
2015/5/13, 16, , , 
2015/5/14, 20, , , 
2015/5/15, 35, , , 
2015/5/16, 37, , , 
2015/5/17, 50, , , 
2015/5/18, 49, , , 
2015/5/19, 45, , , 
2015/5/20, 19, , , 
2015/5/21, 14, , , 
2015/5/22, 18, , , 
2015/5/23, 27, , , 
2015/5/24, 24, , , 
2015/5/25, 45, , , 
2015/5/26, 52, , , 
2015/5/27, 30, , , 
2015/5/28, 24, , , 
2015/5/29, 30, , , 
2015/5/30, 49, , , 
2015/5/31, 41, , , 
2015/6/1, 2, , , 
2015/6/2, 8, , , 
2015/6/3, 13, , , 
2015/6/4, 18, , , 
2015/6/5, 35, , , 
2015/6/6, 32, , , 
2015/6/7, 16, , , 
2015/6/8, 28, , , 
2015/6/9, 28, , , 
2015/6/10, 23, , , 
2015/6/11, 62, , , 
2015/6/12, 45, , , 
2015/6/13, 51, , , 
2015/6/14, 15, , , 
2015/6/15, 44, , , 
2015/6/16, 34, , , 
2015/6/17, 25, , , 
2015/6/18, 31, , , 
2015/6/19, 52, , , 
2015/6/20, 22, , , 
2015/6/21, 42, , , 
2015/6/22, 56, , , 
2015/6/23, 40, , , 
2015/6/24, 26, , , 
2015/6/25, 12, , , 
2015/6/26, 28, , , 
2015/6/27, 30, , , 
2015/6/28, 16, , , 
2015/6/29, 4, , , 
2015/6/30, 17, , , 
2015/7/1, 35, , , 
2015/1/2, 38, , , 
2015/1/3, 47, , , 
2015/1/4, 41, , , 
2015/1/5, 31, , , 
2015/1/6, 37, , , 
2015/1/7, 34, , , 
2015/1/8, 37, , , 
2015/1/9, 32, , , 
2015/1/10, 39, , , 
2015/1/11, 40, , , 
2015/1/12, 48, , , 
2015/1/13, 47, , , 
2015/1/14, 39, , , 
2015/1/15, 52, , , 
2015/1/16, 54, , , 
2015/1/17, 45, , , 
2015/1/18, 43, , , 
2015/1/19, 37, , , 
2015/1/20, 31, , , 
2015/1/21, 46, , , 
2015/1/22, 59, , , 
2015/1/23, 48, , , 
2015/1/24, 52, , , 
2015/1/25, 46, , , 
2015/1/26, 36, , , 
2015/1/27, 29, , , 
2015/1/28, 39, , , 
2015/1/29, 47, , , 
2015/1/30, 36, , , 
2015/1/31, 29, , , 
2015/2/1, 27, , , 
2015/2/2, 25, , , 
2015/2/3, 32, , , 
2015/2/4, 36, , , 
2015/2/5, 42, , , 
2015/2/6, 23, , , 
2015/2/7, 31, , , 
2015/2/8, 42, , , 
2015/2/9, 33, , , 
2015/2/10, 32, , , 
2015/2/11, 39, , , 
2015/2/12, 37, , , 
2015/2/13, 28, , , 
2015/2/14, 26, , , 
2015/2/15, 27, , , 
2015/2/16, 34, , , 
2015/2/17, 33, , , 
2015/2/18, 45, , , 
2015/2/19, 37, , , 
2015/2/20, 27, , , 
2015/2/21, 34, , , 
2015/2/22, 39, , , 
2015/2/23, 47, , , 
2015/2/24, 26, , , 
2015/2/25, 26, , , 
2015/2/26, 28, , , 
2015/2/27, 31, , , 
2015/2/28, 34, , , 
2015/3/1, 48, , , 
2015/3/2, 46, , , 
2015/3/3, 42, , , 
2015/3/4, 28, , , 
2015/3/5, 38, , , 
2015/3/6, 29, , , 
2015/3/7, 35, , , 
2015/3/8, 38, , , 
2015/3/9, 36, , , 
2015/3/10, 52, , , 
2015/3/11, 59, , , 
2015/3/12, 36, , , 
2015/3/13, 20, , , 
2015/3/14, 22, , , 
2015/3/15, 18, , , 
2015/3/16, 22, , , 
2015/3/17, 31, , , 
2015/3/18, 23, , , 
2015/3/19, 15, , , 
2015/3/20, 21, , , 
2015/3/21, 29, , , 
2015/3/22, 31, , , 
2015/3/23, 20, , , 
2015/3/24, 20, , , 
2015/3/25, 29, , , 
2015/3/26, 34, , , 
2015/3/27, 25, , , 
2015/3/28, 17, , , 
2015/3/29, 15, , , 
2015/3/30, 20, , , 
2015/3/31, 16, , , 
2015/4/1, 16, , , 
2014/10/2, 56, , , 
2014/10/3, 51, , , 
2014/10/4, 47, , , 
2014/10/5, 11, , , 
2014/10/6, 18, , , 
2014/10/7, 30, , , 
2014/10/8, 23, , , 
2014/10/9, 27, , , 
2014/10/10, 25, , , 
2014/10/11, 24, , , 
2014/10/12, 24, , , 
2014/10/13, 33, , , 
2014/10/14, 46, , , 
2014/10/15, 29, , , 
2014/10/16, 21, , , 
2014/10/17, 32, , , 
2014/10/18, 34, , , 
2014/10/19, 20, , , 
2014/10/20, 16, , , 
2014/10/21, 34, , , 
2014/10/22, 37, , , 
2014/10/23, 17, , , 
2014/10/24, 18, , , 
2014/10/25, 37, , , 
2014/10/26, 47, , , 
2014/10/27, 21, , , 
2014/10/28, 36, , , 
2014/10/29, 51, , , 
2014/10/30, 21, , , 
2014/10/31, 22, , , 
2014/11/1, 30, , , 
2014/11/2, 17, , , 
2014/11/3, 16, , , 
2014/11/4, 32, , , 
2014/11/5, 40, , , 
2014/11/6, 40, , , 
2014/11/7, 29, , , 
2014/11/8, 22, , , 
2014/11/9, 29, , , 
2014/11/10, 24, , , 
2014/11/11, 42, , , 
2014/11/12, 53, , , 
2014/11/13, 28, , , 
2014/11/14, 23, , , 
2014/11/15, 23, , , 
2014/11/16, 27, , , 
2014/11/17, 42, , , 
2014/11/18, 51, , , 
2014/11/19, 30, , , 
2014/11/20, 31, , , 
2014/11/21, 35, , , 
2014/11/22, 35, , , 
2014/11/23, 48, , , 
2014/11/24, 50, , , 
2014/11/25, 26, , , 
2014/11/26, 41, , , 
2014/11/27, 27, , , 
2014/11/28, 28, , , 
2014/11/29, 27, , , 
2014/11/30, 42, , , 
2014/12/1, 54, , , 
2014/12/2, 41, , , 
2014/12/3, 30, , , 
2014/12/4, 43, , , 
2014/12/5, 43, , , 
2014/12/6, 48, , , 
2014/12/7, 49, , , 
2014/12/8, 32, , , 
2014/12/9, 32, , , 
2014/12/10, 40, , , 
2014/12/11, 37, , , 
2014/12/12, 32, , , 
2014/12/13, 42, , , 
2014/12/14, 51, , , 
2014/12/15, 41, , , 
2014/12/16, 39, , , 
2014/12/17, 42, , , 
2014/12/18, 29, , , 
2014/12/19, 28, , , 
2014/12/23, 58, , , 
2014/12/24, 39, , , 
2014/12/25, 25, , , 
2014/12/26, 41, , , 
2014/12/27, 41, , , 
2014/12/28, 43, , , 
2014/12/29, 36, , , 
2014/7/2, 40, , , 
2014/7/3, 43, , , 
2014/7/4, 28, , , 
2014/7/5, 26, , , 
2014/7/6, 50, , , 
2014/7/7, 38, , , 
2014/7/8, 56, , , 
2014/7/9, 41, , , 
2014/7/10, 16, , , 
2014/7/11, 23, , , 
2014/7/12, 30, , , 
2014/7/13, 50, , , 
2014/7/14, 55, , , 
2014/7/15, 47, , , 
2014/7/16, 34, , , 
2014/7/17, 12, , , 
2014/7/18, 15, , , 
2014/7/19, 30, , , 
2014/7/20, 43, , , 
2014/7/21, 45, , , 
2014/7/22, 46, , , 
2014/7/23, 52, , , 
2014/7/24, 49, , , 
2014/7/25, 10, , , 
2014/7/29, 12, , , 
2014/7/30, 15, , , 
2014/7/31, 35, , , 
2014/8/1, 31, , , 
2014/8/2, 58, , , 
2014/8/3, 51, , , 
2014/8/4, 39, , , 
2014/8/5, 65, , , 
2014/8/6, 64, , , 
2014/8/7, 36, , , 
2014/8/8, 49, , , 
2014/8/9, 39, , , 
2014/8/10, 28, , , 
2014/8/11, 32, , , 
2014/8/12, 41, , , 
2014/8/13, 12, , , 
2014/8/14, 17, , , 
2014/8/15, 11, , , 
2014/8/16, 14, , , 
2014/8/17, 22, , , 
2014/8/18, 31, , , 
2014/8/19, 21, , , 
2014/8/20, 31, , , 
2014/8/21, 31, , , 
2014/8/22, 38, , , 
2014/8/23, 45, , , 
2014/8/24, 32, , , 
2014/8/25, 20, , , 
2014/8/26, 29, , , 
2014/8/27, 47, , , 
2014/8/28, 28, , , 
2014/8/29, 20, , , 
2014/8/30, 33, , , 
2014/8/31, 44, , , 
2014/9/1, 51, , , 
2014/9/2, 30, , , 
2014/9/3, 31, , , 
2014/9/4, 36, , , 
2014/9/5, 47, , , 
2014/9/6, 63, , , 
2014/9/7, 10, , , 
2014/9/8, 29, , , 
2014/9/9, 25, , , 
2014/9/10, 24, , , 
2014/9/11, 35, , , 
2014/9/12, 20, , , 
2014/9/13, 12, , , 
2014/9/14, 14, , , 
2014/9/15, 14, , , 
2014/9/16, 26, , , 
2014/9/17, 21, , , 
2014/9/18, 35, , , 
2014/9/19, 31, , , 
2014/9/20, 27, , , 
2014/9/21, 52, , , 
2014/9/22, 36, , , 
2014/9/23, 17, , , 
2014/9/24, 30, , , 
2014/9/25, 30, , , 
2014/9/26, 33, , , 
2014/9/27, 36, , , 
2014/9/28, 56, , , 
2014/9/29, 45, , , 
2014/9/30, 54, , , 
2014/10/1, 63, , , 
2014/5/31, 34, , , 
2014/6/1, 34, , , 
2014/6/2, 29, , , 
2014/6/3, 45, , , 
2014/6/4, 39, , , 
2014/6/5, 15, , , 
2014/6/6, 22, , , 
2014/6/7, 17, , , 
2014/6/8, 36, , , 
2014/6/9, 45, , , 
2014/6/10, 37, , , 
2014/6/11, 43, , , 
2014/6/12, 37, , , 
2014/6/13, 27, , , 
2014/6/14, 24, , , 
2014/6/15, 4, , , 
2014/6/18, 59, , , 
2014/6/19, 25, , , 
2014/6/20, 22, , , 
2014/6/21, 21, , , 
2014/6/22, 17, , , 
2014/6/23, 30, , , 
2014/6/24, 47, , , 
2014/6/25, 41, , , 
2014/6/26, 32, , , 
2014/6/27, 34, , , 
2014/6/28, 28, , , 
2014/6/29, 54, , , 
2014/6/30, 44, , , 
2014/7/1, 41, , , 
2025/1/1, , , 3, 1
2023/11/5, , , 8, 1
2023/11/6, , , 9, 1
2022/3/20, , , 5, 
2022/3/21, , , 14, 1
2020/8/16, , , 3, 2
2020/8/17, , , 9, 2
2020/8/18, , , 9, 2
2020/8/19, , , 6, 1
2020/4/1, , , 3, 2
2019/1/1, , , 3, 1
2016/5/20, , , 5, 