date, pm25, no2, co
2025/3/2, 15, 12, 3
2025/3/3, 19, 24, 6
2025/3/4, 35, 22, 4
2025/3/5, 35, 5, 1
2025/3/6, 25, 4, 2
2025/3/7, 16, 27, 4
2025/3/8, 31, 12, 3
2025/3/9, 31, 31, 5
2025/3/10, 53, , 
2025/2/2, 19, 15, 5
2025/2/3, 31, 23, 8
2025/2/4, 49, 19, 3
2025/2/5, 33, 16, 3
2025/2/6, 34, 11, 2
2025/2/7, 24, 15, 3
2025/2/8, 18, 10, 3
2025/2/9, 18, 11, 3
2025/2/10, 36, 22, 4
2025/2/11, 39, 21, 3
2025/2/12, 34, 18, 5
2025/2/13, 45, 8, 3
2025/2/14, 34, 21, 4
2025/2/15, 39, 19, 4
2025/2/16, 26, 6, 2
2025/2/17, 20, 7, 1
2025/2/18, 21, 17, 3
2025/2/19, 37, 18, 3
2025/2/20, 32, 9, 2
2025/2/21, 37, 16, 3
2025/2/22, 42, 22, 5
2025/2/23, 48, 21, 3
2025/2/24, 49, 24, 6
2025/2/25, 40, 23, 5
2025/2/26, 39, 22, 6
2025/2/27, 44, 7, 2
2025/2/28, 32, 15, 4
2025/3/1, 26, 5, 2
2025/1/2, 15, 11, 3
2025/1/3, 21, 6, 3
2025/1/4, 19, 6, 2
2025/1/5, 14, 11, 3
2025/1/6, 30, 8, 2
2025/1/7, 22, 15, 2
2025/1/8, 27, 14, 2
2025/1/9, 36, 28, 5
2025/1/10, 64, 30, 5
2025/1/11, 63, 14, 4
2025/1/12, 41, 15, 3
2025/1/13, 40, 9, 2
2025/1/14, 27, 17, 2
2025/1/15, 36, 23, 4
2025/1/16, 56, 15, 2
2025/1/17, 39, 23, 4
2025/1/18, 44, 20, 3
2025/1/19, 29, 5, 2
2025/1/20, 17, 10, 2
2025/1/21, 21, 16, 3
2025/1/22, 34, 20, 3
2025/1/23, 36, 19, 3
2025/1/24, 43, 16, 3
2025/1/25, 35, 24, 5
2025/1/26, 47, 26, 6
2025/1/27, 42, 21, 5
2025/1/28, 34, 12, 2
2025/1/29, 28, 12, 4
2025/1/30, 25, 26, 6
2025/1/31, 46, 15, 4
2025/2/1, 29, 11, 3
2024/10/2, 40, 15, 4
2024/10/3, 33, 17, 7
2024/10/4, 46, 19, 8
2024/10/5, 54, 20, 6
2024/10/6, 55, 19, 6
2024/10/7, 55, 17, 4
2024/10/8, 39, 21, 5
2024/10/9, 34, 24, 7
2024/10/10, 49, 23, 6
2024/10/11, 40, 20, 7
2024/10/12, 47, 17, 5
2024/10/13, 57, 5, 2
2024/10/14, 53, 9, 2
2024/10/15, 24, 13, 3
2024/10/19, 34, 20, 8
2024/10/20, 50, 19, 7
2024/10/21, 52, 25, 8
2024/10/22, 54, 23, 7
2024/10/23, 50, 18, 3
2024/10/24, 37, 16, 5
2024/10/25, 23, 18, 5
2024/10/26, 44, 14, 4
2024/10/27, 23, 19, 6
2024/10/28, 30, 23, 7
2024/10/29, 44, 21, 4
2024/10/30, 58, 22, 3
2024/10/31, 47, 11, 2
2024/11/1, 25, 13, 4
2024/11/2, 17, 16, 7
2024/11/3, 39, 18, 6
2024/11/4, 31, 12, 3
2024/11/5, 34, 7, 2
2024/11/6, 21, 13, 3
2024/11/7, 29, 9, 3
2024/11/8, 25, 26, 5
2024/11/9, 30, 18, 6
2024/11/10, 37, 7, 2
2024/11/11, 35, 12, 3
2024/11/12, 14, 15, 5
2024/11/13, 23, 24, 5
2024/11/14, 32, 9, 2
2024/11/15, 21, 10, 3
2024/11/16, 23, 14, 5
2024/11/17, 28, 12, 6
2024/11/18, 39, 23, 6
2024/11/19, 55, 14, 4
2024/11/20, 39, 15, 3
2024/11/21, 23, 7, 2
2024/11/22, 13, 5, 2
2024/11/23, 17, 4, 2
2024/11/24, 18, 11, 4
2024/11/25, 37, 17, 4
2024/11/26, 40, 8, 3
2024/11/27, 25, 17, 5
2024/11/28, 34, 5, 2
2024/11/29, 32, 3, 1
2024/11/30, 23, 6, 
2024/12/1, 25, 6, 3
2024/12/2, 23, 15, 3
2024/12/3, 31, 12, 2
2024/12/4, 43, 10, 2
2024/12/5, 35, 5, 2
2024/12/6, 18, 13, 2
2024/12/7, 21, 15, 2
2024/12/8, 34, 12, 2
2024/12/9, 20, 10, 3
2024/12/10, 21, 15, 6
2024/12/11, 40, 6, 1
2024/12/12, 19, 13, 3
2024/12/13, 17, 23, 4
2024/12/14, 35, 20, 5
2024/12/15, 41, 10, 4
2024/12/16, 22, 11, 2
2024/12/17, 17, 17, 5
2024/12/18, 28, 19, 5
2024/12/19, 37, 16, 3
2024/12/20, 47, 12, 2
2024/12/21, 36, 13, 3
2024/12/22, 17, 18, 5
2024/12/23, 35, 15, 2
2024/12/24, 25, 16, 4
2024/12/25, 40, 13, 5
2024/12/26, 42, 18, 5
2024/12/27, 49, 13, 6
2024/12/28, 36, 11, 6
2024/12/29, 18, 5, 2
2024/12/30, 12, , 
2024/7/2, 17, 16, 4
2024/7/3, 32, 11, 3
2024/7/4, 48, 10, 2
2024/7/5, 34, 12, 3
2024/7/6, 34, 9, 2
2024/7/7, 26, 13, 4
2024/7/8, 61, 18, 4
2024/7/9, 47, 23, 4
2024/7/10, 51, 7, 2
2024/7/11, 19, 19, 4
2024/7/12, 40, 19, 6
2024/7/13, 49, 12, 5
2024/7/14, 52, 12, 3
2024/7/15, 44, 11, 3
2024/7/16, 47, 9, 2
2024/7/17, 31, 14, 3
2024/7/18, 41, 14, 3
2024/7/19, 30, , 
2024/7/23, 49, 18, 4
2024/7/24, 48, 19, 4
2024/7/25, 55, 19, 5
2024/7/26, 62, 19, 5
2024/7/27, 50, 18, 5
2024/7/28, 44, 11, 4
2024/7/29, 44, 9, 2
2024/7/30, 35, 13, 3
2024/7/31, 30, 14, 3
2024/8/1, 34, 11, 3
2024/8/2, 46, 10, 3
2024/8/3, 33, 10, 4
2024/8/4, 40, 13, 5
2024/8/5, 60, 15, 5
2024/8/6, 64, 14, 4
2024/8/7, 60, 16, 4
2024/8/8, 34, 16, 4
2024/8/9, 39, 13, 3
2024/8/10, 38, 6, 3
2024/8/11, 22, 11, 4
2024/8/12, 23, 19, 5
2024/8/13, 29, 26, 5
2024/8/14, 39, 25, 5
2024/8/15, 45, 24, 5
2024/8/16, 49, 16, 4
2024/8/17, 38, 10, 3
2024/8/18, 42, 6, 3
2024/8/19, 22, 12, 4
2024/8/20, 38, 18, 4
2024/8/21, 34, 21, 5
2024/8/22, 37, 22, 5
2024/8/23, 38, 26, 6
2024/8/24, 49, 19, 6
2024/8/25, 58, 17, 5
2024/8/26, 55, 22, 5
2024/8/27, 60, 21, 5
2024/8/28, 61, 26, 5
2024/8/29, 55, 23, 5
2024/8/30, 53, 20, 6
2024/8/31, 59, 13, 4
2024/9/1, 42, 7, 3
2024/9/2, 29, 8, 3
2024/9/3, 32, 18, 4
2024/9/4, 21, 23, 5
2024/9/5, 30, 25, 5
2024/9/6, 43, 16, 4
2024/9/7, 44, 8, 3
2024/9/8, 14, 13, 4
2024/9/9, 24, 19, 5
2024/9/10, 32, 27, 6
2024/9/11, 38, 29, 7
2024/9/12, 44, 25, 6
2024/9/13, 45, 21, 5
2024/9/14, 40, 14, 5
2024/9/15, 29, 14, 5
2024/9/16, 29, 23, 5
2024/9/17, 43, 28, 5
2024/9/18, 41, 25, 6
2024/9/19, 35, 26, 5
2024/9/20, 36, 21, 4
2024/9/21, 43, 23, 6
2024/9/22, 48, 16, 5
2024/9/23, 48, 15, 3
2024/9/24, 32, 13, 3
2024/9/25, 33, 15, 4
2024/9/26, 42, 17, 4
2024/9/27, 39, 7, 2
2024/9/28, 25, 8, 3
2024/9/29, 35, 11, 3
2024/9/30, 30, 16, 4
2024/10/1, 45, 11, 3
2024/4/2, 43, 13, 2
2024/4/3, 23, 4, 1
2024/4/4, 6, 4, 1
2024/4/5, 10, 12, 4
2024/4/6, 14, 17, 4
2024/4/7, 15, 11, 4
2024/4/8, 20, 17, 3
2024/4/9, 40, 17, 3
2024/4/10, 45, 18, 3
2024/4/11, 30, 13, 2
2024/4/12, 26, 5, 1
2024/4/13, 14, 11, 4
2024/4/14, 17, 10, 5
2024/4/15, 33, 18, 3
2024/4/16, 41, 19, 3
2024/4/17, 37, 8, 1
2024/4/18, 36, 18, 4
2024/4/19, 16, 10, 2
2024/4/20, 17, 6, 2
2024/4/21, 12, 8, 3
2024/4/22, 18, 20, 4
2024/4/23, 37, 16, 2
2024/4/24, 32, 15, 3
2024/4/25, 28, 19, 4
2024/4/26, 19, 15, 4
2024/4/27, 33, 4, 2
2024/4/28, 47, 8, 2
2024/4/29, 32, 13, 2
2024/4/30, 40, 17, 4
2024/5/1, 17, 17, 5
2024/5/2, 43, 16, 5
2024/5/3, 47, 18, 4
2024/5/4, 47, 13, 3
2024/5/5, 36, 11, 3
2024/5/6, 26, 18, 4
2024/5/7, 33, 14, 3
2024/5/8, 31, 15, 3
2024/5/9, 30, 12, 3
2024/5/10, 24, 15, 3
2024/5/11, 17, 12, 4
2024/5/12, 21, 16, 4
2024/5/13, 32, 17, 4
2024/5/14, 31, 13, 3
2024/5/15, 23, 18, 3
2024/5/16, 24, 20, 4
2024/5/17, 42, 17, 3
2024/5/18, 30, 16, 4
2024/5/19, 28, 18, 5
2024/5/20, 40, 20, 5
2024/5/21, 46, 17, 3
2024/5/22, 45, 10, 2
2024/5/23, 42, 13, 2
2024/5/24, 31, 16, 3
2024/5/25, 26, 12, 3
2024/5/26, 32, 9, 3
2024/5/27, 32, 4, 2
2024/5/28, 17, 12, 2
2024/5/29, 11, 17, 3
2024/5/30, 19, 22, 4
2024/5/31, 29, 24, 4
2024/6/1, 24, 13, 3
2024/6/2, 37, 8, 3
2024/6/3, 30, 16, 4
2024/6/4, 33, 13, 3
2024/6/5, 33, 9, 2
2024/6/6, 28, 11, 2
2024/6/7, 23, 16, 3
2024/6/8, 20, 13, 3
2024/6/9, 34, 9, 2
2024/6/10, 24, 16, 3
2024/6/11, 20, 19, 4
2024/6/12, 30, 24, 4
2024/6/13, 42, 20, 4
2024/6/14, 36, 23, 3
2024/6/15, 41, 13, 4
2024/6/16, 17, 15, 3
2024/6/17, 38, 16, 4
2024/6/18, 54, 13, 3
2024/6/19, 52, 15, 3
2024/6/20, 59, 21, 4
2024/6/21, 62, 22, 4
2024/6/22, 71, 15, 3
2024/6/26, 37, 16, 3
2024/6/27, 33, 19, 4
2024/6/28, 30, 18, 4
2024/6/29, 37, 11, 3
2024/6/30, 43, 11, 3
2024/7/1, 26, 15, 3
2024/1/2, 14, 9, 2
2024/1/3, 22, 17, 4
2024/1/4, 45, 17, 5
2024/1/5, 25, 23, 6
2024/1/6, 35, 15, 3
2024/1/7, 38, 7, 3
2024/1/8, 30, 17, 4
2024/1/9, 38, 12, 3
2024/1/10, 14, 7, 2
2024/1/11, 19, 12, 6
2024/1/12, 22, 18, 4
2024/1/13, 24, 1, 1
2024/1/14, 20, 4, 1
2024/1/15, 19, 11, 3
2024/1/16, 28, 7, 2
2024/1/17, 25, 9, 2
2024/1/18, 24, 20, 4
2024/1/19, 35, 11, 2
2024/1/20, 42, 6, 2
2024/1/21, 37, 21, 4
2024/1/22, 45, 27, 4
2024/1/23, 39, 32, 8
2024/1/24, 51, 29, 9
2024/1/25, 43, 26, 9
2024/1/26, 48, 6, 2
2024/1/27, 9, 11, 4
2024/1/28, 16, 8, 3
2024/1/29, 8, 9, 2
2024/1/30, 20, 12, 3
2024/1/31, 21, 12, 2
2024/2/1, 28, 18, 3
2024/2/2, 31, 18, 4
2024/2/3, 37, 13, 4
2024/2/4, 24, 14, 4
2024/2/5, 26, 19, 4
2024/2/6, 31, 18, 5
2024/2/7, 42, 28, 9
2024/2/8, 51, 21, 7
2024/2/9, 48, 12, 3
2024/2/10, 44, 10, 3
2024/2/11, 23, 9, 3
2024/2/12, 27, 18, 4
2024/2/13, 38, 10, 2
2024/2/14, 21, 23, 4
2024/2/15, 27, 19, 4
2024/2/16, 24, 21, 3
2024/2/17, 16, 7, 2
2024/2/18, 25, 9, 3
2024/2/19, 22, 29, 6
2024/2/20, 44, 28, 7
2024/2/21, 51, 29, 6
2024/2/22, 52, 21, 3
2024/2/23, 62, 12, 2
2024/2/24, 37, 15, 3
2024/2/25, 19, 15, 5
2024/2/26, 31, 28, 7
2024/2/27, 50, 17, 1
2024/2/28, 51, 5, 1
2024/2/29, 25, 17, 4
2024/3/1, 18, 22, 5
2024/3/2, 34, 16, 4
2024/3/3, 28, 12, 4
2024/3/4, 39, 18, 4
2024/3/5, 43, 22, 4
2024/3/6, 50, 18, 4
2024/3/7, 35, 14, 4
2024/3/8, 20, 14, 3
2024/3/9, 23, 6, 2
2024/3/10, 16, 3, 1
2024/3/11, 11, 21, 4
2024/3/12, 19, 26, 3
2024/3/13, 39, 27, 6
2024/3/14, 50, 18, 3
2024/3/15, 57, 19, 4
2024/3/16, 23, 12, 3
2024/3/17, 23, 3, 1
2024/3/18, 8, 7, 2
2024/3/19, 15, 8, 2
2024/3/20, 22, 7, 3
2024/3/21, 19, 20, 4
2024/3/22, 14, 23, 4
2024/3/23, 35, 10, 3
2024/3/24, 34, 14, 4
2024/3/25, 20, 18, 3
2024/3/26, 19, 6, 1
2024/3/27, 21, 9, 3
2024/3/28, 21, 14, 4
2024/3/29, 33, 17, 4
2024/3/30, 37, 15, 5
2024/3/31, 41, 11, 3
2024/4/1, 46, 19, 3
2023/10/2, 45, 23, 7
2023/10/3, 40, 24, 7
2023/10/4, 45, 18, 6
2023/10/5, 44, 18, 5
2023/10/6, 52, 9, 3
2023/10/7, 30, 6, 3
2023/10/8, 12, 9, 4
2023/10/9, 15, 15, 5
2023/10/10, 16, 16, 6
2023/10/11, 24, 20, 6
2023/10/12, 30, 21, 7
2023/10/13, 40, 22, 5
2023/10/14, 38, 5, 3
2023/10/15, 13, 6, 3
2023/10/16, 14, 11, 4
2023/10/17, 12, 13, 4
2023/10/18, 13, 15, 6
2023/10/19, 26, 17, 4
2023/10/20, 34, 7, 3
2023/10/21, 19, 10, 3
2023/10/22, 19, 8, 5
2023/10/23, 21, 18, 8
2023/10/24, 33, 22, 7
2023/10/25, 39, 23, 5
2023/10/26, 41, 25, 6
2023/10/27, 46, 13, 3
2023/10/28, 39, 7, 4
2023/10/29, 31, 5, 4
2023/10/30, 13, 10, 3
2023/10/31, 14, 11, 5
2023/11/1, 28, 13, 5
2023/11/2, 25, 19, 7
2023/11/3, 39, 23, 7
2023/11/4, 36, 22, 5
2023/11/5, 42, 18, 6
2023/11/6, 48, 17, 7
2023/11/7, 50, 21, 5
2023/11/8, 38, 15, 3
2023/11/9, 38, 12, 4
2023/11/10, 29, 18, 5
2023/11/11, 23, 13, 5
2023/11/12, 31, 14, 6
2023/11/13, 35, 21, 8
2023/11/14, 48, 25, 8
2023/11/15, 41, 24, 9
2023/11/16, 50, 36, 9
2023/11/17, 55, 19, 4
2023/11/18, 36, 14, 4
2023/11/19, 28, 20, 8
2023/11/20, 49, 23, 6
2023/11/21, 42, 12, 2
2023/11/22, 40, 13, 3
2023/11/23, 30, 14, 4
2023/11/24, 40, 12, 4
2023/11/25, 33, 16, 5
2023/11/26, 29, 13, 5
2023/11/27, 46, 5, 1
2023/11/28, 23, 11, 3
2023/11/29, 24, 21, 5
2023/11/30, 43, 27, 6
2023/12/1, 49, 20, 2
2023/12/2, 38, 17, 3
2023/12/3, 34, 9, 2
2023/12/4, 29, 20, 6
2023/12/5, 38, 19, 4
2023/12/6, 49, 14, 3
2023/12/7, 38, 22, 3
2023/12/8, 45, 24, 3
2023/12/9, 39, 9, 1
2023/12/10, 29, 4, 1
2023/12/11, 11, 9, 4
2023/12/12, 20, 18, 7
2023/12/13, 37, 23, 7
2023/12/14, 47, 33, 10
2023/12/15, 65, 32, 11
2023/12/16, 60, 27, 11
2023/12/17, 51, 12, 3
2023/12/18, 21, 4, 1
2023/12/19, 12, 15, 4
2023/12/20, 19, 24, 7
2023/12/21, 39, 31, 10
2023/12/22, 57, 25, 7
2023/12/23, 61, 22, 5
2023/12/24, 53, 16, 6
2023/12/25, 51, 8, 5
2023/12/26, 35, 12, 2
2023/12/27, 15, 16, 5
2023/12/28, 21, 13, 3
2023/12/29, 24, 8, 2
2023/12/30, 14, 5, 2
2023/12/31, 10, 8, 
2024/1/1, 17, 6, 2
2023/7/2, 32, 6, 3
2023/7/3, 23, 8, 3
2023/7/4, 23, 15, 4
2023/7/5, 69, 17, 6
2023/7/6, 105, 13, 4
2023/7/7, 43, 16, 4
2023/7/8, 35, 16, 4
2023/7/9, 34, 11, 4
2023/7/10, 29, 19, 5
2023/7/11, 32, 17, 4
2023/7/12, 41, 16, 4
2023/7/13, 43, 11, 3
2023/7/14, 37, 15, 4
2023/7/15, 27, 15, 4
2023/7/16, 34, 9, 4
2023/7/17, 86, 13, 4
2023/7/18, 83, 14, 4
2023/7/19, 57, 13, 3
2023/7/20, 44, 11, 3
2023/7/21, 45, 15, 4
2023/7/22, 29, 15, 6
2023/7/23, 34, 10, 6
2023/7/24, 44, 15, 4
2023/7/25, 49, 20, 5
2023/7/26, 76, 10, 4
2023/7/27, 70, 11, 4
2023/7/28, 59, 15, 4
2023/7/29, 44, 9, 3
2023/7/30, 26, 11, 4
2023/7/31, 25, 18, 4
2023/8/1, 28, 19, 5
2023/8/2, 45, 15, 5
2023/8/3, 54, 23, 5
2023/8/4, 59, 25, 6
2023/8/5, 63, 13, 5
2023/8/6, 61, 6, 3
2023/8/7, 26, 10, 3
2023/8/8, 12, 11, 4
2023/8/9, 25, 13, 4
2023/8/10, 44, 13, 4
2023/8/11, 17, 13, 4
2023/8/12, 38, 11, 3
2023/8/13, 30, 11, 4
2023/8/14, 15, 12, 3
2023/8/15, 19, 6, 2
2023/8/16, 12, 16, 5
2023/8/17, 65, 9, 4
2023/8/18, 52, 14, 7
2023/8/19, 40, 11, 7
2023/8/26, 47, 12, 4
2023/8/27, 42, 9, 4
2023/8/28, 34, 18, 5
2023/8/29, 39, 22, 5
2023/8/30, 35, 18, 4
2023/8/31, 24, 16, 5
2023/9/1, 15, 18, 6
2023/9/2, 32, 12, 5
2023/9/3, 42, 12, 4
2023/9/4, 40, 13, 4
2023/9/5, 41, 14, 4
2023/9/6, 40, 11, 3
2023/9/7, 31, 10, 4
2023/9/8, 45, 14, 5
2023/9/9, 20, 10, 4
2023/9/10, 22, 12, 4
2023/9/11, 29, 20, 5
2023/9/12, 40, 21, 5
2023/9/13, 41, 17, 5
2023/9/14, 21, 22, 6
2023/9/15, 36, 22, 6
2023/9/16, 30, 18, 6
2023/9/17, 33, 13, 4
2023/9/18, 32, 17, 4
2023/9/19, 31, 22, 6
2023/9/20, 31, 22, 6
2023/9/21, 36, 24, 6
2023/9/22, 36, 24, 6
2023/9/23, 43, 19, 5
2023/9/24, 33, 13, 4
2023/9/25, 32, 17, 5
2023/9/26, 31, 14, 4
2023/9/27, 35, 14, 4
2023/9/28, 35, 15, 4
2023/9/29, 39, 17, 6
2023/9/30, 48, 15, 7
2023/10/1, 42, 15, 6
2023/4/2, 29, 7, 2
2023/4/3, 10, 22, 4
2023/4/4, 30, 16, 3
2023/4/5, 43, 10, 1
2023/4/6, 37, 17, 3
2023/4/7, 16, 21, 4
2023/4/8, 21, 15, 4
2023/4/9, 20, 18, 5
2023/4/10, 28, 25, 5
2023/4/11, 36, 22, 6
2023/4/12, 46, 23, 3
2023/4/13, 45, 26, 5
2023/4/14, 50, 23, 4
2023/4/15, 45, 16, 3
2023/4/16, 30, 7, 2
2023/4/17, 17, 7, 2
2023/4/18, 11, 16, 3
2023/4/19, 20, 23, 4
2023/4/20, 34, 20, 4
2023/4/21, 48, 21, 3
2023/4/22, 37, 5, 1
2023/4/23, 13, 6, 2
2023/4/24, 13, 19, 4
2023/4/25, 26, 24, 5
2023/4/26, 41, 23, 4
2023/4/27, 54, 25, 4
2023/4/28, 40, 13, 2
2023/4/29, 29, 8, 1
2023/4/30, 31, 6, 1
2023/5/1, 17, 4, 2
2023/5/2, 10, 6, 2
2023/5/3, 11, 9, 3
2023/5/4, 12, 20, 5
2023/5/5, 19, 19, 5
2023/5/6, 32, 16, 4
2023/5/7, 37, 14, 3
2023/5/8, 39, 16, 3
2023/5/9, 27, 21, 4
2023/5/10, 28, 25, 4
2023/5/11, 27, 24, 4
2023/5/12, 44, 16, 4
2023/5/13, 47, 11, 3
2023/5/14, 31, 12, 3
2023/5/15, 36, 19, 4
2023/5/16, 35, 21, 4
2023/5/17, 43, 21, 3
2023/5/18, 28, 24, 4
2023/5/19, 31, 14, 5
2023/5/20, 41, 10, 3
2023/5/21, 56, 14, 4
2023/5/22, 35, 23, 5
2023/5/23, 43, 23, 5
2023/5/24, 51, 25, 5
2023/5/25, 58, 15, 3
2023/5/26, 17, 18, 4
2023/5/27, 16, 18, 5
2023/5/28, 25, 12, 4
2023/5/29, 36, 13, 4
2023/5/30, 35, 15, 4
2023/5/31, 27, 18, 4
2023/6/1, 24, 25, 5
2023/6/2, 43, 30, 6
2023/6/3, 52, 24, 6
2023/6/4, 57, 14, 4
2023/6/5, 60, 26, 5
2023/6/6, 56, 25, 6
2023/6/7, 103, 25, 5
2023/6/8, 102, 25, 5
2023/6/9, 82, 22, 5
2023/6/10, 57, 17, 5
2023/6/11, 61, 15, 4
2023/6/12, 57, 9, 3
2023/6/13, 25, 10, 2
2023/6/14, 29, 16, 4
2023/6/15, 42, 15, 5
2023/6/16, 61, 14, 4
2023/6/17, 66, 17, 6
2023/6/18, 81, 16, 6
2023/6/19, 80, 22, 7
2023/6/20, 64, 17, 4
2023/6/21, 52, 16, 4
2023/6/22, 54, 17, 4
2023/6/23, 19, 12, 4
2023/6/24, 25, 14, 4
2023/6/25, 48, 13, 4
2023/6/26, 53, 8, 2
2023/6/27, 24, 11, 8
2023/6/28, 126, 23, 12
2023/6/29, 174, 17, 6
2023/6/30, 119, 12, 3
2023/7/1, 52, 8, 2
2023/1/3, 54, 16, 1
2023/1/4, 27, 9, 1
2023/1/5, 22, 11, 1
2023/1/6, 22, 9, 3
2023/1/7, 35, 19, 6
2023/1/8, 56, 15, 3
2023/1/9, 46, 13, 2
2023/1/10, 52, 23, 6
2023/1/11, 52, 25, 8
2023/1/12, 63, 17, 4
2023/1/13, 51, 12, 2
2023/1/14, 20, 12, 3
2023/1/15, 21, 17, 5
2023/1/16, 37, 18, 2
2023/1/17, 28, 12, 1
2023/1/18, 29, 14, 3
2023/1/19, 46, 9, 1
2023/1/20, 25, 3, 1
2023/1/21, 14, 12, 4
2023/1/22, 26, 17, 3
2023/1/23, 40, 8, 1
2023/1/24, 38, 22, 4
2023/1/25, 50, 14, 2
2023/1/26, 18, 6, 1
2023/1/27, 20, 11, 1
2023/1/28, 16, 18, 2
2023/1/29, 20, 9, 2
2023/1/30, 20, 17, 3
2023/1/31, 46, 18, 2
2023/2/1, 35, 23, 3
2023/2/2, 52, 19, 3
2023/2/3, 51, 13, 2
2023/2/4, 28, 10, 2
2023/2/5, 22, 8, 1
2023/2/6, 20, 19, 2
2023/2/7, 43, 16, 2
2023/2/8, 41, 21, 3
2023/2/9, 41, 9, 2
2023/2/10, 30, 8, 2
2023/2/11, 26, 19, 4
2023/2/12, 40, 20, 4
2023/2/13, 25, 24, 6
2023/2/14, 37, 23, 6
2023/2/15, 35, 11, 2
2023/2/16, 40, 19, 3
2023/2/17, 28, 7, 2
2023/2/18, 13, 14, 2
2023/2/19, 17, 12, 2
2023/2/20, 15, 14, 3
2023/2/21, 26, 17, 3
2023/2/22, 26, 14, 3
2023/2/23, 28, 6, 2
2023/2/24, 23, 16, 3
2023/2/25, 28, 12, 3
2023/2/26, 24, 18, 5
2023/2/27, 52, 9, 3
2023/2/28, 40, 14, 3
2023/3/1, 17, 18, 3
2023/3/2, 40, 22, 4
2023/3/3, 34, 13, 2
2023/3/4, 27, 3, 1
2023/3/5, 31, 17, 14
2023/3/6, 23, 18, 6
2023/3/7, 43, 16, 3
2023/3/8, 28, 20, 3
2023/3/9, 12, 19, 3
2023/3/10, 15, 8, 2
2023/3/11, 23, 11, 3
2023/3/12, 15, 10, 2
2023/3/13, 31, 8, 2
2023/3/14, 25, 14, 3
2023/3/15, 15, 27, 5
2023/3/16, 35, 23, 5
2023/3/17, 43, 7, 2
2023/3/18, 36, 5, 1
2023/3/19, 17, 7, 2
2023/3/20, 16, 20, 3
2023/3/21, 33, 19, 6
2023/3/22, 41, 15, 2
2023/3/23, 56, 10, 2
2023/3/24, 47, 17, 3
2023/3/25, 24, 8, 2
2023/3/26, 11, 15, 4
2023/3/27, 21, 12, 3
2023/3/28, 29, 24, 4
2023/3/29, 32, 18, 3
2023/3/30, 39, 19, 3
2023/3/31, 32, 19, 3
2023/4/1, 53, 7, 1
2022/10/2, 17, 8, 4
2022/10/3, 28, 19, 4
2022/10/4, 28, 25, 6
2022/10/5, 31, 25, 7
2022/10/6, 42, 26, 6
2022/10/7, 48, 17, 4
2022/10/8, 50, 12, 4
2022/10/12, 35, 17, 4
2022/10/13, 47, 10, 2
2022/10/14, 26, 15, 5
2022/10/15, 24, 9, 5
2022/10/16, 13, 10, 4
2022/10/17, 26, 5, 3
2022/10/18, 13, 4, 3
2022/10/19, 7, 6, 2
2022/10/20, 13, 18, 4
2022/10/21, 23, 25, 5
2022/10/22, 42, 22, 7
2022/10/23, 49, 20, 8
2022/10/24, 52, 27, 7
2022/10/25, 54, 22, 5
2022/10/26, 45, 8, 2
2022/10/27, 19, 18, 3
2022/10/28, 29, 22, 5
2022/10/29, 30, 20, 6
2022/10/30, 35, 17, 6
2022/10/31, 47, 11, 2
2022/11/1, 35, 13, 5
2022/11/2, 37, 19, 9
2022/11/3, 57, 21, 8
2022/11/4, 50, 23, 6
2022/11/5, 44, , 2
2022/11/6, 21, , 2
2022/11/7, 17, , 6
2022/11/8, 29, , 3
2022/11/9, 19, , 8
2022/11/10, 43, , 9
2022/11/11, 60, , 6
2022/11/12, 54, , 1
2022/11/13, 24, , 1
2022/11/14, 21, , 4
2022/11/15, 26, , 2
2022/11/16, 30, , 1
2022/11/17, 41, , 1
2022/11/18, 39, , 2
2022/11/19, 28, , 2
2022/11/20, 21, , 4
2022/11/21, 16, , 7
2022/11/22, 37, , 8
2022/11/23, 49, 31, 11
2022/11/24, 62, 24, 8
2022/11/25, 54, 12, 5
2022/11/26, 39, 18, 7
2022/11/27, 54, 7, 3
2022/11/28, 19, 12, 2
2022/11/29, 45, 11, 2
2022/11/30, 33, 5, 1
2022/12/1, 18, 15, 4
2022/12/2, 23, 15, 2
2022/12/3, 28, 6, 2
2022/12/4, 20, 15, 3
2022/12/5, 26, 20, 5
2022/12/6, 38, 17, 5
2022/12/7, 50, 14, 4
2022/12/8, 36, 17, 3
2022/12/9, 59, 14, 4
2022/12/10, 69, 13, 3
2022/12/11, 67, 9, 2
2022/12/12, 40, 16, 3
2022/12/13, 39, 19, 3
2022/12/14, 33, 19, 3
2022/12/15, 40, 9, 1
2022/12/16, 18, 5, 1
2022/12/17, 19, 3, 1
2022/12/18, 15, 4, 1
2022/12/19, 19, 18, 4
2022/12/20, 35, 20, 5
2022/12/21, 46, 22, 7
2022/12/22, 59, 18, 4
2022/12/23, 43, 2, 1
2022/12/24, 24, 2, 
2022/12/25, 15, 4, 1
2022/12/26, 11, 16, 1
2022/12/27, 25, 19, 2
2022/12/28, 54, 24, 2
2022/12/29, 51, 33, 3
2022/12/30, 47, 28, 3
2022/12/31, 40, 15, 4
2023/1/1, 34, 14, 4
2023/1/2, 46, 17, 4
2022/7/2, 47, 14, 2
2022/7/3, 48, 14, 2
2022/7/4, 55, 12, 2
2022/7/5, 77, 14, 1
2022/7/6, 50, 18, 2
2022/7/7, 57, 20, 2
2022/7/8, 39, 16, 3
2022/7/9, 35, 11, 3
2022/7/10, 38, 13, 3
2022/7/11, 37, 13, 3
2022/7/12, 32, 13, 2
2022/7/13, 34, 16, 3
2022/7/14, 36, 16, 4
2022/7/15, 33, 20, 6
2022/7/16, 46, 11, 5
2022/7/17, 50, 14, 5
2022/7/18, 52, 19, 5
2022/7/19, 42, 14, 4
2022/7/20, 51, 12, 3
2022/7/21, 66, 16, 3
2022/7/22, 78, 16, 4
2022/7/23, 82, 13, 4
2022/7/24, 55, 7, 2
2022/7/25, 58, 13, 3
2022/7/26, 41, 19, 4
2022/7/27, 50, 14, 3
2022/7/28, 52, 14, 3
2022/7/29, 56, 12, 4
2022/7/30, 30, 16, 6
2022/7/31, 30, 10, 4
2022/8/1, 47, 10, 2
2022/8/2, 51, 13, 3
2022/8/3, 33, 16, 4
2022/8/4, 47, 15, 3
2022/8/5, 46, 9, 2
2022/8/6, 26, 8, 2
2022/8/7, 33, 7, 2
2022/8/8, 42, 9, 2
2022/8/9, 45, 15, 3
2022/8/10, 38, 13, 3
2022/8/11, 33, 18, 4
2022/8/12, 45, 19, 5
2022/8/13, 34, 13, 6
2022/8/14, 52, 13, 5
2022/8/15, 48, 19, 4
2022/8/16, 37, 22, 5
2022/8/17, 37, 25, 5
2022/8/18, 47, 26, 5
2022/8/19, 56, 21, 6
2022/8/20, 59, 15, 4
2022/8/21, 52, 10, 3
2022/8/22, 44, 15, 4
2022/8/23, 34, 16, 4
2022/8/24, 36, 21, 5
2022/8/25, 44, 16, 5
2022/8/26, 47, 20, 4
2022/8/27, 46, 13, 5
2022/8/28, 37, 8, 3
2022/8/29, 40, 11, 2
2022/8/30, 30, 14, 3
2022/8/31, 27, 16, 4
2022/9/1, 38, 22, 5
2022/9/2, 39, 15, 5
2022/9/3, 44, 14, 5
2022/9/4, 43, 9, 5
2022/9/5, 39, 10, 4
2022/9/6, 15, 16, 4
2022/9/7, 27, 21, 5
2022/9/8, 33, 21, 5
2022/9/9, 35, 16, 6
2022/9/10, 38, 9, 3
2022/9/11, 30, 4, 2
2022/9/12, 24, 7, 2
2022/9/13, 16, 9, 4
2022/9/14, 22, 18, 5
2022/9/15, 35, 24, 6
2022/9/16, 53, 19, 7
2022/9/17, 58, 13, 5
2022/9/18, 48, 12, 4
2022/9/19, 55, 13, 3
2022/9/20, 47, 20, 5
2022/9/21, 51, 14, 4
2022/9/22, 41, 13, 3
2022/9/23, 22, 18, 5
2022/9/24, 20, 10, 4
2022/9/25, 31, 8, 2
2022/9/26, 26, 10, 3
2022/9/27, 16, 13, 4
2022/9/28, 21, 15, 5
2022/9/29, 19, 15, 4
2022/9/30, 22, 17, 4
2022/10/1, 23, 10, 4
2022/4/2, 22, 14, 3
2022/4/3, 34, 10, 2
2022/4/4, 27, 22, 2
2022/4/5, 32, 27, 5
2022/4/6, 51, 21, 2
2022/4/7, 39, 14, 2
2022/4/8, 30, 12, 1
2022/4/9, 13, 6, 1
2022/4/10, 12, 16, 2
2022/4/11, 29, 19, 1
2022/4/12, 32, 17, 2
2022/4/13, 31, 13, 1
2022/4/14, 36, 8, 
2022/4/15, 21, 13, 1
2022/4/16, 21, 9, 1
2022/4/17, 23, 8, 2
2022/4/18, 19, 9, 1
2022/4/19, 22, 9, 1
2022/4/20, 18, 25, 4
2022/4/21, 31, 15, 2
2022/4/22, 50, 20, 5
2022/4/23, 49, 14, 4
2022/4/24, 45, 13, 1
2022/4/25, 49, 12, 1
2022/4/26, 36, 8, 
2022/4/27, 21, 21, 2
2022/4/28, 33, 20, 3
2022/4/29, 26, 22, 3
2022/4/30, 31, 12, 2
2022/5/1, 49, 6, 
2022/5/2, 31, 17, 2
2022/5/3, 32, 15, 2
2022/5/4, 35, 15, 2
2022/5/5, 29, 18, 3
2022/5/6, 36, 18, 3
2022/5/7, 35, 11, 2
2022/5/8, 17, 12, 2
2022/5/9, 25, 16, 2
2022/5/10, 27, 17, 3
2022/5/11, 52, 25, 4
2022/5/12, 59, 24, 3
2022/5/13, 38, 17, 3
2022/5/14, 30, 13, 2
2022/5/15, 41, 16, 2
2022/5/16, 43, 11, 1
2022/5/17, 27, 24, 2
2022/5/18, 32, 22, 3
2022/5/19, 43, 16, 1
2022/5/20, 51, 10, 1
2022/5/21, 39, 13, 1
2022/5/22, 52, 11, 1
2022/5/23, 33, 19, 2
2022/5/24, 33, 18, 2
2022/5/25, 34, 12, 1
2022/5/26, 37, 9, 1
2022/5/27, 28, 9, 1
2022/5/28, 22, 7, 1
2022/5/29, 31, 7, 2
2022/5/30, 38, 10, 2
2022/5/31, 45, 15, 2
2022/6/1, 57, 11, 2
2022/6/2, 41, 16, 2
2022/6/3, 36, 22, 2
2022/6/4, 30, 22, 4
2022/6/5, 42, 14, 2
2022/6/6, 45, 16, 2
2022/6/7, 43, 14, 1
2022/6/8, 42, 19, 2
2022/6/9, 37, 15, 1
2022/6/10, 28, 21, 3
2022/6/11, 40, 12, 2
2022/6/12, 41, 10, 2
2022/6/13, 50, 16, 3
2022/6/14, 62, 12, 2
2022/6/15, 73, 14, 1
2022/6/16, 94, 7, 1
2022/6/17, 76, 11, 1
2022/6/18, 51, 11, 1
2022/6/19, 25, 14, 2
2022/6/20, 29, 19, 3
2022/6/21, 53, 17, 3
2022/6/22, 49, 23, 3
2022/6/23, 57, 25, 2
2022/6/24, 33, 26, 4
2022/6/25, 51, 20, 4
2022/6/26, 46, 12, 1
2022/6/27, 44, 17, 1
2022/6/28, 39, 23, 2
2022/6/29, 35, 26, 3
2022/6/30, 47, 22, 3
2022/7/1, 51, 12, 1
2022/1/4, 27, , 4
2022/1/5, 39, 4, 1
2022/1/6, 28, 11, 1
2022/1/7, 30, 14, 2
2022/1/8, 36, 16, 2
2022/1/9, 41, 12, 1
2022/1/10, 28, 13, 2
2022/1/11, 27, 20, 3
2022/1/12, 39, 21, 4
2022/1/13, 32, 28, 7
2022/1/14, 55, 21, 4
2022/1/15, 66, 12, 3
2022/1/16, 29, 14, 3
2022/1/17, 45, 8, 2
2022/1/18, 55, 16, 2
2022/1/19, 36, 15, 2
2022/1/20, 21, 16, 2
2022/1/21, 10, 20, 3
2022/1/22, 44, 20, 4
2022/1/23, 52, 13, 2
2022/1/25, 75, 15, 2
2022/1/27, 54, 28, 6
2022/1/28, 45, 24, 3
2022/1/29, 52, 21, 3
2022/1/30, 33, 21, 3
2022/1/31, 46, 31, 6
2022/2/1, 75, 35, 6
2022/2/2, 60, 33, 4
2022/2/3, 61, 10, 1
2022/2/4, 14, 12, 2
2022/2/5, 32, 16, 2
2022/2/6, 46, 28, 4
2022/2/7, 52, 26, 5
2022/2/8, 60, 28, 4
2022/2/9, 49, 18, 2
2022/2/10, 15, 21, 2
2022/2/11, 22, 22, 4
2022/2/12, 33, 7, 1
2022/2/13, 33, 7, 1
2022/2/14, 27, 22, 3
2022/2/15, 46, 33, 7
2022/2/16, 58, 24, 3
2022/2/17, 48, 21, 2
2022/2/18, 35, 10, 1
2022/2/19, 23, 9, 2
2022/2/20, 25, 17, 3
2022/2/21, 24, 24, 4
2022/2/22, 40, 14, 1
2022/2/23, 27, 13, 2
2022/2/24, 42, 16, 2
2022/2/25, 47, 10, 1
2022/2/26, 29, 15, 2
2022/2/27, 43, 20, 4
2022/2/28, 41, 27, 5
2022/3/1, 49, 25, 3
2022/3/2, 36, 22, 3
2022/3/3, 39, 20, 2
2022/3/4, 37, 22, 3
2022/3/5, 28, 18, 2
2022/3/6, 39, 11, 2
2022/3/7, 48, 9, 
2022/3/8, 22, 18, 2
2022/3/9, 32, 25, 3
2022/3/10, 39, 31, 5
2022/3/11, 47, 19, 3
2022/3/12, 43, 5, 
2022/3/13, 15, 15, 1
2022/3/14, 26, 26, 3
2022/3/15, 35, 29, 5
2022/3/16, 47, 31, 6
2022/3/17, 63, 28, 5
2022/3/18, 60, 23, 4
2022/3/19, 49, 6, 
2022/3/20, 14, 10, 2
2022/3/21, 30, 23, 4
2022/3/22, 41, 30, 4
2022/3/23, 48, 12, 1
2022/3/24, 29, 6, 
2022/3/25, 13, 9, 1
2022/3/26, 19, 4, 
2022/3/27, 13, 5, 1
2022/3/28, 25, 21, 2
2022/3/29, 26, 23, 2
2022/3/30, 22, 14, 1
2022/3/31, 35, 5, 
2022/4/1, 25, 9, 1
2021/10/2, 40, 15, 4
2021/10/3, 61, 8, 1
2021/10/4, 33, 9, 2
2021/10/5, 36, 14, 5
2021/10/6, 47, 17, 3
2021/10/7, 43, 15, 2
2021/10/8, 22, 13, 2
2021/10/9, 56, 8, 3
2021/10/10, 53, 9, 2
2021/10/11, 57, 10, 1
2021/10/12, 46, 8, 1
2021/10/13, 34, 11, 2
2021/10/14, 49, 11, 2
2021/10/15, 54, 12, 2
2021/10/16, 51, 3, 1
2021/10/17, 18, 10, 3
2021/10/18, 28, 20, 4
2021/10/19, 41, 19, 5
2021/10/20, 48, 19, 5
2021/10/21, 59, 13, 2
2021/10/22, 42, 11, 3
2021/10/23, 34, 11, 3
2021/10/24, 32, 13, 3
2021/10/25, 47, 10, 1
2021/10/26, 21, 15, 3
2021/10/27, 20, 14, 4
2021/10/28, 34, 14, 3
2021/10/29, 32, 15, 3
2021/10/30, 25, 10, 2
2021/10/31, 20, 6, 1
2021/11/1, 31, 12, 2
2021/11/2, 25, 15, 3
2021/11/3, 35, 22, 6
2021/11/4, 53, 23, 7
2021/11/5, 60, 23, 7
2021/11/6, 69, 22, 8
2021/11/7, 62, 22, 8
2021/11/8, 67, 24, 8
2021/11/9, 60, 26, 6
2021/11/10, 60, 28, 7
2021/11/11, 73, 17, 3
2021/11/12, 50, 11, 1
2021/11/13, 22, 5, 1
2021/11/14, 16, 6, 1
2021/11/15, 25, 12, 2
2021/11/16, 16, 20, 7
2021/11/17, 44, 15, 2
2021/11/18, 50, 7, 1
2021/11/19, 24, 15, 3
2021/11/20, 24, 19, 6
2021/11/21, 41, 16, 5
2021/11/22, 61, 14, 3
2021/11/23, 31, 19, 4
2021/11/24, 40, 18, 4
2021/11/25, 31, 8, 1
2021/11/26, 26, 5, 1
2021/11/27, 11, 15, 3
2021/11/28, 26, 7, 2
2021/11/29, 45, 18, 3
2021/11/30, 30, 19, 3
2021/12/1, 35, 24, 7
2021/12/2, 82, 12, 2
2021/12/4, 26, 19, 5
2021/12/5, 44, 18, 4
2021/12/6, 61, 7, 1
2021/12/7, 31, 18, 3
2021/12/8, 25, 19, 4
2021/12/9, 37, 23, 7
2021/12/10, 36, 19, 6
2021/12/11, 52, 5, 1
2021/12/12, 14, 18, 3
2021/12/13, 24, 21, 8
2021/12/14, 45, 26, 11
2021/12/15, 54, 25, 3
2021/12/16, 31, 10, 1
2021/12/17, 48, 19, 4
2021/12/18, 34, 11, 3
2021/12/19, 30, 12, 3
2021/12/20, 22, 19, 7
2021/12/21, 44, 21, 7
2021/12/22, 52, 16, 3
2021/12/23, 31, 18, 5
2021/12/24, 37, 17, 2
2021/12/25, 24, 4, 1
2021/12/26, 29, 10, 3
2021/12/27, 32, 11, 1
2021/12/28, 35, , 3
2021/12/29, 31, , 3
2021/12/30, 28, , 3
2021/12/31, 39, , 5
2022/1/1, 39, , 2
2022/1/2, 25, , 2
2022/1/3, 26, , 3
2021/7/2, 36, 13, 2
2021/7/3, 33, 8, 2
2021/7/4, 34, 6, 2
2021/7/5, 53, 10, 2
2021/7/6, 78, 14, 3
2021/7/7, 83, 12, 2
2021/7/8, 59, 9, 1
2021/7/9, 44, 7, 1
2021/7/10, 22, 11, 3
2021/7/11, 29, 9, 1
2021/7/12, 16, 9, 1
2021/7/13, 27, 9, 1
2021/7/14, 32, 11, 2
2021/7/15, 42, 12, 2
2021/7/16, 60, 11, 2
2021/7/17, 44, 7, 1
2021/7/18, 15, 8, 2
2021/7/19, 37, 16, 4
2021/7/20, 64, 14, 4
2021/7/21, 82, 17, 4
2021/7/22, 81, 18, 3
2021/7/23, 50, 18, 3
2021/7/24, 53, 11, 3
2021/7/25, 66, 6, 2
2021/7/26, 65, 20, 4
2021/7/27, 57, 20, 4
2021/7/28, 69, 15, 3
2021/7/29, 70, 16, 2
2021/7/30, 79, 14, 3
2021/7/31, 73, 10, 3
2021/8/1, 76, 6, 2
2021/8/2, 80, 15, 3
2021/8/3, 48, 18, 3
2021/8/4, 32, 21, 3
2021/8/5, 45, 18, 3
2021/8/6, 58, 16, 4
2021/8/7, 62, 17, 3
2021/8/8, 67, 20, 4
2021/8/9, 73, 8, 2
2021/8/10, 48, 8, 1
2021/8/11, 40, 9, 1
2021/8/12, 56, 9, 6
2021/8/13, 38, 11, 4
2021/8/14, 43, 11, 2
2021/8/15, 30, 6, 
2021/8/16, 32, 12, 
2021/8/17, 31, 13, 
2021/8/18, 38, 9, 
2021/8/19, 35, 15, 3
2021/8/20, 43, 20, 5
2021/8/21, 57, 14, 4
2021/8/22, 54, 13, 5
2021/8/23, 64, 16, 9
2021/8/24, 59, 18, 9
2021/8/25, 55, 18, 6
2021/8/26, 54, 15, 4
2021/8/27, 39, 13, 2
2021/8/28, 43, 12, 2
2021/8/29, 49, 10, 3
2021/8/30, 54, 12, 1
2021/8/31, 29, 13, 2
2021/9/1, 32, 14, 2
2021/9/2, 34, 19, 3
2021/9/3, 45, 15, 3
2021/9/4, 29, 11, 3
2021/9/5, 42, 6, 2
2021/9/6, 39, 12, 2
2021/9/7, 44, 13, 2
2021/9/8, 37, 19, 2
2021/9/9, 33, 24, 3
2021/9/10, 30, 21, 4
2021/9/11, 34, 10, 3
2021/9/12, 35, 4, 2
2021/9/13, 39, 13, 3
2021/9/14, 61, 12, 2
2021/9/15, 52, 18, 2
2021/9/16, 32, 19, 4
2021/9/17, 42, 17, 3
2021/9/18, 42, 14, 4
2021/9/19, 39, 13, 4
2021/9/20, 50, 10, 1
2021/9/21, 28, 12, 2
2021/9/22, 36, 6, 1
2021/9/23, 9, 7, 1
2021/9/24, 11, 13, 3
2021/9/25, 35, 12, 2
2021/9/26, 32, 13, 3
2021/9/27, 42, 14, 2
2021/9/28, 49, 13, 2
2021/9/29, 63, 22, 3
2021/9/30, 58, 21, 4
2021/10/1, 44, 18, 4
2021/4/2, 21, 12, 2
2021/4/3, 35, 17, 4
2021/4/4, 45, 16, 3
2021/4/5, 52, 19, 5
2021/4/6, 58, 18, 5
2021/4/7, 62, 16, 5
2021/4/8, 56, 12, 3
2021/4/9, 42, 10, 2
2021/4/10, 26, 11, 3
2021/4/11, 42, 5, 1
2021/4/12, 11, 7, 2
2021/4/13, 24, 19, 3
2021/4/14, 39, 13, 2
2021/4/15, 31, 6, 1
2021/4/16, 29, 13, 3
2021/4/17, 35, 14, 4
2021/4/18, 51, 13, 2
2021/4/19, 41, 14, 2
2021/4/20, 27, 11, 2
2021/4/21, 46, 7, 1
2021/4/22, 24, 13, 2
2021/4/23, 31, 17, 4
2021/4/24, 48, 17, 4
2021/4/25, 59, 10, 2
2021/4/26, 47, 14, 3
2021/4/27, 22, 18, 3
2021/4/28, 69, 11, 1
2021/4/29, 80, 8, 1
2021/4/30, 62, 5, 1
2021/5/1, 40, 11, 2
2021/5/2, 25, 6, 1
2021/5/3, 20, 8, 2
2021/5/4, 26, 12, 2
2021/5/5, 34, 10, 2
2021/5/6, 26, 10, 2
2021/5/7, 24, 5, 1
2021/5/8, 27, 7, 2
2021/5/9, 11, 4, 1
2021/5/10, 16, 15, 2
2021/5/11, 29, 14, 3
2021/5/12, 28, 15, 3
2021/5/13, 25, 18, 3
2021/5/14, 33, 19, 4
2021/5/15, 43, 15, 4
2021/5/16, 53, 14, 3
2021/5/17, 38, 15, 3
2021/5/18, 41, 12, 2
2021/5/19, 45, 15, 4
2021/5/20, 54, 16, 4
2021/5/21, 57, 14, 4
2021/5/22, 50, 14, 4
2021/5/23, 59, 14, 3
2021/5/24, 58, 18, 2
2021/5/25, 68, 16, 3
2021/5/26, 73, 12, 2
2021/5/27, 60, 12, 2
2021/5/28, 46, 10, 2
2021/5/29, 26, 7, 2
2021/5/30, 26, 9, 2
2021/5/31, 29, 9, 3
2021/6/1, 46, 13, 4
2021/6/2, 44, 12, 2
2021/6/3, 47, 12, 2
2021/6/4, 32, 13, 2
2021/6/5, 34, 14, 3
2021/6/6, 56, 8, 3
2021/6/7, 52, 9, 2
2021/6/8, 31, 10, 2
2021/6/9, 32, 9, 2
2021/6/10, 28, 12, 2
2021/6/11, 38, 12, 2
2021/6/12, 40, 12, 4
2021/6/13, 50, 10, 2
2021/6/14, 48, 13, 2
2021/6/15, 34, 12, 2
2021/6/16, 39, 15, 2
2021/6/17, 34, 14, 3
2021/6/18, 38, 13, 3
2021/6/19, 57, 8, 1
2021/6/20, 36, 8, 1
2021/6/21, 59, 5, 1
2021/6/22, 46, 10, 1
2021/6/23, 20, 11, 2
2021/6/24, 31, 13, 3
2021/6/25, 45, 7, 2
2021/6/26, 48, 6, 1
2021/6/27, 44, 6, 1
2021/6/28, 39, 14, 2
2021/6/29, 45, 14, 3
2021/6/30, 46, 11, 2
2021/7/1, 43, 18, 2
2021/1/5, 45, 13, 5
2021/1/6, 47, 17, 2
2021/1/7, 30, 15, 2
2021/1/8, 29, 13, 2
2021/1/9, 32, 12, 3
2021/1/10, 54, 16, 4
2021/1/11, 69, 12, 2
2021/1/12, 63, 15, 2
2021/1/13, 62, 21, 2
2021/1/14, 53, 19, 3
2021/1/15, 43, 14, 2
2021/1/16, 28, 8, 2
2021/1/17, 35, 4, 2
2021/1/18, 31, 7, 2
2021/1/19, 36, 12, 2
2021/1/20, 25, 8, 2
2021/1/21, 36, 9, 2
2021/1/22, 19, 6, 2
2021/1/23, 14, 12, 3
2021/1/24, 30, 11, 3
2021/1/25, 51, 15, 3
2021/1/26, 39, 8, 3
2021/1/27, 22, 15, 3
2021/1/28, 42, 13, 2
2021/1/29, 25, 26, 5
2021/1/30, 49, 17, 4
2021/1/31, 37, 14, 3
2021/2/1, 33, 11, 3
2021/2/2, 40, 10, 2
2021/2/3, 28, 15, 3
2021/2/4, 37, 20, 5
2021/2/5, 37, 3, 1
2021/2/6, 30, 11, 2
2021/2/7, 29, 6, 1
2021/2/8, 26, 20, 3
2021/2/9, 55, 25, 3
2021/2/10, 90, 24, 3
2021/2/11, 64, 18, 2
2021/2/12, 48, 20, 3
2021/2/13, 62, 14, 2
2021/2/14, 67, 10, 2
2021/2/15, 60, 12, 2
2021/2/16, 49, 10, 2
2021/2/17, 29, 23, 4
2021/2/18, 41, 20, 3
2021/2/19, 78, 9, 2
2021/2/20, 53, 21, 3
2021/2/21, 57, 22, 4
2021/2/22, 48, 10, 2
2021/2/23, 52, 14, 4
2021/2/24, 24, 17, 5
2021/2/25, 43, 20, 3
2021/2/26, 35, 20, 3
2021/2/27, 39, 10, 3
2021/2/28, 38, 13, 3
2021/3/1, 36, 6, 2
2021/3/2, 32, 14, 3
2021/3/3, 24, 20, 5
2021/3/4, 41, 19, 3
2021/3/5, 41, 21, 3
2021/3/6, 50, 16, 3
2021/3/7, 36, 14, 4
2021/3/8, 35, 19, 5
2021/3/9, 60, 26, 6
2021/3/10, 71, 22, 5
2021/3/11, 52, 10, 3
2021/3/12, 55, 17, 3
2021/3/13, 20, 15, 4
2021/3/14, 42, 21, 6
2021/3/15, 55, 12, 2
2021/3/16, 29, 17, 4
2021/3/17, 53, 16, 4
2021/3/18, 49, 16, 4
2021/3/19, 27, 9, 2
2021/3/20, 15, 17, 3
2021/3/21, 37, 18, 5
2021/3/22, 44, 19, 5
2021/3/23, 48, 20, 4
2021/3/24, 39, 13, 2
2021/3/25, 34, 18, 4
2021/3/26, 53, 5, 2
2021/3/27, 24, 7, 4
2021/3/28, 44, 4, 1
2021/3/29, 24, 14, 2
2021/3/30, 32, 17, 3
2021/3/31, 41, 5, 1
2021/4/1, 24, 5, 1
2020/10/2, 24, 14, 4
2020/10/3, 31, 14, 4
2020/10/4, 41, 11, 4
2020/10/5, 46, 18, 5
2020/10/6, 37, 17, 4
2020/10/7, 39, 19, 3
2020/10/8, 50, 26, 6
2020/10/9, 42, 23, 6
2020/10/10, 56, 14, 4
2020/10/11, 53, 10, 4
2020/10/12, 37, 10, 3
2020/10/13, 30, 14, 4
2020/10/14, 28, 14, 4
2020/10/15, 36, 17, 3
2020/10/16, 35, 16, 4
2020/10/17, 32, 14, 5
2020/10/18, 38, 9, 2
2020/10/19, 32, 18, 5
2020/10/20, 53, 14, 5
2020/10/21, 36, 17, 7
2020/10/22, 60, 14, 9
2020/10/23, 61, 12, 6
2020/10/24, 41, 10, 3
2020/10/25, 14, 9, 3
2020/10/26, 27, 17, 5
2020/10/27, 56, 15, 4
2020/10/28, 63, 15, 4
2020/10/29, 48, 16, 3
2020/10/30, 37, 13, 3
2020/10/31, 17, 15, 4
2020/11/1, 37, 5, 1
2020/11/2, 10, 13, 1
2020/11/3, 21, 21, 3
2020/11/4, 39, 28, 6
2020/11/5, 49, 30, 6
2020/11/6, 57, 27, 8
2020/11/7, 64, 24, 11
2020/11/8, 80, 21, 11
2020/11/9, 67, 21, 9
2020/11/10, 53, 16, 5
2020/11/11, 36, 13, 3
2020/11/12, 33, 18, 4
2020/11/13, 43, 19, 7
2020/11/14, 42, 15, 4
2020/11/15, 45, 3, 1
2020/11/16, 26, 12, 2
2020/11/17, 19, 9, 2
2020/11/18, 31, 15, 4
2020/11/19, 37, 17, 2
2020/11/20, 21, 12, 3
2020/11/21, 45, 14, 4
2020/11/22, 56, 6, 3
2020/11/23, 39, 13, 3
2020/11/24, 30, 19, 6
2020/11/25, 44, 15, 4
2020/11/26, 27, 7, 3
2020/11/27, 23, 12, 4
2020/11/28, 36, 11, 5
2020/11/29, 48, 16, 8
2020/11/30, 56, 9, 2
2020/12/1, 28, 6, 1
2020/12/2, 22, 16, 2
2020/12/3, 36, 24, 6
2020/12/4, 55, 19, 3
2020/12/5, 47, 14, 3
2020/12/6, 51, 14, 3
2020/12/7, 50, 14, 3
2020/12/8, 49, 14, 4
2020/12/9, 43, 19, 5
2020/12/10, 58, 26, 13
2020/12/11, 79, 28, 9
2020/12/12, 62, 9, 1
2020/12/13, 57, 9, 2
2020/12/14, 26, 13, 3
2020/12/15, 40, 17, 4
2020/12/16, 45, 16, 3
2020/12/17, 58, 10, 2
2020/12/18, 54, 15, 3
2020/12/19, 61, 12, 2
2020/12/20, 28, 14, 3
2020/12/21, 51, 15, 2
2020/12/22, 37, 21, 3
2020/12/23, 18, 15, 4
2020/12/24, 6, 4, 1
2020/12/25, 16, 1, 1
2020/12/26, 16, 11, 4
2020/12/27, 43, 17, 7
2020/12/28, 33, 7, 3
2020/12/29, 45, 16, 4
2020/12/30, 30, 12, 3
2020/12/31, 32, 13, 4
2021/1/1, 50, 8, 4
2021/1/2, 27, 8, 4
2021/1/3, 30, 8, 3
2021/1/4, 35, 20, 7
2020/7/2, 51, 23, 4
2020/7/3, 41, 21, 5
2020/7/4, 59, 18, 5
2020/7/5, 80, 15, 4
2020/7/6, 72, 20, 4
2020/7/7, 76, 17, 3
2020/7/8, 57, 24, 4
2020/7/9, 58, 24, 4
2020/7/10, 62, 13, 3
2020/7/11, 45, 7, 2
2020/7/12, 26, 8, 2
2020/7/13, 17, 15, 3
2020/7/14, 35, 21, 4
2020/7/15, 41, 19, 4
2020/7/16, 52, 10, 2
2020/7/17, 41, 17, 3
2020/7/18, 45, 13, 3
2020/7/19, 51, 9, 1
2020/7/20, 40, 15, 2
2020/7/21, 26, 15, 2
2020/7/22, 50, 16, 2
2020/7/23, 20, 13, 2
2020/7/24, 44, 15, 4
2020/7/25, 40, 13, 4
2020/7/26, 45, 10, 3
2020/7/27, 53, 8, 1
2020/7/28, 27, 14, 2
2020/7/29, 33, 18, 4
2020/7/30, 60, 24, 4
2020/7/31, 61, 19, 3
2020/8/1, 47, 11, 2
2020/8/2, 31, 5, 1
2020/8/3, 30, 14, 3
2020/8/4, 34, 11, 2
2020/8/5, 37, 20, 4
2020/8/6, 22, 26, 5
2020/8/7, 50, 24, 5
2020/8/8, 49, 18, 4
2020/8/9, 57, 18, 5
2020/8/10, 61, 16, 3
2020/8/11, 40, 15, 3
2020/8/12, 28, 25, 5
2020/8/13, 50, 27, 4
2020/8/14, 55, 25, 5
2020/8/15, 57, 16, 3
2020/8/16, 45, 11, 3
2020/8/17, 35, 18, 3
2020/8/18, 38, 22, 5
2020/8/19, 52, 21, 4
2020/8/20, 26, 22, 5
2020/8/21, 38, 24, 5
2020/8/22, 50, 17, 5
2020/8/23, 54, 12, 4
2020/8/24, 42, 14, 3
2020/8/25, 57, 18, 3
2020/8/26, 63, 17, 3
2020/8/27, 44, 12, 2
2020/8/28, 42, 11, 2
2020/8/29, 42, 9, 2
2020/8/30, 31, 11, 2
2020/8/31, 27, 16, 4
2020/9/1, 41, 15, 4
2020/9/2, 44, 12, 2
2020/9/3, 32, 12, 2
2020/9/4, 46, 16, 3
2020/9/5, 24, 16, 4
2020/9/6, 45, 16, 3
2020/9/7, 42, 11, 2
2020/9/8, 38, 19, 4
2020/9/9, 53, 23, 5
2020/9/10, 51, 24, 5
2020/9/11, 59, 14, 3
2020/9/12, 44, 10, 3
2020/9/13, 47, 10, 2
2020/9/14, 32, 18, 3
2020/9/15, 34, 19, 4
2020/9/16, 31, 21, 6
2020/9/17, 53, 20, 5
2020/9/18, 55, 16, 3
2020/9/19, 22, 15, 3
2020/9/20, 24, 16, 4
2020/9/21, 38, 24, 5
2020/9/22, 39, 26, 6
2020/9/23, 54, 25, 5
2020/9/24, 53, 28, 5
2020/9/25, 58, 20, 5
2020/9/26, 42, 13, 4
2020/9/27, 47, 13, 3
2020/9/28, 43, 14, 3
2020/9/29, 38, 14, 3
2020/9/30, 27, 9, 2
2020/10/1, 21, 15, 3
2020/4/2, 30, 20, 4
2020/4/3, 34, 22, 5
2020/4/4, 53, 16, 5
2020/4/5, 80, 7, 2
2020/4/6, 50, 15, 3
2020/4/7, 41, 11, 3
2020/4/8, 50, 10, 1
2020/4/9, 45, 4, 1
2020/4/10, 23, 7, 1
2020/4/11, 24, 14, 2
2020/4/12, 39, 13, 2
2020/4/13, 39, 7, 1
2020/4/14, 22, 13, 2
2020/4/15, 19, 14, 3
2020/4/16, 49, 15, 2
2020/4/17, 39, 11, 2
2020/4/18, 44, 9, 1
2020/4/19, 35, 15, 2
2020/4/20, 40, 16, 3
2020/4/21, 27, 9, 1
2020/4/22, 23, 18, 3
2020/4/23, 44, 21, 3
2020/4/24, 32, 19, 3
2020/4/25, 44, 13, 4
2020/4/26, 48, 10, 2
2020/4/27, 28, 13, 3
2020/4/28, 29, 7, 1
2020/4/29, 19, 6, 1
2020/4/30, 24, 4, 1
2020/5/1, 19, 12, 2
2020/5/2, 24, 10, 2
2020/5/3, 43, 16, 3
2020/5/4, 56, 22, 3
2020/5/5, 23, 15, 2
2020/5/6, 30, 16, 2
2020/5/7, 27, 14, 2
2020/5/8, 24, 12, 1
2020/5/9, 30, 9, 2
2020/5/10, 22, 11, 3
2020/5/11, 47, 6, 1
2020/5/12, 32, 15, 3
2020/5/13, 40, 15, 4
2020/5/14, 34, 10, 2
2020/5/15, 38, 17, 3
2020/5/16, 44, 12, 4
2020/5/17, 49, 10, 3
2020/5/18, 40, 17, 2
2020/5/19, 37, 12, 2
2020/5/20, 22, 10, 2
2020/5/21, 19, 12, 3
2020/5/22, 28, , 4
2020/5/23, 37, , 3
2020/5/24, 33, , 2
2020/5/25, 38, , 3
2020/5/26, 35, , 4
2020/5/27, 42, , 3
2020/5/28, 37, , 2
2020/5/29, 26, , 2
2020/5/30, 30, , 4
2020/5/31, 33, , 3
2020/6/1, 19, , 3
2020/6/2, 28, , 2
2020/6/3, 37, , 2
2020/6/4, 42, , 2
2020/6/5, 56, , 2
2020/6/6, 43, 11, 2
2020/6/7, 41, 12, 2
2020/6/8, 25, 25, 3
2020/6/9, 30, 14, 2
2020/6/10, 33, 5, 1
2020/6/11, 49, 9, 1
2020/6/12, 14, 26, 4
2020/6/13, 40, 16, 4
2020/6/14, 39, 12, 2
2020/6/15, 30, 19, 3
2020/6/16, 44, 23, 3
2020/6/17, 27, 28, 4
2020/6/18, 55, 25, 3
2020/6/19, 29, 15, 2
2020/6/20, 46, 18, 3
2020/6/21, 65, 18, 3
2020/6/22, 59, 11, 2
2020/6/23, 42, 7, 1
2020/6/24, 17, 14, 2
2020/6/25, 21, 16, 3
2020/6/26, 37, 13, 3
2020/6/27, 47, 5, 1
2020/6/28, 71, 10, 2
2020/6/29, 40, 14, 3
2020/6/30, 66, 19, 3
2020/7/1, 47, 22, 5
2020/1/2, 22, 24, 2
2020/1/3, 25, 22, 3
2020/1/4, 42, 5, 1
2020/1/5, 42, 5, 1
2020/1/6, 16, 15, 3
2020/1/7, 29, 19, 5
2020/1/8, 42, 13, 2
2020/1/9, 24, 20, 3
2020/1/10, 30, 30, 4
2020/1/11, 48, 8, 1
2020/1/12, 8, 8, 2
2020/1/13, 22, 16, 3
2020/1/14, 36, 15, 4
2020/1/15, 54, 14, 5
2020/1/16, 52, 8, 1
2020/1/17, 35, 14, 2
2020/1/18, 19, 8, 1
2020/1/19, 26, 3, 1
2020/1/20, 43, 16, 2
2020/1/21, 48, 26, 4
2020/1/22, 43, 25, 6
2020/1/23, 60, 26, 6
2020/1/24, 51, 22, 3
2020/1/25, 32, 6, 1
2020/1/26, 39, 9, 2
2020/1/27, 35, 20, 4
2020/1/28, 58, 16, 2
2020/1/29, 48, 24, 3
2020/1/30, 36, 21, 3
2020/1/31, 33, 22, 4
2020/2/1, 58, 12, 2
2020/2/2, 55, 7, 1
2020/2/3, 19, 25, 4
2020/2/4, 42, 14, 2
2020/2/5, 29, 16, 2
2020/2/6, 19, 19, 3
2020/2/7, 37, 10, 1
2020/2/8, 33, 12, 1
2020/2/9, 50, 15, 2
2020/2/10, 46, 16, 3
2020/2/11, 38, 15, 2
2020/2/12, 52, 23, 4
2020/2/13, 51, 14, 2
2020/2/14, 38, 13, 2
2020/2/15, 25, 18, 2
2020/2/16, 32, 26, 4
2020/2/17, 42, 25, 5
2020/2/18, 50, 15, 2
2020/2/19, 57, 24, 4
2020/2/20, 47, 21, 3
2020/2/21, 25, 23, 3
2020/2/22, 51, 25, 3
2020/2/23, 57, 25, 6
2020/2/24, 46, 25, 5
2020/2/25, 44, 25, 4
2020/2/26, 48, 15, 2
2020/2/27, 28, 5, 1
2020/2/28, 20, 8, 1
2020/2/29, 42, 10, 2
2020/3/1, 28, 21, 5
2020/3/2, 45, 12, 1
2020/3/3, 43, 6, 1
2020/3/4, 17, 18, 2
2020/3/5, 32, 19, 3
2020/3/6, 37, 4, 1
2020/3/7, 26, 15, 3
2020/3/8, 30, 19, 5
2020/3/9, 48, 14, 2
2020/3/10, 31, 10, 2
2020/3/11, 38, 16, 2
2020/3/12, 46, 17, 3
2020/3/13, 46, 7, 1
2020/3/14, 19, 18, 3
2020/3/15, 45, 11, 2
2020/3/16, 25, 16, 2
2020/3/17, 40, 15, 2
2020/3/18, 39, 19, 4
2020/3/19, 48, 14, 2
2020/3/20, 44, 8, 1
2020/3/21, 22, 9, 2
2020/3/22, 31, 12, 2
2020/3/23, 31, 18, 3
2020/3/24, 51, 20, 3
2020/3/25, 53, 20, 3
2020/3/26, 46, 20, 4
2020/3/27, 39, 16, 3
2020/3/28, 47, 10, 2
2020/3/29, 50, 2, 1
2020/3/30, 14, 4, 1
2020/3/31, 10, 20, 3
2020/4/1, 33, 13, 2
2019/10/2, 69, 15, 4
2019/10/3, 55, 15, 3
2019/10/4, 45, 12, 3
2019/10/5, 21, 12, 3
2019/10/6, 27, 15, 4
2019/10/7, 63, 17, 4
2019/10/8, 46, 18, 5
2019/10/9, 43, 19, 5
2019/10/10, 39, 17, 5
2019/10/11, 54, 15, 2
2019/10/12, 43, 6, 1
2019/10/13, 16, 10, 3
2019/10/14, 35, 18, 3
2019/10/15, 35, 16, 5
2019/10/16, 47, 6, 1
2019/10/17, 23, 11, 2
2019/10/18, 25, 16, 5
2019/10/19, 46, 15, 6
2019/10/20, 48, 13, 3
2019/10/21, 43, 8, 2
2019/10/22, 30, 12, 1
2019/10/23, 18, , 2
2019/10/24, 23, 23, 4
2019/10/25, 44, 24, 6
2019/10/26, 68, 14, 3
2019/10/27, 49, 7, 2
2019/10/28, 20, 16, 6
2019/10/29, 53, 19, 3
2019/10/30, 59, 17, 4
2019/10/31, 61, 8, 2
2019/11/1, 23, 10, 2
2019/11/2, 34, 12, 4
2019/11/3, 36, 17, 3
2019/11/4, 32, 21, 3
2019/11/5, 29, 15, 3
2019/11/6, 42, 20, 5
2019/11/7, 56, 18, 3
2019/11/8, 39, 21, 4
2019/11/9, 30, 20, 5
2019/11/10, 46, 18, 3
2019/11/11, 36, 21, 4
2019/11/12, 46, 9, 1
2019/11/13, 30, 20, 3
2019/11/14, 54, 23, 4
2019/11/15, 50, 25, 6
2019/11/16, 77, 18, 5
2019/11/17, 67, 25, 8
2019/11/18, 58, 21, 8
2019/11/19, 93, 17, 4
2019/11/20, 57, 15, 3
2019/11/21, 49, 14, 3
2019/11/22, 41, 15, 4
2019/11/23, 33, 14, 5
2019/11/24, 46, 10, 2
2019/11/25, 45, 23, 4
2019/11/26, 40, 20, 5
2019/11/27, 47, 5, 1
2019/11/28, 28, 7, 2
2019/11/29, 24, 14, 3
2019/11/30, 34, 9, 3
2019/12/1, 28, 9, 2
2019/12/2, 16, 6, 1
2019/12/3, 28, 13, 2
2019/12/4, 28, 9, 1
2019/12/5, 18, 21, 5
2019/12/6, 43, 22, 6
2019/12/7, 52, 21, 6
2019/12/8, 45, 19, 5
2019/12/9, 48, 12, 2
2019/12/10, 38, 5, 1
2019/12/11, 29, 18, 3
2019/12/12, 44, 24, 5
2019/12/13, 52, 23, 6
2019/12/14, 43, 11, 2
2019/12/15, 44, 8, 2
2019/12/16, 51, 23, 3
2019/12/17, 56, 17, 2
2019/12/18, 46, 11, 2
2019/12/19, 50, 24, 4
2019/12/20, 52, 27, 9
2019/12/21, 77, 23, 11
2019/12/22, 67, 24, 11
2019/12/23, 71, 26, 12
2019/12/24, 69, 23, 11
2019/12/25, 68, 19, 10
2019/12/26, 59, 24, 7
2019/12/27, 42, 18, 3
2019/12/28, 58, 15, 4
2019/12/29, 66, 13, 2
2019/12/30, 23, , 
2019/7/2, 32, 11, 2
2019/7/3, 49, 16, 3
2019/7/4, 49, 13, 3
2019/7/5, 68, 13, 2
2019/7/6, 84, 11, 2
2019/7/7, 53, 9, 2
2019/7/8, 47, 20, 3
2019/7/9, 51, 25, 4
2019/7/10, 54, 17, 4
2019/7/11, 61, 17, 3
2019/7/12, 32, 16, 3
2019/7/13, 36, 19, 4
2019/7/14, 56, 16, 3
2019/7/15, 48, 22, 3
2019/7/16, 39, 9, 1
2019/7/17, 31, 10, 1
2019/7/18, 20, 14, 3
2019/7/19, 38, 12, 2
2019/7/20, 63, 10, 2
2019/7/25, 51, 23, 5
2019/7/26, 52, 18, 5
2019/7/27, 57, 12, 4
2019/7/28, 61, 14, 3
2019/7/29, 64, 11, 3
2019/7/30, 59, 13, 2
2019/7/31, 42, 16, 3
2019/8/1, 44, 23, 4
2019/8/2, 55, 24, 4
2019/8/3, 53, 20, 5
2019/8/4, 49, 18, 4
2019/8/5, 54, 20, 4
2019/8/6, 63, 21, 3
2019/8/7, 71, 17, 3
2019/8/8, 42, 16, 3
2019/8/9, 48, 26, 4
2019/8/10, 39, 17, 4
2019/8/11, 40, 14, 4
2019/8/12, 42, 19, 4
2019/8/13, 56, 16, 3
2019/8/14, 41, 19, 4
2019/8/15, 49, 16, 3
2019/8/16, 33, 18, 3
2019/8/17, 48, 18, 4
2019/8/18, 51, 11, 3
2019/8/19, 54, 17, 2
2019/8/20, 45, 18, 3
2019/8/21, 54, 12, 2
2019/8/22, 42, 15, 3
2019/8/23, 39, 16, 3
2019/8/24, 40, 11, 3
2019/8/25, 30, 9, 3
2019/8/26, 34, 8, 2
2019/8/27, 28, 10, 2
2019/8/28, 32, 13, 3
2019/8/29, 33, 15, 3
2019/8/30, 38, 19, 4
2019/8/31, 53, 14, 4
2019/9/1, 47, 12, 4
2019/9/2, 55, 12, 4
2019/9/3, 50, 10, 4
2019/9/4, 46, 14, 2
2019/9/5, 45, 20, 4
2019/9/6, 37, 14, 3
2019/9/7, 52, 9, 3
2019/9/8, 37, 14, 4
2019/9/9, 43, 19, 4
2019/9/10, 51, 17, 4
2019/9/11, 58, 17, 3
2019/9/12, 63, 17, 4
2019/9/13, 67, 11, 4
2019/9/14, 67, 11, 3
2019/9/15, 17, 14, 4
2019/9/16, 32, 21, 4
2019/9/17, 58, 25, 4
2019/9/18, 47, 23, 4
2019/9/19, 45, 19, 3
2019/9/20, 48, 15, 3
2019/9/21, 63, 16, 4
2019/9/22, 58, 12, 3
2019/9/23, 48, 8, 1
2019/9/24, 25, 19, 3
2019/9/25, 37, 20, 4
2019/9/26, 44, 19, 3
2019/9/27, 38, 18, 5
2019/9/28, 54, 13, 2
2019/9/29, 55, 13, 3
2019/9/30, 46, 18, 4
2019/10/1, 67, 16, 4
2019/4/2, 31, 23, 5
2019/4/3, 50, 24, 4
2019/4/4, 68, 24, 4
2019/4/5, 45, 23, 4
2019/4/6, 61, 19, 5
2019/4/7, 65, 13, 5
2019/4/8, 59, 15, 3
2019/4/9, 40, 22, 3
2019/4/10, 27, 23, 5
2019/4/11, 50, 12, 3
2019/4/12, 36, 7, 2
2019/4/13, 28, 19, 5
2019/4/14, 37, 5, 2
2019/4/15, 33, 5, 2
2019/4/16, 21, , 3
2019/4/17, 46, , 4
2019/4/18, 56, , 2
2019/4/19, 58, , 3
2019/4/20, 18, , 2
2019/4/21, 9, , 3
2019/4/22, 23, , 5
2019/4/23, 38, 13, 3
2019/4/24, 53, 26, 3
2019/4/25, 34, 24, 3
2019/4/26, 54, 6, 
2019/4/27, 26, 18, 2
2019/4/28, 26, 14, 2
2019/4/29, 29, 18, 2
2019/4/30, 46, 23, 3
2019/5/1, 61, 17, 3
2019/5/2, 78, 18, 2
2019/5/3, 43, 17, 2
2019/5/4, 32, 12, 3
2019/5/5, 71, 14, 3
2019/5/8, 17, 20, 2
2019/5/9, 31, 16, 1
2019/5/10, 44, 7, 1
2019/5/11, 19, , 
2019/5/14, 33, 21, 2
2019/5/15, 25, 21, 3
2019/5/16, 53, 19, 3
2019/5/17, 61, 21, 2
2019/5/18, 46, 14, 3
2019/5/19, 59, 8, 1
2019/5/20, 48, 11, 1
2019/5/21, 29, 15, 2
2019/5/22, 20, 18, 2
2019/5/23, 50, 17, 3
2019/5/24, 54, 14, 3
2019/5/25, 53, 14, 3
2019/5/26, 53, 11, 2
2019/5/27, 51, 10, 2
2019/5/28, 43, 10, 1
2019/5/29, 62, 14, 1
2019/5/30, 40, 14, 1
2019/5/31, 29, 24, 3
2019/6/1, 37, 10, 2
2019/6/2, 44, 12, 1
2019/6/3, 57, 20, 2
2019/6/4, 29, 17, 3
2019/6/5, 64, 14, 1
2019/6/6, 49, 25, 2
2019/6/7, 36, 18, 2
2019/6/8, 51, 10, 2
2019/6/9, 42, 8, 2
2019/6/10, 25, 10, 2
2019/6/11, 29, 19, 3
2019/6/12, 33, 15, 3
2019/6/13, 43, 9, 2
2019/6/14, 31, 18, 2
2019/6/15, 35, 17, 3
2019/6/16, 47, 11, 1
2019/6/17, 28, 15, 1
2019/6/18, 29, 18, 2
2019/6/19, 32, 16, 3
2019/6/20, 48, 7, 1
2019/6/21, 31, 14, 2
2019/6/22, 42, 15, 4
2019/6/23, 40, 9, 3
2019/6/24, 35, 10, 1
2019/6/25, 23, 11, 1
2019/6/26, 28, 17, 3
2019/6/27, 41, 18, 3
2019/6/28, 48, 17, 3
2019/6/29, 51, 13, 2
2019/6/30, 50, 13, 2
2019/7/1, 45, 11, 1
2019/1/2, 18, 11, 3
2019/1/3, 44, 11, 5
2019/1/4, 53, 20, 8
2019/1/5, 56, 12, 3
2019/1/6, 40, 18, 6
2019/1/7, 62, 12, 3
2019/1/8, 37, 7, 2
2019/1/9, 27, 5, 2
2019/1/10, 25, 11, 3
2019/1/11, 51, 20, 4
2019/1/12, 67, 17, 4
2019/1/13, 61, 14, 4
2019/1/14, 62, 21, 5
2019/1/15, 64, 22, 6
2019/1/16, 78, 18, 4
2019/1/17, 54, 18, 4
2019/1/18, 56, 16, 4
2019/1/19, 51, 11, 3
2019/1/20, 32, 7, 2
2019/1/21, 15, 26, 5
2019/1/22, 50, 20, 4
2019/1/23, 36, 17, 3
2019/1/24, 31, 10, 3
2019/1/25, 52, 7, 2
2019/1/26, 24, 10, 2
2019/1/27, 37, 9, 2
2019/1/28, 38, 13, 2
2019/1/29, 39, 5, 2
2019/1/30, 37, 5, 1
2019/1/31, 16, 16, 3
2019/2/1, 31, 25, 5
2019/2/2, 71, 17, 6
2019/2/3, 73, 21, 10
2019/2/4, 73, 22, 7
2019/2/5, 68, 14, 4
2019/2/6, 75, 16, 7
2019/2/7, 46, 13, 5
2019/2/8, 43, 4, 1
2019/2/9, 16, 13, 3
2019/2/10, 36, 16, 4
2019/2/11, 51, 20, 6
2019/2/12, 52, 13, 3
2019/2/13, 27, 7, 2
2019/2/14, 34, 18, 3
2019/2/15, 29, 8, 2
2019/2/16, 40, 11, 3
2019/2/17, 38, 11, 3
2019/2/18, 46, 11, 2
2019/2/19, 39, 27, 5
2019/2/20, 54, 19, 3
2019/2/21, 25, 15, 3
2019/2/22, 47, 24, 4
2019/2/23, 77, 16, 4
2019/2/24, 49, 3, 1
2019/2/25, 21, 13, 3
2019/2/26, 26, 28, 6
2019/2/27, 53, 20, 4
2019/2/28, 62, 19, 3
2019/3/1, 66, 23, 4
2019/3/2, 63, 14, 3
2019/3/3, 62, 15, 3
2019/3/4, 67, 6, 2
2019/3/5, 21, 6, 2
2019/3/6, 34, 10, 2
2019/3/7, 39, 19, 2
2019/3/8, 55, 23, 4
2019/3/9, 65, 16, 4
2019/3/10, 49, 4, 2
2019/3/11, 34, 19, 3
2019/3/12, 32, 30, 5
2019/3/13, 52, 23, 4
2019/3/14, 43, 11, 2
2019/3/15, 48, 6, 1
2019/3/16, 15, 11, 3
2019/3/17, 28, 16, 5
2019/3/18, 40, 23, 4
2019/3/19, 42, 27, 6
2019/3/20, 57, 20, 6
2019/3/21, 61, 11, 2
2019/3/22, 62, 9, 2
2019/3/23, 27, 17, 4
2019/3/24, 26, 22, 6
2019/3/25, 63, 21, 4
2019/3/26, 52, 24, 4
2019/3/27, 22, 22, 5
2019/3/28, 48, 23, 5
2019/3/29, 67, 17, 3
2019/3/30, 68, 10, 2
2019/3/31, 40, 6, 2
2019/4/1, 13, 22, 4
2018/10/2, 62, 11, 2
2018/10/3, 48, 13, 3
2018/10/4, 49, 13, 2
2018/10/5, 50, 12, 3
2018/10/6, 54, 12, 4
2018/10/7, 52, 14, 5
2018/10/8, 60, 16, 5
2018/10/9, 64, 15, 4
2018/10/10, 43, 15, 3
2018/10/11, 28, 8, 2
2018/10/12, 24, 10, 2
2018/10/13, 14, 8, 2
2018/10/14, 24, 12, 3
2018/10/15, 38, 11, 3
2018/10/16, 36, 13, 3
2018/10/17, 35, 13, 3
2018/10/18, 37, 17, 6
2018/10/19, 53, 8, 6
2018/10/20, 46, 3, 1
2018/10/21, 30, 9, 3
2018/10/22, 22, 18, 4
2018/10/23, 45, 23, 4
2018/10/24, 38, 22, 5
2018/10/25, 36, 22, 6
2018/10/26, 48, 18, 4
2018/10/27, 49, 9, 2
2018/10/28, 52, 8, 2
2018/10/29, 38, 12, 4
2018/10/30, 28, 20, 6
2018/10/31, 58, 15, 2
2018/11/1, 52, 17, 4
2018/11/2, 29, 11, 3
2018/11/3, 19, 13, 5
2018/11/4, 43, 12, 4
2018/11/5, 38, 16, 3
2018/11/6, 35, 6, 2
2018/11/7, 21, 17, 4
2018/11/8, 32, 17, 4
2018/11/9, 53, 12, 2
2018/11/10, 48, 9, 3
2018/11/11, 29, 15, 6
2018/11/12, 47, 26, 8
2018/11/13, 69, 19, 4
2018/11/14, 68, 21, 4
2018/11/15, 51, 15, 3
2018/11/16, 40, 9, 2
2018/11/17, 57, 15, 4
2018/11/18, 71, 14, 5
2018/11/19, 76, 14, 4
2018/11/20, 69, 11, 3
2018/11/21, 59, 14, 4
2018/11/22, 67, 13, 5
2018/11/23, 79, 17, 5
2018/11/24, 50, 10, 2
2018/11/25, 41, 16, 5
2018/11/26, 55, 9, 2
2018/11/27, 16, 7, 2
2018/11/28, 34, 15, 5
2018/11/29, 49, 19, 5
2018/11/30, 65, 21, 7
2018/12/1, 99, 15, 4
2018/12/2, 39, 9, 1
2018/12/3, 14, 7, 5
2018/12/4, 26, 15, 3
2018/12/5, 27, 8, 2
2018/12/6, 31, 16, 3
2018/12/7, 51, 25, 5
2018/12/8, 54, 17, 4
2018/12/9, 49, 16, 4
2018/12/10, 62, 25, 7
2018/12/11, 98, 22, 6
2018/12/12, 83, 25, 4
2018/12/13, 56, 29, 7
2018/12/14, 69, 25, 14
2018/12/15, 55, 15, 4
2018/12/16, 60, 9, 3
2018/12/17, 50, 20, 6
2018/12/18, 49, 23, 8
2018/12/19, 63, 23, 11
2018/12/20, 71, 27, 7
2018/12/21, 63, 16, 3
2018/12/22, 36, 10, 5
2018/12/23, 44, 13, 6
2018/12/24, 63, 13, 4
2018/12/25, 39, 15, 8
2018/12/26, 61, 22, 11
2018/12/27, 61, 22, 6
2018/12/28, 49, 14, 3
2018/12/29, 21, 5, 2
2018/12/30, 24, 12, 6
2018/12/31, 43, , 
2018/7/2, 55, 18, 3
2018/7/3, 53, 20, 4
2018/7/4, 46, 17, 4
2018/7/5, 59, 20, 4
2018/7/6, 70, 19, 3
2018/7/7, 31, 17, 3
2018/7/8, 21, 19, 4
2018/7/9, 46, 22, 4
2018/7/10, 58, 21, 3
2018/7/11, 57, 26, 3
2018/7/12, 54, 32, 4
2018/7/13, 55, 35, 5
2018/7/14, 69, 24, 5
2018/7/15, 79, 18, 3
2018/7/16, 77, 14, 2
2018/7/17, 53, 27, 3
2018/7/18, 32, 27, 3
2018/7/19, 41, 28, 4
2018/7/20, 51, 24, 3
2018/7/21, 48, 9, 1
2018/7/22, 39, 12, 2
2018/7/23, 42, 25, 3
2018/7/24, 51, 18, 4
2018/7/25, 54, 24, 4
2018/7/26, 57, 15, 2
2018/7/27, 52, 14, 2
2018/7/28, 32, 19, 4
2018/7/29, 44, 19, 4
2018/7/30, 54, 26, 3
2018/7/31, 59, 16, 2
2018/8/1, 47, 13, 2
2018/8/2, 42, 20, 4
2018/8/3, 61, 15, 4
2018/8/4, 67, 19, 3
2018/8/5, 66, 13, 3
2018/8/6, 56, 20, 4
2018/8/7, 51, 17, 2
2018/8/8, 42, 13, 2
2018/8/9, 59, 16, 3
2018/8/10, 54, 18, 3
2018/8/11, 63, 16, 3
2018/8/12, 55, 17, 5
2018/8/13, 52, 23, 5
2018/8/14, 65, 19, 5
2018/8/15, 69, 16, 3
2018/8/16, 73, 15, 1
2018/8/17, 51, 13, 2
2018/8/18, 53, 17, 4
2018/8/19, 54, 16, 4
2018/8/20, 63, 19, 4
2018/8/21, 58, 8, 2
2018/8/22, 35, 16, 3
2018/8/23, 49, 22, 4
2018/8/24, 55, 17, 4
2018/8/25, 64, 8, 2
2018/8/26, 65, 6, 2
2018/8/27, 74, 15, 2
2018/8/28, 71, 19, 2
2018/8/29, 62, 17, 2
2018/8/30, 50, 22, 4
2018/8/31, 45, 19, 4
2018/9/1, 49, 12, 2
2018/9/2, 29, 7, 3
2018/9/3, 40, 9, 3
2018/9/4, 37, 21, 6
2018/9/5, 53, 19, 5
2018/9/6, 61, 21, 5
2018/9/7, 50, 19, 4
2018/9/8, 50, 10, 1
2018/9/9, 24, 11, 3
2018/9/10, 17, 7, 2
2018/9/11, 20, 17, 5
2018/9/12, 50, 21, 5
2018/9/13, 50, 24, 6
2018/9/14, 62, 28, 7
2018/9/15, 62, 15, 5
2018/9/16, 40, 11, 3
2018/9/17, 24, 15, 3
2018/9/18, 37, 21, 4
2018/9/19, 55, 30, 6
2018/9/20, 66, 18, 4
2018/9/21, 71, 9, 2
2018/9/22, 58, 11, 3
2018/9/23, 25, 11, 3
2018/9/24, 24, 12, 3
2018/9/25, 50, 12, 2
2018/9/26, 36, 15, 3
2018/9/27, 29, 23, 5
2018/9/28, 43, 14, 5
2018/9/29, 49, 18, 5
2018/9/30, 38, 13, 5
2018/10/1, 52, 15, 5
2018/4/2, 24, 22, 3
2018/4/3, 35, 15, 3
2018/4/4, 42, 5, 1
2018/4/5, 19, 19, 2
2018/4/6, 28, 17, 2
2018/4/7, 32, 16, 3
2018/4/8, 21, 19, 3
2018/4/9, 35, 22, 3
2018/4/10, 44, 24, 4
2018/4/11, 53, 19, 4
2018/4/12, 49, 15, 2
2018/4/13, 35, 13, 2
2018/4/14, 54, 14, 2
2018/4/15, 44, 5, 1
2018/4/16, 16, 3, 1
2018/4/17, 7, 4, 2
2018/4/18, 20, , 3
2018/4/19, 20, , 1
2018/4/20, 12, , 5
2018/4/21, 14, , 4
2018/4/22, 16, , 3
2018/4/23, 16, , 4
2018/4/24, 31, , 3
2018/4/25, 21, , 4
2018/5/2, 40, , 3
2018/5/3, 69, , 1
2018/5/4, 57, 12, 2
2018/5/5, 52, 20, 4
2018/5/6, 41, 17, 3
2018/5/7, 50, 28, 4
2018/5/8, 52, 26, 4
2018/5/9, 48, 22, 4
2018/5/10, 65, 14, 2
2018/5/11, 46, 21, 3
2018/5/12, 65, 13, 2
2018/5/13, 67, 11, 2
2018/5/14, 74, 16, 2
2018/5/15, 73, 15, 2
2018/5/16, 52, 23, 4
2018/5/17, 66, 26, 4
2018/5/18, 70, 20, 3
2018/5/19, 45, 10, 1
2018/5/20, 45, 15, 4
2018/5/21, 55, 16, 3
2018/5/22, 51, 16, 2
2018/5/23, 39, 27, 4
2018/5/24, 36, 26, 5
2018/5/25, 50, 20, 5
2018/5/26, 57, 15, 3
2018/5/27, 67, 13, 2
2018/5/28, 54, 14, 3
2018/5/29, 56, 16, 3
2018/5/30, 30, 8, 2
2018/5/31, 31, 9, 1
2018/6/1, 48, 17, 2
2018/6/2, 39, 19, 4
2018/6/3, 53, 9, 2
2018/6/4, 41, 17, 2
2018/6/5, 23, 18, 2
2018/6/6, 44, 23, 3
2018/6/7, 44, 15, 2
2018/6/8, 48, 20, 3
2018/6/9, 60, 17, 4
2018/6/10, 59, 10, 2
2018/6/11, 45, 17, 2
2018/6/12, 47, 14, 2
2018/6/13, 50, 10, 1
2018/6/14, 47, 26, 4
2018/6/15, 32, 24, 5
2018/6/16, 52, 16, 5
2018/6/17, 66, 13, 3
2018/6/18, 70, 11, 3
2018/6/19, 68, 9, 1
2018/6/20, 66, 9, 2
2018/6/21, 45, 12, 3
2018/6/22, 47, 10, 2
2018/6/23, 45, 3, 1
2018/6/24, 47, 10, 2
2018/6/25, 43, 17, 4
2018/6/26, 51, 14, 2
2018/6/27, 44, 6, 1
2018/6/28, 38, 20, 4
2018/6/29, 48, 16, 4
2018/6/30, 56, 16, 4
2018/7/1, 55, 12, 3
2018/1/2, 37, 17, 3
2018/1/3, 39, 22, 5
2018/1/4, 54, 14, 2
2018/1/5, 42, 14, 2
2018/1/6, 31, 23, 4
2018/1/7, 40, 22, 4
2018/1/8, 40, 15, 2
2018/1/9, 48, 18, 4
2018/1/10, 62, 24, 4
2018/1/11, 44, 20, 3
2018/1/12, 24, 13, 2
2018/1/13, 21, 12, 2
2018/1/14, 23, 14, 2
2018/1/15, 33, 12, 2
2018/1/16, 33, 6, 1
2018/1/17, 48, 11, 2
2018/1/18, 49, 17, 2
2018/1/19, 50, 22, 2
2018/1/20, 52, 18, 2
2018/1/21, 32, 22, 4
2018/1/22, 42, 22, 4
2018/1/23, 46, 3, 
2018/1/24, 15, 8, 1
2018/1/25, 27, 23, 3
2018/1/26, 48, 35, 4
2018/1/27, 43, , 2
2018/1/28, 47, , 4
2018/1/29, 42, , 4
2018/1/30, 38, , 1
2018/1/31, 19, 25, 2
2018/2/1, 38, 15, 1
2018/2/2, 51, 14, 1
2018/2/3, 27, 15, 1
2018/2/4, 23, 8, 1
2018/2/5, 28, 13, 1
2018/2/6, 25, 23, 3
2018/2/7, 51, 24, 3
2018/2/8, 57, 20, 2
2018/2/9, 40, 24, 4
2018/2/10, 43, 22, 9
2018/2/11, 80, 16, 3
2018/2/12, 46, 26, 3
2018/2/13, 41, 29, 3
2018/2/14, 51, 23, 3
2018/2/15, 42, 11, 1
2018/2/16, 26, 16, 2
2018/2/17, 35, 22, 3
2018/2/18, 34, 15, 2
2018/2/19, 37, 15, 1
2018/2/20, 29, 15, 1
2018/2/21, 41, 18, 2
2018/2/22, 32, 21, 2
2018/2/23, 22, 14, 2
2018/2/24, 23, 15, 3
2018/2/25, 31, 6, 1
2018/2/26, 16, 27, 5
2018/2/27, 38, 24, 6
2018/2/28, 40, 26, 4
2018/3/1, 41, 14, 2
2018/3/2, 24, 21, 3
2018/3/3, 26, 21, 5
2018/3/4, 37, 17, 3
2018/3/5, 22, 21, 3
2018/3/6, 20, 14, 2
2018/3/7, 25, 6, 1
2018/3/8, 20, 7, 1
2018/3/9, 25, 12, 3
2018/3/10, 31, 21, 3
2018/3/11, 45, 13, 2
2018/3/12, 25, 17, 2
2018/3/13, 41, 21, 3
2018/3/14, 34, 11, 1
2018/3/15, 25, 16, 2
2018/3/16, 35, 22, 3
2018/3/17, 26, 19, 3
2018/3/18, 42, 20, 4
2018/3/19, 28, 27, 5
2018/3/20, 48, 22, 3
2018/3/21, 35, 24, 3
2018/3/22, 35, 25, 3
2018/3/23, 33, 29, 5
2018/3/24, 40, 21, 3
2018/3/25, 39, 11, 2
2018/3/26, 25, 27, 3
2018/3/27, 32, 14, 2
2018/3/28, 40, 25, 5
2018/3/29, 42, 19, 3
2018/3/30, 37, 15, 3
2018/3/31, 38, 8, 3
2018/4/1, 30, 10, 2
2017/10/2, 35, 23, 5
2017/10/3, 50, 21, 5
2017/10/4, 46, 20, 4
2017/10/5, 51, 22, 4
2017/10/6, 58, 20, 4
2017/10/7, 56, 10, 2
2017/10/8, 41, 13, 3
2017/10/9, 39, 8, 2
2017/10/10, 28, 18, 5
2017/10/11, 60, 10, 1
2017/10/12, 32, 14, 3
2017/10/13, 31, 17, 5
2017/10/14, 60, 15, 5
2017/10/15, 56, 4, 1
2017/10/16, 32, 20, 4
2017/10/17, 23, 18, 7
2017/10/18, 52, 19, 4
2017/10/19, 54, 20, 5
2017/10/20, 60, 24, 7
2017/10/21, 71, 18, 8
2017/10/22, 66, 16, 5
2017/10/23, 48, 17, 2
2017/10/24, 26, 9, 1
2017/10/25, 18, 12, 2
2017/10/26, 28, 19, 5
2017/10/27, 46, 14, 2
2017/10/28, 40, 6, 1
2017/10/29, 21, 7, 2
2017/10/30, 17, 11, 1
2017/10/31, 25, 13, 3
2017/11/1, 31, 21, 6
2017/11/2, 58, 23, 3
2017/11/3, 46, 16, 4
2017/11/4, 53, 12, 5
2017/11/5, 52, 12, 3
2017/11/6, 44, 17, 3
2017/11/7, 22, 19, 3
2017/11/8, 29, 23, 5
2017/11/9, 37, 18, 6
2017/11/10, 49, 19, 3
2017/11/11, 22, 19, 5
2017/11/12, 38, 19, 7
2017/11/13, 69, 21, 4
2017/11/14, 49, 24, 6
2017/11/15, 41, 9, 4
2017/11/16, 47, 14, 3
2017/11/17, 38, 16, 3
2017/11/18, 31, 7, 2
2017/11/19, 28, 5, 1
2017/11/20, 34, 22, 3
2017/11/21, 34, 20, 3
2017/11/22, 31, 21, 4
2017/11/23, 47, 19, 6
2017/11/24, 55, 21, 5
2017/11/25, 47, 9, 1
2017/11/26, 21, 18, 5
2017/11/27, 41, 32, 5
2017/11/28, 56, 28, 4
2017/11/29, 51, 36, 6
2017/11/30, 64, 27, 7
2017/12/1, 78, 26, 7
2017/12/2, 65, 24, 10
2017/12/3, 65, 22, 9
2017/12/4, 77, 23, 6
2017/12/5, 61, 10, 1
2017/12/6, 36, 13, 1
2017/12/7, 25, 14, 1
2017/12/8, 34, 16, 2
2017/12/9, 30, 15, 2
2017/12/10, 43, 10, 1
2017/12/11, 27, 21, 5
2017/12/12, 51, 9, 1
2017/12/13, 27, 15, 2
2017/12/14, 18, 19, 3
2017/12/15, 52, 16, 2
2017/12/16, 49, 16, 1
2017/12/17, 36, 24, 3
2017/12/18, 50, 11, 1
2017/12/19, 43, 9, 1
2017/12/20, 56, 26, 5
2017/12/21, 44, 27, 6
2017/12/22, 43, 13, 2
2017/12/23, 43, 11, 2
2017/12/24, 35, 9, 2
2017/12/25, 34, 2, 1
2017/12/26, 12, 14, 2
2017/12/27, 27, 19, 2
2017/12/28, 40, 23, 3
2017/12/29, 45, 15, 2
2017/12/30, 53, 12, 2
2017/12/31, 54, , 
2017/7/2, 39, 18, 3
2017/7/3, 41, 23, 4
2017/7/4, 59, 17, 4
2017/7/5, 83, 25, 4
2017/7/6, 85, 20, 4
2017/7/7, 46, 15, 2
2017/7/8, 44, 15, 3
2017/7/9, 28, 15, 3
2017/7/10, 39, 15, 3
2017/7/11, 55, 16, 3
2017/7/12, 53, 13, 3
2017/7/13, 69, 18, 3
2017/7/14, 59, 17, 3
2017/7/15, 45, 17, 4
2017/7/16, 29, 15, 4
2017/7/17, 52, 26, 4
2017/7/18, 46, 21, 4
2017/7/19, 67, 26, 4
2017/7/20, 64, 20, 4
2017/7/21, 69, 19, 3
2017/7/22, 53, 13, 2
2017/7/23, 69, 10, 2
2017/7/24, 27, 22, 3
2017/7/25, 44, 21, 3
2017/7/26, 31, 24, 4
2017/7/27, 57, 24, 3
2017/7/28, 55, 18, 3
2017/7/29, 53, 12, 3
2017/7/30, 20, 13, 4
2017/7/31, 47, 22, 5
2017/8/1, 57, 25, 5
2017/8/2, 64, 22, 4
2017/8/3, 58, 14, 3
2017/8/4, 52, 14, 2
2017/8/5, 41, 12, 2
2017/8/6, 24, 14, 4
2017/8/7, 44, 20, 4
2017/8/8, 42, 26, 4
2017/8/9, 54, 25, 4
2017/8/10, 50, 26, 4
2017/8/11, 57, 23, 4
2017/8/12, 68, 19, 4
2017/8/13, 40, 18, 4
2017/8/14, 35, 20, 4
2017/8/15, 49, 26, 5
2017/8/16, 58, 19, 4
2017/8/17, 67, 11, 1
2017/8/18, 41, 16, 3
2017/8/19, 35, 15, 3
2017/8/20, 53, 14, 4
2017/8/21, 58, 20, 4
2017/8/22, 65, 18, 3
2017/8/23, 45, 26, 4
2017/8/24, 36, 25, 5
2017/8/25, 53, 27, 4
2017/8/26, 47, 20, 4
2017/8/27, 54, 21, 4
2017/8/28, 56, 22, 4
2017/8/29, 58, 23, 4
2017/8/30, 47, 24, 6
2017/8/31, 55, 25, 5
2017/9/1, 61, 14, 2
2017/9/2, 39, 10, 2
2017/9/3, 25, 9, 2
2017/9/4, 50, 7, 5
2017/9/5, 71, , 
2017/9/10, 41, 16, 3
2017/9/11, 37, 20, 4
2017/9/12, 35, 20, 3
2017/9/13, 39, 16, 3
2017/9/14, 27, 9, 2
2017/9/15, 20, 19, 6
2017/9/16, 52, 16, 6
2017/9/17, 52, 16, 5
2017/9/18, 59, 21, 5
2017/9/19, 68, 20, 4
2017/9/20, 52, 15, 5
2017/9/21, 59, 21, 6
2017/9/22, 88, 26, 6
2017/9/23, 77, 22, 7
2017/9/24, 70, 21, 4
2017/9/25, 42, 27, 6
2017/9/26, 56, 30, 7
2017/9/27, 66, 24, 5
2017/9/28, 61, 23, 3
2017/9/29, 25, 21, 4
2017/9/30, 40, 17, 4
2017/10/1, 26, 18, 4
2017/4/2, 26, 13, 3
2017/4/3, 36, 16, 4
2017/4/4, 41, 12, 2
2017/4/5, 26, 17, 2
2017/4/6, 43, 8, 1
2017/4/7, 14, 11, 2
2017/4/8, 16, 20, 3
2017/4/9, 28, 16, 4
2017/4/10, 43, 18, 2
2017/4/11, 37, 16, 2
2017/4/12, 42, 26, 4
2017/4/13, 40, 25, 5
2017/4/14, 29, 30, 6
2017/4/15, 24, 17, 4
2017/4/16, 26, 11, 1
2017/4/17, 15, 26, 4
2017/4/18, 11, 21, 4
2017/4/19, 22, 13, 2
2017/4/20, 40, 12, 2
2017/4/21, 47, 18, 3
2017/4/22, 25, 12, 2
2017/4/23, 22, 15, 3
2017/4/24, 25, 25, 4
2017/4/25, 35, 17, 3
2017/4/26, 28, 15, 3
2017/4/27, 40, 15, 2
2017/4/28, 37, 18, 4
2017/4/29, 48, 17, 3
2017/4/30, 38, 7, 2
2017/5/1, 46, 4, 1
2017/5/2, 19, 9, 1
2017/5/3, 13, 23, 3
2017/5/4, 24, 22, 4
2017/5/5, 44, 19, 3
2017/5/6, 28, 13, 3
2017/5/7, 21, 12, 2
2017/5/8, 16, 30, 3
2017/5/9, 29, 28, 4
2017/5/10, 53, 20, 3
2017/5/11, 61, 20, 3
2017/5/12, 40, 30, 4
2017/5/13, 41, 25, 4
2017/5/14, 42, 19, 3
2017/5/15, 44, 29, 3
2017/5/16, 55, 22, 3
2017/5/17, 66, 18, 2
2017/5/18, 57, 16, 2
2017/5/19, 53, 21, 3
2017/5/20, 53, 13, 3
2017/5/21, 50, 8, 1
2017/5/22, 15, 22, 3
2017/5/23, 18, 29, 5
2017/5/24, 41, 23, 3
2017/5/25, 46, 17, 2
2017/5/26, 27, 14, 2
2017/5/27, 38, 14, 2
2017/5/28, 62, 6, 1
2017/5/29, 33, 11, 1
2017/5/30, 36, 21, 2
2017/5/31, 33, 28, 3
2017/6/1, 39, 33, 4
2017/6/2, 40, 33, 5
2017/6/3, 48, 28, 5
2017/6/4, 55, 20, 3
2017/6/5, 57, 26, 3
2017/6/6, 56, 26, 3
2017/6/7, 26, 23, 3
2017/6/8, 27, 25, 4
2017/6/9, 38, 19, 3
2017/6/10, 38, 14, 2
2017/6/11, 43, 16, 2
2017/6/12, 54, 20, 2
2017/6/13, 53, 23, 3
2017/6/14, 49, 23, 3
2017/6/15, 33, 22, 3
2017/6/16, 30, 24, 3
2017/6/17, 44, 15, 3
2017/6/18, 58, 9, 1
2017/6/19, 41, 18, 2
2017/6/20, 22, 26, 2
2017/6/21, 32, 24, 3
2017/6/22, 48, 11, 1
2017/6/23, 49, 12, 2
2017/6/24, 32, 14, 2
2017/6/25, 20, 16, 2
2017/6/26, 29, 21, 3
2017/6/27, 28, 22, 3
2017/6/28, 27, 15, 3
2017/6/29, 39, 15, 2
2017/6/30, 49, 6, 1
2017/7/1, 31, 13, 2
2017/1/4, 14, 14, 5
2017/1/5, 17, 9, 2
2017/1/6, 19, 14, 2
2017/1/7, 48, 20, 3
2017/1/8, 44, 11, 2
2017/1/9, 42, 13, 2
2017/1/10, 46, 18, 2
2017/1/11, 22, 11, 1
2017/1/12, 44, 22, 4
2017/1/13, 27, 7, 1
2017/1/14, 46, 20, 3
2017/1/15, 34, 16, 4
2017/1/16, 68, 11, 4
2017/1/17, 55, 14, 6
2017/1/18, 27, 13, 2
2017/1/19, 12, 10, 2
2017/1/20, 46, 19, 4
2017/1/21, 29, 15, 3
2017/1/22, 62, 19, 8
2017/1/23, 47, 14, 6
2017/1/24, 33, 14, 3
2017/1/25, 32, 12, 3
2017/1/26, 37, 14, 2
2017/1/27, 18, 6, 1
2017/1/28, 16, 5, 1
2017/1/29, 37, 6, 1
2017/1/30, 36, 9, 2
2017/1/31, 18, 12, 2
2017/2/1, 19, 11, 1
2017/2/2, 23, 16, 2
2017/2/3, 29, 16, 2
2017/2/4, 30, 19, 3
2017/2/5, 42, 20, 5
2017/2/6, 47, 12, 3
2017/2/7, 63, 24, 6
2017/2/8, 28, 8, 1
2017/2/9, 53, 16, 3
2017/2/10, 19, 13, 2
2017/2/11, 27, 17, 2
2017/2/12, 41, 11, 1
2017/2/13, 38, 8, 2
2017/2/14, 20, 22, 4
2017/2/15, 32, 18, 3
2017/2/16, 17, 18, 2
2017/2/17, 36, 22, 3
2017/2/18, 35, 23, 3
2017/2/19, 61, 21, 4
2017/2/20, 68, 14, 3
2017/2/21, 69, 27, 6
2017/2/22, 72, 34, 8
2017/2/23, 66, 23, 5
2017/2/24, 45, 16, 2
2017/2/25, 30, 12, 1
2017/2/26, 23, 5, 1
2017/2/27, 24, 10, 1
2017/2/28, 40, 24, 4
2017/3/1, 43, 24, 4
2017/3/2, 29, 11, 1
2017/3/3, 24, 8, 1
2017/3/4, 27, 14, 2
2017/3/5, 37, 19, 4
2017/3/6, 39, 17, 2
2017/3/7, 44, 15, 2
2017/3/8, 30, 13, 2
2017/3/9, 11, 11, 1
2017/3/10, 37, 26, 4
2017/3/11, 22, 17, 2
2017/3/12, 27, 15, 3
2017/3/13, 29, 16, 3
2017/3/14, 46, 22, 3
2017/3/15, 35, 18, 2
2017/3/16, 30, 16, 2
2017/3/17, 41, 22, 3
2017/3/18, 59, 27, 5
2017/3/19, 38, 13, 3
2017/3/20, 29, 14, 3
2017/3/21, 50, 26, 5
2017/3/22, 51, 25, 4
2017/3/23, 18, 20, 2
2017/3/24, 33, 24, 3
2017/3/25, 62, 18, 3
2017/3/26, 57, 14, 2
2017/3/27, 54, 9, 1
2017/3/28, 40, 20, 4
2017/3/29, 49, 21, 3
2017/3/30, 26, 19, 3
2017/3/31, 29, 17, 2
2017/4/1, 28, 13, 2
2025/1/1, , 2, 1
2024/10/16, , 14, 4
2024/10/17, , 17, 7
2024/10/18, , 20, 9
2024/7/22, , 20, 3
2024/6/23, , 5, 1
2024/6/24, , 16, 3
2024/6/25, , 18, 3
2023/8/20, , 12, 8
2023/8/21, , 21, 8
2023/8/25, , 13, 
2022/10/9, , 13, 5
2022/10/10, , 19, 5
2022/10/11, , 22, 6
2022/1/24, , 20, 2
2022/1/26, , 25, 4
2021/12/3, , 22, 6
2020/1/1, , 9, 1
2019/7/21, , 9, 2
2019/7/22, , 15, 3
2019/7/23, , 17, 3
2019/7/24, , 21, 4
2019/5/6, , 21, 3
2019/5/7, , 20, 3
2019/5/13, , 10, 1
2019/1/1, , 8, 3
2018/1/1, , 9, 2
2017/9/9, , 21, 6
2017/1/3, , 15, 4
2016/10/2, , 10, 3
2016/10/3, , 11, 6
2016/10/4, , 21, 6
2016/10/5, , 23, 4
2016/10/6, , 20, 5
2016/10/7, , 23, 5
2016/10/8, , 22, 3
2016/10/9, , 12, 4
2016/10/10, , 15, 4
2016/10/11, , 15, 5
2016/10/19, , 17, 4
2016/10/20, , 23, 4
2016/10/21, , 22, 3
2016/10/22, , 16, 3
2016/10/23, , 14, 2
2016/10/24, , 14, 4
2016/10/25, , 28, 5
2016/10/26, , 26, 6
2016/10/27, , 28, 3
2016/10/28, , 18, 6
2016/10/29, , 20, 4
2016/10/30, , 16, 2
2016/10/31, , 16, 4
2016/11/1, , 18, 6
2016/11/2, , 22, 5
2016/11/3, , 21, 3
2016/11/4, , 18, 5
2016/11/5, , 19, 7
2016/11/6, , 20, 8
2016/11/7, , 21, 9
2016/11/8, , 26, 7
2016/11/9, , 25, 4
2016/11/10, , 25, 4
2016/11/11, , 18, 3
2016/11/12, , 20, 4
2016/11/13, , 21, 7
2016/11/14, , 21, 9
2016/11/15, , 28, 8
2016/11/16, , 31, 6
2016/11/17, , 26, 8
2016/11/18, , 29, 5
2016/11/19, , 28, 1
2016/11/20, , 6, 1
2016/11/21, , 10, 4
2016/11/22, , 23, 6
2016/11/23, , 30, 4
2016/11/24, , 28, 2
2016/11/25, , 8, 2
2016/11/26, , 10, 3
2016/11/27, , 11, 5
2016/11/28, , 16, 3
2016/11/29, , 19, 2
2016/11/30, , 15, 2
2016/12/1, , 14, 2
2016/12/2, , 9, 2
2016/12/3, , 11, 3
2016/12/4, , 14, 3
2016/12/5, , 14, 3
2016/12/6, , 16, 3
2016/12/7, , 16, 2
2016/12/8, , 14, 2
2016/12/9, , 9, 2
2016/12/10, , 8, 2
2016/12/11, , 12, 4
2016/12/12, , 18, 2
2016/12/13, , 12, 4
2016/12/14, , 21, 3
2016/12/15, , 20, 3
2016/12/16, , 16, 3
2016/12/17, , 24, 2
2016/12/18, , 14, 2
2016/12/19, , 9, 5
2016/12/20, , 21, 7
2016/12/21, , 23, 4
2016/12/22, , 23, 5
2016/12/23, , 24, 9
2016/12/24, , 27, 3
2016/12/25, , 16, 3
2016/12/26, , 10, 2
2016/12/27, , 8, 1
2016/12/28, , 7, 3
2016/12/29, , 19, 2
2016/12/30, , 9, 2
2016/12/31, , 13, 1
2017/1/1, , 10, 4
2017/1/2, , 14, 
2016/7/2, , 27, 3
2016/7/3, , 19, 3
2016/7/4, , 13, 2
2016/7/5, , 11, 3
2016/7/6, , 20, 3
2016/7/7, , 12, 2
2016/7/8, , 14, 1
2016/7/9, , 10, 3
2016/7/10, , 17, 2
2016/7/11, , 16, 4
2016/7/12, , 21, 4
2016/7/13, , 14, 2
2016/7/14, , 10, 2
2016/7/15, , 16, 2
2016/7/16, , 15, 3
2016/7/17, , 15, 3
2016/7/18, , 9, 2
2016/7/19, , 18, 4
2016/7/20, , 24, 4
2016/7/21, , 25, 4
2016/7/22, , 20, 3
2016/7/23, , 19, 3
2016/7/24, , 16, 3
2016/7/25, , 13, 3
2016/7/26, , 26, 4
2016/7/27, , 26, 4
2016/7/28, , 24, 2
2016/7/29, , 19, 3
2016/7/30, , 18, 2
2016/7/31, , 12, 2
2016/8/1, , 11, 4
2016/8/2, , 17, 5
2016/8/3, , 23, 4
2016/8/4, , 32, 6
2016/8/5, , 29, 3
2016/8/6, , 19, 3
2016/8/7, , 17, 3
2016/8/8, , 17, 4
2016/8/9, , 25, 4
2016/8/10, , 21, 3
2016/8/11, , 20, 3
2016/8/12, , 10, 2
2016/8/13, , 11, 1
2016/8/14, , 7, 2
2016/8/15, , 8, 3
2016/8/16, , 18, 2
2016/8/17, , 9, 3
2016/8/18, , 16, 2
2016/8/19, , 13, 2
2016/8/20, , 14, 1
2016/8/21, , 8, 2
2016/8/22, , 9, 4
2016/8/23, , 18, 5
2016/8/24, , 15, 3
2016/8/25, , 10, 2
2016/8/26, , 11, 4
2016/8/27, , 22, 4
2016/8/28, , 13, 3
2016/8/29, , 12, 5
2016/8/30, , 21, 6
2016/8/31, , 26, 5
2016/9/1, , 22, 3
2016/9/2, , 19, 3
2016/9/3, , 16, 4
2016/9/4, , 13, 5
2016/9/5, , 14, 4
2016/9/6, , 14, 4
2016/9/7, , 18, 2
2016/9/8, , 18, 1
2016/9/9, , 15, 3
2016/9/10, , 15, 1
2016/9/11, , 9, 3
2016/9/12, , 13, 5
2016/9/13, , 19, 5
2016/9/14, , 21, 6
2016/9/15, , 23, 4
2016/9/16, , 22, 4
2016/9/17, , 20, 2
2016/9/18, , 8, 3
2016/9/19, , 12, 5
2016/9/20, , 22, 6
2016/9/21, , 27, 7
2016/9/22, , 31, 7
2016/9/23, , 33, 6
2016/9/24, , 25, 4
2016/9/25, , 21, 4
2016/9/26, , 17, 4
2016/9/27, , 18, 2
2016/9/28, , 14, 3
2016/9/29, , 19, 4
2016/9/30, , 20, 4
2016/10/1, , 19, 2
2016/4/2, , 12, 1
2016/4/3, , 7, 1
2016/4/4, , 9, 2
2016/4/5, , 13, 2
2016/4/6, , 21, 1
2016/4/7, , 14, 1
2016/4/8, , 10, 2
2016/4/9, , 13, 2
2016/4/10, , 12, 2
2016/4/11, , 10, 2
2016/4/12, , 17, 3
2016/4/13, , 26, 3
2016/4/14, , 28, 4
2016/4/15, , 32, 5
2016/4/16, , 34, 5
2016/4/17, , 25, 5
2016/4/18, , 27, 5
2016/4/19, , 29, 6
2016/4/20, , 34, 3
2016/4/21, , 30, 3
2016/4/22, , 27, 2
2016/4/23, , 21, 2
2016/4/24, , 16, 3
2016/4/25, , 17, 4
2016/4/26, , 17, 2
2016/4/27, , 18, 3
2016/4/28, , 21, 4
2016/4/29, , 19, 4
2016/4/30, , 19, 3
2016/5/1, , 12, 3
2016/5/2, , 13, 3
2016/5/3, , 18, 4
2016/5/4, , 21, 3
2016/5/5, , 18, 4
2016/5/6, , 21, 3
2016/5/7, , 26, 4
2016/5/8, , 20, 2
2016/5/9, , 14, 4
2016/5/10, , 22, 3
2016/5/11, , 21, 3
2016/5/12, , 28, 2
2016/5/13, , 18, 3
2016/5/14, , 17, 2
2016/5/15, , 14, 1
2016/5/16, , 11, 3
2016/5/17, , 17, 3
2016/5/18, , 26, 3
2016/5/19, , 29, 3
2016/5/20, , 30, 4
2016/5/21, , 30, 3
2016/5/22, , 20, 3
2016/5/23, , 20, 4
2016/5/24, , 29, 4
2016/5/25, , 22, 3
2016/5/26, , 24, 1
2016/5/27, , 19, 2
2016/5/28, , 14, 2
2016/5/29, , 11, 3
2016/5/30, , 15, 2
2016/5/31, , 18, 4
2016/6/1, , 29, 4
2016/6/2, , 24, 3
2016/6/3, , 24, 3
2016/6/4, , 22, 2
2016/6/5, , 17, 2
2016/6/6, , 8, 1
2016/6/7, , 12, 3
2016/6/8, , 25, 3
2016/6/9, , 24, 4
2016/6/10, , 30, 4
2016/6/11, , 30, 3
2016/6/12, , 17, 3
2016/6/13, , 16, 3
2016/6/14, , 29, 4
2016/6/15, , 31, 2
2016/6/16, , 17, 2
2016/6/17, , 20, 3
2016/6/18, , 24, 3
2016/6/19, , 21, 3
2016/6/20, , 13, 2
2016/6/21, , 19, 3
2016/6/22, , 23, 3
2016/6/23, , 26, 3
2016/6/24, , 19, 4
2016/6/25, , 29, 3
2016/6/26, , 24, 3
2016/6/27, , 14, 4
2016/6/28, , 26, 3
2016/6/29, , 26, 3
2016/6/30, , 26, 4
2016/7/1, , 26, 4
2016/1/5, , 20, 3
2016/1/6, , 25, 7
2016/1/7, , 31, 11
2016/1/8, , 38, 6
2016/1/9, , 31, 3
2016/1/10, , 19, 1
2016/1/11, , 7, 2
2016/1/12, , 13, 1
2016/1/13, , 11, 2
2016/1/14, , 22, 3
2016/1/15, , 27, 3
2016/1/16, , 28, 2
2016/1/17, , 9, 1
2016/1/18, , 7, 1
2016/1/19, , 11, 3
2016/1/20, , 21, 3
2016/1/21, , 27, 3
2016/1/22, , 27, 2
2016/1/23, , 20, 3
2016/1/24, , 16, 4
2016/1/25, , 23, 3
2016/1/26, , 29, 2
2016/1/27, , 13, 2
2016/1/28, , 21, 2
2016/1/29, , 19, 4
2016/1/30, , 19, 2
2016/1/31, , 24, 1
2016/2/1, , 22, 3
2016/2/2, , 24, 5
2016/2/3, , 27, 1
2016/2/4, , 10, 2
2016/2/5, , 16, 4
2016/2/6, , 26, 4
2016/2/7, , 22, 5
2016/2/8, , 21, 2
2016/2/9, , 17, 1
2016/2/10, , 10, 2
2016/2/11, , 14, 3
2016/2/12, , 27, 3
2016/2/13, , 23, 3
2016/2/14, , 16, 3
2016/2/15, , 18, 5
2016/2/16, , 29, 4
2016/2/17, , 23, 4
2016/2/18, , 27, 4
2016/2/19, , 26, 1
2016/2/20, , 9, 4
2016/2/21, , 14, 2
2016/2/22, , 17, 2
2016/2/23, , 22, 2
2016/2/24, , 23, 2
2016/2/25, , 16, 1
2016/2/26, , 10, 3
2016/2/27, , 21, 1
2016/2/28, , 15, 2
2016/2/29, , 14, 2
2016/3/1, , 12, 4
2016/3/2, , 22, 4
2016/3/3, , 17, 3
2016/3/4, , 27, 2
2016/3/5, , 19, 
2016/3/6, , 16, 
2016/3/7, , 13, 
2016/3/8, , 25, 2
2016/3/9, , 27, 3
2016/3/10, , 34, 2
2016/3/11, , 16, 3
2016/3/12, , 23, 3
2016/3/13, , 21, 4
2016/3/14, , 20, 2
2016/3/15, , 19, 2
2016/3/16, , 18, 1
2016/3/17, , 7, 2
2016/3/18, , 16, 4
2016/3/19, , 27, 2
2016/3/20, , 16, 2
2016/3/21, , 13, 2
2016/3/22, , 15, 2
2016/3/23, , 19, 3
2016/3/24, , 16, 1
2016/3/25, , 12, 2
2016/3/26, , 16, 4
2016/3/27, , 17, 4
2016/3/28, , 12, 2
2016/3/29, , 12, 3
2016/3/30, , 25, 3
2016/3/31, , 22, 2
2016/4/1, , 17, 2
2015/10/2, , 14, 1
2015/10/3, , 11, 1
2015/10/4, , 9, 2
2015/10/5, , 8, 3
2015/10/6, , 16, 4
2015/10/7, , 26, 5
2015/10/8, , 24, 4
2015/10/9, , 20, 2
2015/10/10, , 20, 4
2015/10/11, , 15, 4
2015/10/12, , 15, 3
2015/10/13, , 17, 1
2015/10/14, , 10, 3
2015/10/15, , 17, 3
2015/10/16, , 17, 2
2015/10/17, , 19, 3
2015/10/18, , 17, 3
2015/10/19, , 16, 4
2015/10/20, , 21, 3
2015/10/21, , 24, 4
2015/10/22, , 23, 5
2015/10/23, , 26, 3
2015/10/24, , 24, 3
2015/10/25, , 13, 2
2015/10/26, , 10, 2
2015/10/27, , 19, 2
2015/10/28, , 16, 1
2015/10/29, , 7, 1
2015/10/30, , 12, 2
2015/10/31, , 12, 2
2015/11/1, , 11, 2
2015/11/2, , 8, 6
2015/11/3, , 17, 7
2015/11/4, , 23, 9
2015/11/5, , 24, 5
2015/11/6, , 17, 1
2015/11/7, , 11, 2
2015/11/8, , 14, 4
2015/11/9, , 14, 4
2015/11/10, , 24, 3
2015/11/11, , 26, 6
2015/11/12, , 18, 1
2015/11/13, , 8, 1
2015/11/14, , 10, 3
2015/11/15, , 20, 7
2015/11/16, , 20, 6
2015/11/17, , 25, 3
2015/11/18, , 25, 2
2015/11/19, , 15, 1
2015/11/20, , 11, 6
2015/11/21, , 27, 3
2015/11/22, , 15, 3
2015/11/23, , 14, 3
2015/11/24, , 22, 7
2015/11/25, , 36, 8
2015/11/26, , 28, 4
2015/11/27, , 22, 2
2015/11/28, , 19, 2
2015/11/29, , 16, 2
2015/11/30, , 11, 4
2015/12/1, , 16, 4
2015/12/2, , 14, 4
2015/12/3, , 15, 3
2015/12/4, , 18, 5
2015/12/5, , 22, 6
2015/12/6, , 20, 7
2015/12/7, , 18, 6
2015/12/8, , 28, 3
2015/12/9, , 24, 4
2015/12/10, , 27, 4
2015/12/11, , 22, 4
2015/12/12, , 23, 3
2015/12/13, , 17, 3
2015/12/14, , 20, 1
2015/12/15, , 8, 3
2015/12/16, , 10, 5
2015/12/17, , 20, 2
2015/12/18, , 12, 1
2015/12/19, , 12, 3
2015/12/20, , 13, 5
2015/12/21, , 20, 2
2015/12/22, , 20, 4
2015/12/23, , 21, 4
2015/12/24, , 14, 5
2015/12/25, , 17, 6
2015/12/26, , 11, 5
2015/12/27, , 12, 2
2015/12/28, , 11, 2
2015/12/29, , 12, 2
2015/12/30, , 7, 3
2015/12/31, , 15, 2
2016/1/1, , 11, 
2016/1/4, , 15, 2
2015/7/2, , 23, 5
2015/7/3, , 22, 3
2015/7/4, , 14, 3
2015/7/5, , 13, 4
2015/7/6, , 19, 3
2015/7/7, , 17, 1
2015/7/8, , 8, 4
2015/7/9, , 18, 2
2015/7/10, , 11, 3
2015/7/11, , 18, 3
2015/7/12, , 15, 3
2015/7/13, , 12, 2
2015/7/14, , 13, 1
2015/7/15, , 14, 2
2015/7/16, , 19, 2
2015/7/17, , 17, 1
2015/7/18, , 11, 1
2015/7/19, , 9, 1
2015/7/20, , 11, 2
2015/7/21, , 14, 2
2015/7/22, , 19, 3
2015/7/23, , 25, 3
2015/7/24, , 25, 3
2015/7/25, , 24, 4
2015/7/26, , 16, 3
2015/7/27, , 19, 3
2015/7/28, , 21, 4
2015/7/29, , 21, 3
2015/7/30, , 21, 2
2015/7/31, , 19, 2
2015/8/1, , 18, 2
2015/8/2, , 16, 2
2015/8/3, , 14, 1
2015/8/4, , 16, 3
2015/8/5, , 18, 3
2015/8/6, , 22, 2
2015/8/7, , 18, 3
2015/8/8, , 21, 3
2015/8/9, , 16, 3
2015/8/10, , 14, 2
2015/8/11, , 16, 3
2015/8/12, , 19, 2
2015/8/13, , 18, 4
2015/8/14, , 22, 4
2015/8/15, , 22, 3
2015/8/16, , 19, 3
2015/8/17, , 14, 3
2015/8/18, , 18, 3
2015/8/19, , 14, 2
2015/8/20, , 13, 2
2015/8/21, , 13, 4
2015/8/22, , 20, 3
2015/8/23, , 18, 3
2015/8/24, , 13, 2
2015/8/25, , 13, 2
2015/8/26, , 18, 3
2015/8/27, , 25, 4
2015/8/28, , 26, 4
2015/8/29, , 23, 3
2015/8/30, , 17, 3
2015/8/31, , 11, 3
2015/9/1, , 17, 4
2015/9/2, , 22, 4
2015/9/3, , 25, 4
2015/9/4, , 25, 3
2015/9/5, , 21, 3
2015/9/6, , 16, 3
2015/9/7, , 14, 4
2015/9/8, , 14, 3
2015/9/9, , 16, 3
2015/9/10, , 22, 3
2015/9/11, , 23, 3
2015/9/12, , 24, 2
2015/9/13, , 10, 2
2015/9/14, , 10, 3
2015/9/15, , 14, 4
2015/9/16, , 19, 4
2015/9/17, , 21, 4
2015/9/18, , 22, 4
2015/9/19, , 21, 2
2015/9/20, , 17, 2
2015/9/21, , 11, 3
2015/9/22, , 24, 4
2015/9/23, , 29, 4
2015/9/24, , 30, 4
2015/9/25, , 33, 3
2015/9/26, , 27, 1
2015/9/27, , 10, 1
2015/9/28, , 7, 3
2015/9/29, , 19, 5
2015/9/30, , 21, 2
2015/10/1, , 16, 2
2015/4/2, , 28, 3
2015/4/3, , 30, 1
2015/4/4, , 17, 1
2015/4/5, , 10, 3
2015/4/6, , 17, 5
2015/4/7, , 27, 4
2015/4/8, , 24, 3
2015/4/9, , 26, 3
2015/4/10, , 24, 1
2015/4/11, , 8, 3
2015/4/12, , 23, 4
2015/4/13, , 22, 4
2015/4/14, , 20, 2
2015/4/15, , 30, 3
2015/4/16, , 35, 2
2015/4/17, , 21, 4
2015/4/18, , 33, 5
2015/4/19, , 28, 2
2015/4/20, , 18, 1
2015/4/21, , 10, 1
2015/4/22, , 10, 2
2015/4/23, , 16, 3
2015/4/24, , 24, 3
2015/4/25, , 27, 2
2015/4/26, , 22, 2
2015/4/27, , 15, 3
2015/4/28, , 25, 3
2015/4/29, , 31, 4
2015/4/30, , 36, 3
2015/5/1, , 29, 3
2015/5/2, , 29, 4
2015/5/3, , 24, 5
2015/5/4, , 17, 4
2015/5/5, , 29, 3
2015/5/6, , 26, 5
2015/5/7, , 39, 4
2015/5/8, , 37, 4
2015/5/9, , 25, 3
2015/5/10, , 25, 2
2015/5/11, , 9, 2
2015/5/12, , 13, 2
2015/5/13, , 14, 2
2015/5/14, , 24, 2
2015/5/15, , 19, 3
2015/5/16, , 20, 1
2015/5/17, , 12, 1
2015/5/18, , 5, 1
2015/5/19, , 8, 2
2015/5/20, , 20, 2
2015/5/21, , 18, 2
2015/5/22, , 22, 2
2015/5/23, , 20, 3
2015/5/24, , 22, 3
2015/5/25, , 16, 1
2015/5/26, , 6, 1
2015/5/27, , 12, 
2015/5/28, , 6, 2
2015/5/29, , 18, 2
2015/5/30, , 14, 2
2015/5/31, , 9, 2
2015/6/1, , 8, 2
2015/6/2, , 14, 2
2015/6/3, , 16, 3
2015/6/4, , 19, 3
2015/6/5, , 19, 3
2015/6/6, , 23, 2
2015/6/7, , 15, 2
2015/6/8, , 8, 1
2015/6/9, , 7, 3
2015/6/10, , 22, 3
2015/6/11, , 14, 2
2015/6/12, , 20, 1
2015/6/13, , 15, 1
2015/6/14, , 7, 
2015/6/15, , 3, 1
2015/6/16, , 8, 2
2015/6/17, , 15, 1
2015/6/18, , 12, 1
2015/6/19, , 12, 3
2015/6/20, , 18, 2
2015/6/21, , 11, 1
2015/6/22, , 7, 1
2015/6/23, , 11, 2
2015/6/24, , 14, 3
2015/6/25, , 25, 3
2015/6/26, , 23, 2
2015/6/27, , 17, 1
2015/6/28, , 8, 1
2015/6/29, , 9, 3
2015/6/30, , 21, 2
2015/7/1, , 19, 3
2015/1/16, , 22, 6
2015/1/17, , 22, 4
2015/1/18, , 20, 3
2015/1/19, , 9, 
2015/1/28, , 27, 5
2015/1/29, , 22, 2
2015/1/30, , 10, 4
2015/1/31, , 22, 4
2015/2/1, , 25, 3
2015/2/2, , 18, 2
2015/2/3, , 14, 2
2015/2/4, , 19, 2
2015/2/5, , 19, 4
2015/2/6, , 30, 5
2015/2/7, , 31, 5
2015/2/8, , 28, 2
2015/2/9, , 9, 3
2015/2/10, , 20, 4
2015/2/11, , 26, 3
2015/2/12, , 19, 2
2015/2/13, , 13, 2
2015/2/14, , 17, 1
2015/2/15, , 6, 2
2015/2/16, , 12, 2
2015/2/17, , 20, 3
2015/2/18, , 29, 1
2015/2/19, , 17, 2
2015/2/20, , 16, 5
2015/2/21, , 28, 5
2015/2/22, , 39, 3
2015/2/23, , 27, 3
2015/2/24, , 27, 5
2015/2/25, , 31, 3
2015/2/26, , 31, 2
2015/2/27, , 31, 3
2015/2/28, , 32, 3
2015/3/1, , 29, 3
2015/3/2, , 34, 3
2015/3/3, , 33, 2
2015/3/4, , 28, 3
2015/3/5, , 26, 2
2015/3/6, , 28, 4
2015/3/7, , 32, 1
2015/3/8, , 22, 4
2015/3/9, , 31, 5
2015/3/10, , 37, 6
2015/3/11, , 38, 3
2015/3/12, , 29, 3
2015/3/13, , 32, 4
2015/3/14, , 34, 2
2015/3/15, , 20, 4
2015/3/16, , 20, 1
2015/3/17, , 16, 2
2015/3/18, , 19, 3
2015/3/19, , 34, 3
2015/3/20, , 34, 3
2015/3/21, , 28, 1
2015/3/22, , 12, 2
2015/3/23, , 16, 2
2015/3/24, , 23, 3
2015/3/25, , 28, 2
2015/3/26, , 22, 3
2015/3/27, , 23, 2
2015/3/28, , 25, 2
2015/3/29, , 20, 2
2015/3/30, , 16, 3
2015/3/31, , 21, 2
2015/4/1, , 23, 3
2018/4/26, , , 4
2018/4/27, , , 4
2018/4/28, , , 3
2018/4/29, , , 3
2018/4/30, , , 5
2018/5/1, , , 4
2016/10/12, , , 4
2016/10/13, , , 5
2016/10/14, , , 6
2016/10/15, , , 5
2016/10/16, , , 4
2016/10/17, , , 1
2016/10/18, , , 2
2016/1/3, , , 2
2015/1/15, , , 3
2015/1/27, , , 4