date, pm25, o3
2025/3/2, 13, 32
2025/3/3, 22, 33
2025/3/4, 37, 38
2025/3/5, 33, 32
2025/3/6, 16, 22
2025/3/7, 13, 37
2025/3/8, 17, 37
2025/3/9, 24, 28
2025/3/10, 28, 
2025/2/2, 20, 
2025/2/3, 24, 
2025/2/4, 48, 
2025/2/5, 34, 
2025/2/6, 24, 
2025/2/7, 23, 
2025/2/8, 23, 
2025/2/9, 30, 
2025/2/10, 24, 
2025/2/11, 36, 
2025/2/12, 36, 
2025/2/13, 40, 
2025/2/14, 20, 
2025/2/15, 22, 
2025/2/16, 31, 
2025/2/17, 21, 
2025/2/18, 15, 
2025/2/19, 26, 
2025/2/20, 32, 
2025/2/21, 30, 
2025/2/22, 29, 
2025/2/23, 37, 
2025/2/24, 40, 20
2025/2/25, 44, 16
2025/2/26, 38, 23
2025/2/27, 35, 24
2025/2/28, 37, 34
2025/3/1, 18, 33
2025/1/2, 21, 
2025/1/3, 14, 
2025/1/4, 18, 
2025/1/5, 14, 
2025/1/6, 24, 
2025/1/7, 35, 
2025/1/8, 17, 
2025/1/9, 18, 
2025/1/10, 15, 
2025/1/11, 34, 
2025/1/12, 40, 
2025/1/13, 41, 
2025/1/14, 50, 
2025/1/15, 21, 
2025/1/16, 30, 
2025/1/17, 38, 
2025/1/18, 35, 
2025/1/19, 37, 
2025/1/20, 46, 
2025/1/21, 29, 
2025/1/22, 34, 
2025/1/23, 47, 
2025/1/24, 60, 
2025/1/25, 55, 
2025/1/26, 57, 
2025/1/27, 35, 
2025/1/28, 35, 
2025/1/29, 28, 
2025/1/30, 21, 
2025/1/31, 21, 
2025/2/1, 26, 
2024/10/2, 15, 10
2024/10/3, 17, 28
2024/10/4, 20, 24
2024/10/5, 29, 34
2024/10/6, 29, 23
2024/10/7, 30, 30
2024/10/8, 42, 31
2024/10/9, 22, 34
2024/10/10, 23, 20
2024/10/11, 24, 25
2024/10/12, 21, 42
2024/10/13, 32, 40
2024/10/14, 45, 27
2024/10/15, 24, 23
2024/10/16, 17, 23
2024/10/17, 17, 28
2024/10/18, 21, 28
2024/10/19, 23, 32
2024/10/20, 34, 38
2024/10/21, 40, 45
2024/10/22, 37, 47
2024/10/23, 37, 43
2024/10/24, 41, 30
2024/10/25, 28, 30
2024/10/26, 23, 31
2024/10/27, 27, 28
2024/10/28, 19, 29
2024/10/29, 38, 33
2024/10/30, 29, 35
2024/10/31, 41, 35
2024/11/1, 28, 32
2024/11/2, 18, 29
2024/11/3, 20, 29
2024/11/4, 26, 27
2024/11/5, 30, 31
2024/11/6, 19, 30
2024/11/7, 26, 29
2024/11/8, 21, 28
2024/11/9, 15, 
2024/11/10, 19, 
2024/11/11, 28, 
2024/11/12, 13, 
2024/11/13, 13, 
2024/11/14, 21, 
2024/11/15, 17, 
2024/11/16, 20, 
2024/11/22, 9, 
2024/11/23, 11, 
2024/11/24, 9, 
2024/11/25, 15, 
2024/11/26, 18, 
2024/11/27, 18, 
2024/11/28, 16, 
2024/11/29, 16, 
2024/11/30, 18, 
2024/12/1, 26, 
2024/12/2, 48, 
2024/12/3, 18, 
2024/12/4, 21, 
2024/12/5, 21, 
2024/12/6, 20, 
2024/12/7, 17, 
2024/12/8, 19, 
2024/12/9, 20, 
2024/12/10, 33, 
2024/12/11, 34, 
2024/12/12, 21, 
2024/12/13, 18, 
2024/12/14, 34, 
2024/12/15, 37, 
2024/12/16, 33, 
2024/12/17, 22, 
2024/12/18, 17, 
2024/12/19, 17, 
2024/12/20, 15, 
2024/12/21, 32, 
2024/12/22, 15, 
2024/12/23, 18, 
2024/12/24, 36, 
2024/12/25, 38, 
2024/12/26, 58, 
2024/12/27, 56, 
2024/12/28, 53, 
2024/12/29, 32, 
2024/12/30, 15, 
2024/7/2, 20, 39
2024/7/3, 17, 45
2024/7/4, 30, 38
2024/7/5, 41, 39
2024/7/6, 48, 39
2024/7/7, 36, 43
2024/7/8, 30, 59
2024/7/9, 33, 47
2024/7/10, 39, 34
2024/7/11, 38, 42
2024/7/12, 19, 25
2024/7/13, 26, 33
2024/7/14, 16, 45
2024/7/15, 43, 46
2024/7/16, 46, 42
2024/7/17, 47, 48
2024/7/18, 36, 28
2024/7/19, 33, 43
2024/7/20, 35, 35
2024/7/21, 36, 40
2024/7/22, 39, 25
2024/7/23, 27, 42
2024/7/24, 26, 32
2024/7/25, 31, 37
2024/7/26, 52, 30
2024/7/27, 35, 31
2024/7/28, 30, 45
2024/7/29, 39, 53
2024/7/30, 48, 30
2024/7/31, 36, 38
2024/8/1, 33, 50
2024/8/2, 51, 38
2024/8/3, 42, 35
2024/8/4, 29, 29
2024/8/5, 27, 48
2024/8/6, 42, 46
2024/8/7, 40, 22
2024/8/8, 19, 12
2024/8/9, 10, 21
2024/8/10, 16, 38
2024/8/11, 34, 32
2024/8/12, 30, 34
2024/8/13, 26, 28
2024/8/14, 25, 29
2024/8/15, 45, 28
2024/8/16, 50, 42
2024/8/17, 50, 31
2024/8/18, 53, 32
2024/8/19, 38, 26
2024/8/20, 16, 24
2024/8/21, 24, 27
2024/8/22, 24, 30
2024/8/23, 31, 42
2024/8/24, 31, 38
2024/8/25, 34, 41
2024/8/26, 38, 38
2024/8/27, 44, 44
2024/8/28, 42, 48
2024/8/29, 48, 45
2024/8/30, 34, 12
2024/8/31, 19, 28
2024/9/1, 18, 30
2024/9/2, 20, 27
2024/9/3, 26, 31
2024/9/4, 17, 39
2024/9/5, 20, 36
2024/9/6, 20, 34
2024/9/7, 21, 20
2024/9/8, 20, 29
2024/9/9, 14, 34
2024/9/10, 18, 40
2024/9/11, 20, 46
2024/9/12, 29, 46
2024/9/13, 28, 33
2024/9/14, 22, 53
2024/9/15, 26, 36
2024/9/16, 35, 31
2024/9/17, 19, 24
2024/9/18, 22, 22
2024/9/19, 19, 27
2024/9/20, 23, 38
2024/9/21, 32, 35
2024/9/22, 22, 24
2024/9/23, 15, 21
2024/9/24, 16, 19
2024/9/25, 14, 16
2024/9/26, 13, 17
2024/9/27, 21, 12
2024/9/28, 12, 28
2024/9/29, 24, 11
2024/9/30, 19, 12
2024/10/1, 21, 16
2024/4/2, 19, 32
2024/4/3, 11, 32
2024/4/4, 8, 31
2024/4/5, 6, 32
2024/4/6, 8, 33
2024/4/7, 9, 36
2024/4/8, 11, 40
2024/4/9, 13, 48
2024/4/10, 28, 44
2024/4/11, 25, 32
2024/4/12, 15, 40
2024/4/13, 11, 41
2024/4/14, 12, 46
2024/4/15, 19, 46
2024/4/16, 19, 48
2024/4/17, 15, 37
2024/4/18, 28, 39
2024/4/19, 25, 25
2024/4/20, 16, 42
2024/4/21, 16, 31
2024/4/22, 11, 39
2024/4/23, 17, 44
2024/4/24, 19, 43
2024/4/25, 21, 26
2024/4/26, 14, 33
2024/4/27, 13, 30
2024/4/28, 13, 42
2024/4/29, 28, 48
2024/4/30, 31, 47
2024/5/1, 32, 43
2024/5/2, 12, 51
2024/5/3, 23, 36
2024/5/4, 21, 23
2024/5/5, 9, 16
2024/5/6, 14, 19
2024/5/7, 13, 35
2024/5/8, 16, 36
2024/5/9, 13, 30
2024/5/10, 16, 23
2024/5/11, 14, 32
2024/5/12, 11, 29
2024/5/13, 10, 40
2024/5/14, 15, 25
2024/5/15, 21, 27
2024/5/16, 9, 34
2024/5/17, 10, 26
2024/5/18, 7, 24
2024/5/21, 27, 43
2024/5/22, 23, 51
2024/5/23, 31, 34
2024/5/24, 31, 55
2024/5/25, 31, 56
2024/5/26, 39, 46
2024/5/27, 27, 28
2024/5/28, 21, 40
2024/5/29, 19, 35
2024/5/30, 15, 37
2024/5/31, 18, 39
2024/6/1, 20, 50
2024/6/2, 24, 42
2024/6/3, 34, 35
2024/6/4, 26, 49
2024/6/5, 25, 30
2024/6/6, 35, 27
2024/6/7, 26, 40
2024/6/8, 24, 39
2024/6/9, 28, 36
2024/6/10, 31, 37
2024/6/11, 28, 29
2024/6/12, 18, 40
2024/6/13, 36, 52
2024/6/14, 49, 46
2024/6/15, 44, 37
2024/6/16, 31, 48
2024/6/17, 39, 51
2024/6/18, 41, 49
2024/6/19, 43, 48
2024/6/20, 26, 46
2024/6/21, 24, 43
2024/6/22, 33, 49
2024/6/23, 52, 33
2024/6/24, 39, 40
2024/6/25, 27, 43
2024/6/26, 34, 47
2024/6/27, 36, 46
2024/6/28, 23, 42
2024/6/29, 24, 42
2024/6/30, 34, 35
2024/7/1, 32, 27
2024/1/2, 35, 
2024/1/3, 19, 
2024/1/4, 27, 
2024/1/5, 25, 
2024/1/6, 27, 
2024/1/7, 34, 
2024/1/8, 26, 
2024/1/9, 29, 
2024/1/10, 27, 
2024/1/11, 8, 
2024/1/12, 12, 
2024/1/13, 19, 
2024/1/14, 9, 
2024/1/15, 10, 
2024/1/16, 19, 
2024/1/17, 42, 
2024/1/18, 30, 
2024/1/19, 52, 
2024/1/20, 49, 
2024/1/21, 21, 
2024/1/22, 20, 
2024/1/23, 45, 
2024/1/24, 56, 
2024/1/25, 59, 
2024/1/26, 32, 
2024/1/27, 10, 
2024/1/28, 12, 
2024/1/29, 11, 
2024/1/30, 9, 
2024/1/31, 12, 
2024/2/1, 25, 
2024/2/2, 31, 
2024/2/3, 16, 
2024/2/4, 11, 
2024/2/5, 34, 
2024/2/6, 29, 
2024/2/7, 26, 
2024/2/8, 26, 
2024/2/9, 36, 
2024/2/10, 35, 
2024/2/11, 46, 
2024/2/12, 31, 12
2024/2/13, 44, 25
2024/2/14, 17, 31
2024/2/15, 13, 26
2024/2/16, 20, 32
2024/2/17, 13, 30
2024/2/18, 15, 33
2024/2/19, 17, 33
2024/2/20, 24, 32
2024/2/21, 37, 31
2024/2/22, 23, 26
2024/2/23, 17, 25
2024/2/24, 32, 30
2024/2/25, 24, 28
2024/2/26, 25, 31
2024/2/27, 21, 35
2024/2/28, 37, 30
2024/2/29, 32, 32
2024/3/1, 12, 33
2024/3/2, 18, 27
2024/3/3, 14, 32
2024/3/4, 23, 33
2024/3/5, 16, 26
2024/3/6, 10, 16
2024/3/7, 12, 29
2024/3/8, 11, 27
2024/3/9, 9, 27
2024/3/10, 10, 31
2024/3/11, 10, 36
2024/3/12, 9, 42
2024/3/13, 13, 45
2024/3/14, 22, 51
2024/3/15, 30, 36
2024/3/16, 19, 37
2024/3/17, 12, 38
2024/3/18, 12, 29
2024/3/19, 11, 33
2024/3/20, 10, 39
2024/3/21, 11, 32
2024/3/22, 15, 30
2024/3/23, 23, 33
2024/3/24, 12, 35
2024/3/25, 12, 35
2024/3/26, 28, 32
2024/3/27, 19, 23
2024/3/28, 15, 36
2024/3/29, 15, 43
2024/3/30, 15, 39
2024/3/31, 23, 41
2024/4/1, 27, 28
2023/10/2, 24, 27
2023/10/3, 25, 33
2023/10/4, 22, 48
2023/10/5, 34, 26
2023/10/6, 23, 24
2023/10/7, 15, 24
2023/10/8, 10, 24
2023/10/9, 11, 21
2023/10/10, 13, 26
2023/10/11, 18, 36
2023/10/12, 21, 38
2023/10/13, 22, 26
2023/10/14, 24, 18
2023/10/15, 23, 18
2023/10/16, 10, 15
2023/10/17, 13, 17
2023/10/18, 13, 23
2023/10/19, 22, 31
2023/10/20, 28, 21
2023/10/21, 26, 21
2023/10/22, 11, 26
2023/10/23, 18, 30
2023/10/24, 17, 29
2023/10/25, 28, 34
2023/10/26, 25, 39
2023/10/27, 30, 31
2023/10/28, 33, 30
2023/10/29, 29, 16
2023/10/30, 32, 19
2023/10/31, 18, 27
2023/11/1, 20, 22
2023/11/2, 29, 26
2023/11/3, 19, 30
2023/11/4, 32, 36
2023/11/5, 37, 42
2023/11/6, 71, 29
2023/11/7, 43, 36
2023/11/8, 48, 27
2023/11/9, 18, 26
2023/11/10, 30, 21
2023/11/11, 19, 28
2023/11/12, 28, 23
2023/11/13, 35, 20
2023/11/14, 44, 25
2023/11/15, 29, 22
2023/11/16, 36, 35
2023/11/17, 44, 30
2023/11/18, 31, 24
2023/11/19, 20, 29
2023/11/20, 26, 23
2023/11/21, 33, 25
2023/11/22, 19, 19
2023/11/23, 13, 27
2023/11/24, 25, 24
2023/11/25, 34, 26
2023/11/26, 22, 22
2023/11/27, 37, 23
2023/11/28, 21, 28
2023/11/29, 21, 
2023/11/30, 26, 
2023/12/1, 26, 
2023/12/2, 40, 
2023/12/5, 35, 
2023/12/6, 25, 
2023/12/7, 28, 
2023/12/8, 16, 
2023/12/9, 39, 
2023/12/10, 55, 
2023/12/11, 29, 
2023/12/12, 17, 
2023/12/13, 25, 
2023/12/14, 36, 
2023/12/15, 32, 
2023/12/16, 34, 
2023/12/17, 36, 
2023/12/18, 35, 
2023/12/19, 9, 
2023/12/20, 14, 
2023/12/21, 31, 
2023/12/22, 41, 
2023/12/23, 47, 
2023/12/24, 33, 
2023/12/25, 45, 
2023/12/26, 43, 
2023/12/27, 29, 
2023/12/28, 14, 
2023/12/29, 14, 
2023/12/30, 19, 
2023/12/31, 13, 
2024/1/1, 19, 
2023/7/2, 73, 25
2023/7/3, 20, 35
2023/7/4, 16, 33
2023/7/5, 11, 31
2023/7/6, 22, 40
2023/7/7, 21, 42
2023/7/8, 33, 37
2023/7/9, 25, 26
2023/7/10, 20, 38
2023/7/11, 14, 49
2023/7/12, 16, 46
2023/7/13, 24, 43
2023/7/14, 33, 39
2023/7/15, 9, 31
2023/7/16, 24, 22
2023/7/17, 8, 45
2023/7/18, 80, 46
2023/7/19, 71, 33
2023/7/20, 33, 42
2023/7/21, 38, 40
2023/7/22, 25, 27
2023/7/23, 12, 33
2023/7/24, 18, 37
2023/7/25, 14, 42
2023/7/26, 16, 56
2023/7/27, 30, 34
2023/7/28, 34, 41
2023/7/29, 23, 31
2023/7/30, 16, 26
2023/7/31, 11, 32
2023/8/1, 10, 26
2023/8/2, 22, 41
2023/8/3, 24, 33
2023/8/4, 30, 35
2023/8/5, 36, 30
2023/8/6, 35, 38
2023/8/7, 33, 32
2023/8/8, 17, 30
2023/8/9, 21, 39
2023/8/10, 19, 30
2023/8/11, 21, 39
2023/8/12, 22, 39
2023/8/13, 33, 32
2023/8/14, 12, 33
2023/8/15, 14, 29
2023/8/16, 12, 32
2023/8/17, 13, 38
2023/8/18, 12, 33
2023/8/19, 20, 38
2023/8/20, 31, 37
2023/8/21, 30, 37
2023/8/22, 36, 34
2023/8/23, 49, 41
2023/8/24, 27, 36
2023/8/25, 29, 37
2023/8/26, 31, 28
2023/8/27, 19, 32
2023/8/28, 32, 19
2023/8/29, 22, 18
2023/8/30, 15, 38
2023/8/31, 23, 32
2023/9/1, 11, 36
2023/9/2, 15, 39
2023/9/3, 22, 41
2023/9/4, 30, 37
2023/9/5, 24, 38
2023/9/6, 29, 38
2023/9/7, 29, 38
2023/9/8, 39, 39
2023/9/9, 33, 30
2023/9/10, 21, 23
2023/9/11, 15, 27
2023/9/12, 17, 38
2023/9/13, 21, 30
2023/9/14, 20, 29
2023/9/15, 17, 29
2023/9/16, 19, 33
2023/9/17, 27, 22
2023/9/18, 33, 31
2023/9/19, 27, 27
2023/9/20, 26, 34
2023/9/21, 26, 32
2023/9/22, 26, 28
2023/9/23, 25, 17
2023/9/24, 15, 16
2023/9/25, 7, 17
2023/9/26, 7, 12
2023/9/27, 20, 23
2023/9/28, 32, 22
2023/9/29, 30, 15
2023/9/30, 15, 23
2023/10/1, 16, 25
2023/4/2, 21, 40
2023/4/3, 14, 38
2023/4/4, 24, 47
2023/4/5, 31, 33
2023/4/6, 41, 38
2023/4/7, 18, 33
2023/4/8, 10, 37
2023/4/9, 14, 42
2023/4/10, 33, 45
2023/4/11, 18, 46
2023/4/12, 16, 49
2023/4/13, 28, 57
2023/4/14, 32, 43
2023/4/15, 38, 37
2023/4/16, 14, 41
2023/4/17, 24, 38
2023/4/18, 14, 47
2023/4/19, 16, 49
2023/4/20, 24, 55
2023/4/21, 37, 56
2023/4/22, 49, 44
2023/4/23, 48, 34
2023/4/24, 15, 36
2023/4/25, 18, 37
2023/4/26, 24, 42
2023/4/27, 26, 38
2023/4/28, 33, 33
2023/4/29, 18, 30
2023/4/30, 12, 32
2023/5/1, 13, 28
2023/5/2, 13, 22
2023/5/3, 7, 23
2023/5/4, 8, 25
2023/5/5, 8, 31
2023/5/6, 14, 37
2023/5/7, 16, 35
2023/5/8, 31, 41
2023/5/9, 22, 27
2023/5/10, 17, 36
2023/5/11, 21, 50
2023/5/12, 39, 61
2023/5/13, 54, 31
2023/5/14, 43, 36
2023/5/15, 26, 40
2023/5/16, 17, 38
2023/5/17, 25, 37
2023/5/18, 21, 40
2023/5/19, 15, 38
2023/5/20, 14, 43
2023/5/23, 37, 34
2023/5/24, 51, 46
2023/5/25, 42, 39
2023/5/26, 20, 42
2023/5/27, 20, 39
2023/5/28, 22, 35
2023/5/29, 23, 24
2023/5/30, 18, 36
2023/5/31, 53, 46
2023/6/1, 48, 62
2023/6/2, 61, 55
2023/6/3, 58, 45
2023/6/4, 48, 35
2023/6/5, 20, 35
2023/6/6, 20, 50
2023/6/7, 67, 50
2023/6/8, 135, 47
2023/6/9, 139, 33
2023/6/10, 55, 43
2023/6/11, 44, 56
2023/6/12, 58, 40
2023/6/13, 40, 42
2023/6/14, 16, 41
2023/6/15, 19, 46
2023/6/16, 15, 45
2023/6/17, 35, 36
2023/6/18, 58, 46
2023/6/19, 48, 48
2023/6/20, 57, 36
2023/6/21, 47, 23
2023/6/22, 14, 16
2023/6/23, 9, 15
2023/6/24, 7, 28
2023/6/25, 9, 32
2023/6/26, 9, 38
2023/6/27, 27, 34
2023/6/28, 10, 39
2023/6/29, 88, 61
2023/6/30, 156, 39
2023/7/1, 93, 36
2023/1/3, 35, 
2023/1/4, 33, 
2023/1/5, 18, 
2023/1/6, 11, 
2023/1/7, 14, 
2023/1/8, 18, 
2023/1/9, 21, 
2023/1/10, 23, 
2023/1/11, 34, 
2023/1/12, 55, 
2023/1/13, 38, 
2023/1/14, 14, 
2023/1/15, 16, 
2023/1/16, 18, 
2023/1/17, 18, 
2023/1/18, 33, 
2023/1/19, 22, 
2023/1/20, 18, 
2023/1/21, 16, 
2023/1/22, 10, 
2023/1/23, 37, 
2023/1/24, 13, 
2023/1/25, 20, 
2023/1/26, 29, 
2023/1/27, 10, 
2023/1/28, 15, 
2023/1/29, 23, 
2023/1/30, 39, 
2023/1/31, 34, 
2023/2/1, 20, 
2023/2/2, 38, 
2023/2/3, 44, 
2023/2/4, 18, 
2023/2/5, 16, 
2023/2/6, 20, 
2023/2/7, 30, 21
2023/2/8, 47, 32
2023/2/9, 40, 32
2023/2/10, 37, 32
2023/2/11, 17, 32
2023/2/12, 20, 24
2023/2/13, 28, 30
2023/2/14, 16, 33
2023/2/15, 17, 37
2023/2/16, 18, 23
2023/2/17, 32, 27
2023/2/18, 19, 29
2023/2/19, 17, 35
2023/2/20, 22, 30
2023/2/21, 21, 33
2023/2/22, 24, 25
2023/2/23, 10, 30
2023/2/24, 21, 31
2023/2/25, 15, 23
2023/2/26, 23, 33
2023/2/27, 30, 30
2023/2/28, 23, 27
2023/3/1, 15, 31
2023/3/2, 18, 35
2023/3/3, 22, 31
2023/3/4, 19, 35
2023/3/5, 11, 38
2023/3/6, 19, 36
2023/3/7, 14, 36
2023/3/8, 19, 33
2023/3/9, 11, 34
2023/3/10, 15, 21
2023/3/11, 17, 31
2023/3/12, 14, 25
2023/3/13, 25, 27
2023/3/14, 21, 30
2023/3/15, 14, 38
2023/3/16, 11, 40
2023/3/17, 14, 35
2023/3/18, 47, 36
2023/3/19, 11, 34
2023/3/20, 13, 37
2023/3/21, 19, 37
2023/3/22, 30, 44
2023/3/23, 37, 35
2023/3/24, 46, 26
2023/3/25, 17, 28
2023/3/26, 21, 40
2023/3/27, 13, 31
2023/3/28, 33, 36
2023/3/29, 16, 41
2023/3/30, 20, 40
2023/3/31, 16, 40
2023/4/1, 26, 39
2022/10/2, 13, 15
2022/10/3, 11, 16
2022/10/4, 12, 22
2022/10/5, 12, 18
2022/10/6, 11, 32
2022/10/7, 15, 38
2022/10/8, 26, 20
2022/10/9, 17, 28
2022/10/10, 26, 33
2022/10/11, 29, 38
2022/10/12, 29, 37
2022/10/13, 29, 26
2022/10/14, 17, 28
2022/10/15, 16, 33
2022/10/16, 33, 28
2022/10/17, 29, 24
2022/10/18, 27, 20
2022/10/19, 11, 17
2022/10/20, 15, 25
2022/10/21, 17, 32
2022/10/22, 27, 35
2022/10/23, 40, 27
2022/10/24, 39, 17
2022/10/25, 18, 12
2022/10/26, 21, 22
2022/10/27, 19, 25
2022/10/28, 13, 18
2022/10/29, 17, 29
2022/10/30, 23, 29
2022/10/31, 41, 15
2022/11/1, 32, 28
2022/11/2, 27, 5
2022/11/3, 35, 
2022/11/4, 31, 
2022/11/5, 24, 
2022/11/6, 19, 
2022/11/7, 16, 
2022/11/8, 20, 
2022/11/9, 16, 
2022/11/10, 18, 
2022/11/11, 21, 
2022/11/12, 16, 
2022/11/13, 21, 
2022/11/14, 13, 
2022/11/15, 11, 
2022/11/16, 15, 
2022/11/17, 15, 
2022/11/18, 19, 
2022/11/19, 27, 
2022/11/22, 25, 
2022/11/23, 26, 
2022/11/24, 39, 
2022/11/25, 62, 
2022/11/26, 29, 
2022/11/27, 22, 
2022/11/28, 32, 
2022/11/29, 14, 
2022/11/30, 22, 
2022/12/1, 14, 
2022/12/2, 25, 
2022/12/3, 35, 
2022/12/4, 18, 
2022/12/5, 30, 
2022/12/6, 44, 
2022/12/7, 35, 
2022/12/8, 25, 
2022/12/9, 16, 
2022/12/10, 18, 
2022/12/11, 30, 
2022/12/12, 30, 
2022/12/13, 20, 
2022/12/14, 20, 
2022/12/15, 37, 
2022/12/16, 22, 
2022/12/17, 16, 
2022/12/18, 19, 
2022/12/19, 20, 
2022/12/20, 17, 
2022/12/21, 27, 
2022/12/22, 46, 
2022/12/23, 26, 
2022/12/24, 16, 
2022/12/25, 26, 
2022/12/26, 42, 
2022/12/27, 28, 
2022/12/28, 46, 
2022/12/29, 47, 
2022/12/30, 52, 
2022/12/31, 56, 
2023/1/1, 25, 
2023/1/2, 21, 
2022/7/2, 44, 33
2022/7/3, 24, 35
2022/7/4, 24, 39
2022/7/5, 36, 30
2022/7/6, 55, 35
2022/7/7, 19, 33
2022/7/8, 19, 39
2022/7/9, 27, 24
2022/7/10, 19, 36
2022/7/11, 29, 59
2022/7/12, 33, 32
2022/7/13, 19, 40
2022/7/14, 24, 41
2022/7/15, 24, 40
2022/7/16, 29, 38
2022/7/17, 35, 33
2022/7/18, 32, 27
2022/7/19, 22, 39
2022/7/20, 27, 44
2022/7/21, 33, 38
2022/7/22, 37, 44
2022/7/23, 44, 44
2022/7/24, 43, 46
2022/7/25, 35, 29
2022/7/26, 32, 19
2022/7/27, 25, 33
2022/7/28, 27, 32
2022/7/29, 17, 23
2022/7/30, 21, 35
2022/7/31, 20, 29
2022/8/1, 24, 30
2022/8/2, 21, 36
2022/8/3, 19, 43
2022/8/4, 28, 43
2022/8/5, 29, 37
2022/8/6, 18, 29
2022/8/7, 18, 25
2022/8/8, 19, 29
2022/8/9, 20, 31
2022/8/10, 21, 33
2022/8/11, 18, 38
2022/8/12, 19, 27
2022/8/13, 15, 32
2022/8/14, 13, 36
2022/8/15, 22, 22
2022/8/16, 20, 39
2022/8/17, 24, 36
2022/8/18, 20, 35
2022/8/19, 16, 41
2022/8/20, 25, 42
2022/8/21, 25, 23
2022/8/22, 13, 29
2022/8/23, 14, 36
2022/8/24, 18, 36
2022/8/25, 25, 33
2022/8/26, 30, 36
2022/8/27, 38, 37
2022/8/28, 31, 35
2022/8/30, 29, 32
2022/8/31, 17, 30
2022/9/1, 18, 31
2022/9/2, 17, 36
2022/9/3, 15, 39
2022/9/4, 18, 36
2022/9/5, 27, 27
2022/9/6, 23, 22
2022/9/7, 11, 15
2022/9/8, 12, 22
2022/9/9, 15, 38
2022/9/10, 18, 24
2022/9/11, 19, 15
2022/9/12, 14, 18
2022/9/13, 10, 27
2022/9/14, 17, 33
2022/9/15, 23, 30
2022/9/16, 25, 30
2022/9/17, 20, 43
2022/9/18, 37, 35
2022/9/19, 38, 35
2022/9/20, 36, 35
2022/9/21, 30, 46
2022/9/22, 33, 27
2022/9/23, 23, 27
2022/9/24, 10, 28
2022/9/25, 18, 24
2022/9/26, 29, 28
2022/9/27, 17, 28
2022/9/28, 13, 19
2022/9/29, 13, 21
2022/9/30, 11, 13
2022/10/1, 13, 13
2022/4/2, 27, 36
2022/4/3, 29, 36
2022/4/4, 34, 37
2022/4/5, 34, 30
2022/4/6, 45, 31
2022/4/7, 21, 31
2022/4/8, 23, 37
2022/4/9, 29, 30
2022/4/10, 20, 33
2022/4/11, 22, 36
2022/4/12, 35, 37
2022/4/13, 24, 45
2022/4/14, 41, 36
2022/4/15, 39, 43
2022/4/16, 26, 45
2022/4/17, 33, 32
2022/4/18, 28, 23
2022/4/19, 24, 29
2022/4/20, 26, 36
2022/4/21, 25, 37
2022/4/22, 31, 43
2022/4/23, 33, 48
2022/4/24, 40, 50
2022/4/25, 42, 35
2022/4/26, 42, 28
2022/4/27, 40, 33
2022/4/28, 35, 35
2022/4/29, 23, 42
2022/4/30, 30, 43
2022/5/1, 36, 31
2022/5/2, 50, 43
2022/5/3, 48, 37
2022/5/4, 53, 32
2022/5/5, 34, 27
2022/5/6, 31, 32
2022/5/7, 27, 35
2022/5/8, 17, 36
2022/5/9, 30, 46
2022/5/10, 29, 47
2022/5/11, 34, 39
2022/5/12, 36, 27
2022/5/13, 32, 14
2022/5/14, 22, 17
2022/5/15, 18, 32
2022/5/16, 26, 36
2022/5/17, 26, 47
2022/5/18, 33, 31
2022/5/19, 29, 40
2022/5/20, 34, 51
2022/5/21, 54, 44
2022/5/22, 53, 32
2022/5/23, 43, 30
2022/5/24, 26, 23
2022/5/25, 28, 27
2022/5/28, 15, 29
2022/5/29, 11, 38
2022/5/30, 22, 39
2022/5/31, 29, 40
2022/6/1, 40, 38
2022/6/2, 47, 34
2022/6/3, 38, 35
2022/6/4, 22, 49
2022/6/5, 28, 43
2022/6/6, 28, 47
2022/6/7, 22, 36
2022/6/8, 23, 41
2022/6/9, 28, 40
2022/6/10, 20, 37
2022/6/11, 15, 22
2022/6/12, 26, 37
2022/6/13, 28, 36
2022/6/14, 30, 29
2022/6/15, 35, 56
2022/6/16, 38, 37
2022/6/17, 36, 46
2022/6/18, 29, 32
2022/6/19, 19, 34
2022/6/20, 20, 42
2022/6/21, 26, 49
2022/6/22, 28, 41
2022/6/23, 44, 30
2022/6/24, 13, 47
2022/6/25, 29, 42
2022/6/26, 35, 38
2022/6/27, 29, 29
2022/6/28, 37, 38
2022/6/29, 17, 43
2022/6/30, 30, 67
2022/7/1, 41, 37
2022/1/4, 34, 
2022/1/5, 49, 
2022/1/6, 51, 
2022/1/7, 48, 
2022/1/8, 44, 
2022/1/9, 49, 
2022/1/10, 49, 
2022/1/11, 33, 
2022/1/12, 42, 
2022/1/13, 53, 
2022/1/14, 63, 
2022/1/15, 58, 
2022/1/18, 25, 
2022/1/20, 35, 
2022/1/21, 45, 
2022/1/22, 38, 
2022/1/23, 50, 
2022/1/24, 59, 
2022/1/25, 54, 
2022/1/26, 47, 
2022/1/27, 48, 
2022/1/28, 66, 
2022/1/29, 64, 
2022/1/30, 38, 
2022/1/31, 46, 
2022/2/1, 58, 
2022/2/2, 60, 
2022/2/3, 54, 
2022/2/4, 35, 
2022/2/5, 27, 
2022/2/6, 41, 
2022/2/7, 49, 
2022/2/8, 46, 
2022/2/9, 51, 
2022/2/10, 51, 
2022/2/11, 36, 
2022/2/12, 42, 
2022/2/13, 38, 
2022/2/14, 40, 
2022/2/15, 48, 
2022/2/16, 56, 
2022/2/17, 50, 
2022/2/18, 34, 17
2022/2/19, 26, 19
2022/2/20, 35, 14
2022/2/21, 38, 35
2022/2/22, 37, 29
2022/2/23, 37, 30
2022/2/24, 30, 20
2022/2/25, 39, 24
2022/2/26, 25, 31
2022/2/27, 47, 39
2022/2/28, 38, 39
2022/3/1, 38, 33
2022/3/2, 42, 37
2022/3/3, 36, 35
2022/3/4, 26, 31
2022/3/5, 40, 38
2022/3/6, 41, 34
2022/3/7, 53, 31
2022/3/8, 29, 35
2022/3/9, 31, 30
2022/3/10, 28, 31
2022/3/11, 43, 37
2022/3/12, 39, 35
2022/3/13, 38, 34
2022/3/14, 36, 41
2022/3/15, 38, 45
2022/3/16, 33, 46
2022/3/17, 44, 32
2022/3/18, 50, 41
2022/3/19, 41, 35
2022/3/20, 34, 32
2022/3/21, 18, 42
2022/3/22, 30, 42
2022/3/23, 34, 28
2022/3/24, 28, 20
2022/3/25, 29, 36
2022/3/26, 30, 33
2022/3/27, 22, 29
2022/3/28, 24, 33
2022/3/29, 30, 35
2022/3/30, 36, 35
2022/3/31, 42, 36
2022/4/1, 42, 32
2021/10/2, 25, 35
2021/10/3, 30, 34
2021/10/4, 49, 26
2021/10/5, 26, 18
2021/10/6, 28, 12
2021/10/7, 22, 24
2021/10/8, 13, 28
2021/10/9, 18, 28
2021/10/10, 20, 20
2021/10/11, 17, 18
2021/10/12, 16, 22
2021/10/13, 11, 21
2021/10/14, 17, 31
2021/10/15, 26, 31
2021/10/16, 25, 27
2021/10/17, 31, 26
2021/10/18, 21, 31
2021/10/19, 21, 35
2021/10/20, 22, 41
2021/10/21, 25, 35
2021/10/22, 31, 26
2021/10/23, 17, 20
2021/10/24, 18, 27
2021/10/25, 22, 36
2021/10/26, 32, 17
2021/10/27, 11, 24
2021/10/28, 13, 23
2021/10/29, 18, 24
2021/10/30, 11, 19
2021/10/31, 19, 24
2021/11/1, 17, 28
2021/11/2, 23, 21
2021/11/3, 25, 
2021/11/4, 27, 
2021/11/5, 22, 
2021/11/6, 30, 
2021/11/7, 34, 
2021/11/8, 43, 
2021/11/9, 38, 
2021/11/10, 35, 
2021/11/11, 41, 
2021/11/12, 39, 
2021/11/13, 21, 
2021/11/14, 30, 
2021/11/15, 24, 
2021/11/16, 16, 
2021/11/17, 28, 
2021/11/18, 47, 
2021/11/19, 44, 
2021/11/20, 23, 
2021/11/21, 34, 
2021/11/22, 43, 
2021/11/23, 29, 
2021/11/24, 23, 
2021/11/25, 44, 
2021/11/26, 60, 
2021/11/27, 30, 
2021/11/28, 26, 
2021/11/29, 36, 
2021/11/30, 29, 
2021/12/1, 33, 
2021/12/2, 44, 
2021/12/3, 38, 
2021/12/4, 21, 
2021/12/5, 29, 
2021/12/6, 35, 
2021/12/7, 39, 
2021/12/8, 27, 
2021/12/9, 37, 
2021/12/10, 45, 
2021/12/11, 53, 
2021/12/12, 38, 
2021/12/13, 20, 
2021/12/14, 40, 
2021/12/15, 50, 
2021/12/18, 31, 
2021/12/19, 43, 
2021/12/20, 28, 
2021/12/21, 43, 
2021/12/22, 55, 
2021/12/23, 54, 
2021/12/24, 52, 
2021/12/25, 47, 
2021/12/26, 43, 
2021/12/27, 34, 
2021/12/28, 46, 
2021/12/29, 42, 
2021/12/30, 48, 
2021/12/31, 47, 
2022/1/1, 41, 
2022/1/2, 41, 
2022/1/3, 22, 
2021/7/2, 12, 30
2021/7/3, 19, 26
2021/7/4, 10, 32
2021/7/5, 22, 40
2021/7/6, 62, 41
2021/7/7, 55, 42
2021/7/8, 64, 29
2021/7/9, 43, 29
2021/7/10, 15, 29
2021/7/11, 17, 33
2021/7/12, 32, 32
2021/7/13, 30, 31
2021/7/14, 26, 34
2021/7/15, 21, 43
2021/7/16, 29, 41
2021/7/17, 36, 38
2021/7/18, 37, 31
2021/7/19, 21, 32
2021/7/20, 60, 39
2021/7/21, 77, 43
2021/7/22, 80, 28
2021/7/23, 33, 30
2021/7/24, 31, 42
2021/7/25, 39, 31
2021/7/26, 54, 41
2021/7/27, 45, 51
2021/7/28, 39, 49
2021/7/29, 45, 43
2021/7/30, 48, 39
2021/7/31, 44, 37
2021/8/1, 32, 26
2021/8/2, 41, 31
2021/8/3, 40, 33
2021/8/4, 23, 42
2021/8/5, 28, 44
2021/8/6, 34, 52
2021/8/7, 36, 34
2021/8/8, 30, 44
2021/8/9, 23, 43
2021/8/10, 33, 42
2021/8/11, 34, 34
2021/8/12, 26, 37
2021/8/13, 25, 36
2021/8/14, 23, 32
2021/8/15, 20, 34
2021/8/16, 17, 26
2021/8/17, 24, 22
2021/8/18, 17, 18
2021/8/19, 14, 26
2021/8/20, 9, 23
2021/8/21, 14, 30
2021/8/22, 19, 24
2021/8/23, 24, 38
2021/8/24, 40, 42
2021/8/25, 38, 65
2021/8/26, 46, 39
2021/8/27, 26, 40
2021/8/28, 27, 40
2021/8/29, 32, 30
2021/8/30, 24, 33
2021/8/31, 15, 24
2021/9/1, 20, 32
2021/9/2, 23, 28
2021/9/3, 16, 29
2021/9/4, 19, 35
2021/9/5, 17, 20
2021/9/6, 27, 37
2021/9/7, 17, 45
2021/9/8, 23, 39
2021/9/9, 34, 25
2021/9/10, 20, 28
2021/9/11, 16, 34
2021/9/12, 21, 34
2021/9/13, 24, 34
2021/9/14, 41, 44
2021/9/15, 47, 39
2021/9/16, 45, 30
2021/9/17, 22, 19
2021/9/18, 15, 30
2021/9/19, 21, 29
2021/9/20, 26, 31
2021/9/21, 15, 19
2021/9/22, 10, 23
2021/9/23, 9, 27
2021/9/24, 13, 30
2021/9/25, 13, 32
2021/9/26, 23, 32
2021/9/27, 25, 35
2021/9/28, 25, 32
2021/9/29, 37, 26
2021/9/30, 25, 29
2021/10/1, 20, 23
2021/4/2, 21, 35
2021/4/3, 17, 36
2021/4/4, 23, 48
2021/4/5, 37, 46
2021/4/6, 32, 51
2021/4/7, 35, 55
2021/4/8, 43, 37
2021/4/9, 15, 25
2021/4/10, 18, 35
2021/4/11, 28, 41
2021/4/12, 15, 28
2021/4/13, 20, 29
2021/4/14, 17, 24
2021/4/15, 28, 34
2021/4/16, 18, 30
2021/4/17, 16, 30
2021/4/18, 22, 34
2021/4/19, 30, 36
2021/4/20, 30, 44
2021/4/21, 26, 36
2021/4/22, 24, 36
2021/4/23, 24, 46
2021/4/24, 30, 46
2021/4/25, 36, 39
2021/4/26, 36, 42
2021/4/27, 19, 48
2021/4/28, 33, 45
2021/4/29, 39, 35
2021/4/30, 33, 37
2021/5/1, 15, 37
2021/5/2, 15, 44
2021/5/3, 26, 36
2021/5/4, 28, 34
2021/5/5, 15, 32
2021/5/6, 16, 31
2021/5/7, 15, 28
2021/5/8, 20, 33
2021/5/9, 18, 32
2021/5/10, 19, 36
2021/5/11, 18, 39
2021/5/12, 27, 30
2021/5/13, 14, 35
2021/5/14, 19, 36
2021/5/15, 23, 46
2021/5/16, 29, 35
2021/5/17, 31, 44
2021/5/18, 26, 52
2021/5/19, 33, 54
2021/5/20, 29, 67
2021/5/21, 38, 65
2021/5/22, 31, 49
2021/5/23, 37, 46
2021/5/24, 38, 21
2021/5/25, 20, 33
2021/5/26, 26, 46
2021/5/27, 43, 40
2021/5/28, 23, 30
2021/5/29, 24, 22
2021/5/30, 9, 19
2021/5/31, 14, 33
2021/6/1, 22, 39
2021/6/2, 28, 40
2021/6/3, 25, 28
2021/6/4, 13, 40
2021/6/5, 14, 57
2021/6/6, 33, 46
2021/6/7, 38, 38
2021/6/8, 37, 33
2021/6/9, 34, 34
2021/6/10, 28, 36
2021/6/11, 19, 18
2021/6/12, 13, 28
2021/6/13, 19, 25
2021/6/14, 19, 42
2021/6/15, 23, 32
2021/6/16, 21, 39
2021/6/17, 19, 43
2021/6/18, 22, 49
2021/6/19, 31, 37
2021/6/20, 38, 38
2021/6/21, 32, 36
2021/6/22, 29, 19
2021/6/23, 17, 33
2021/6/24, 16, 42
2021/6/25, 22, 40
2021/6/26, 19, 22
2021/6/27, 13, 20
2021/6/28, 20, 29
2021/6/29, 29, 28
2021/6/30, 17, 34
2021/7/1, 16, 28
2021/1/5, 31, 
2021/1/6, 34, 
2021/1/7, 28, 
2021/1/8, 27, 
2021/1/9, 27, 
2021/1/10, 23, 
2021/1/11, 36, 
2021/1/12, 62, 
2021/1/13, 58, 
2021/1/14, 59, 
2021/1/15, 52, 
2021/1/16, 61, 
2021/1/17, 29, 
2021/1/18, 14, 
2021/1/19, 21, 
2021/1/20, 24, 
2021/1/21, 33, 19
2021/1/22, 37, 21
2021/1/23, 22, 21
2021/1/24, 24, 21
2021/1/25, 32, 12
2021/1/26, 51, 10
2021/1/27, 42, 18
2021/1/28, 27, 21
2021/1/29, 26, 22
2021/1/30, 22, 23
2021/1/31, 31, 17
2021/2/1, 44, 21
2021/2/2, 29, 24
2021/2/3, 23, 30
2021/2/4, 22, 33
2021/2/5, 30, 30
2021/2/6, 27, 28
2021/2/7, 23, 32
2021/2/8, 35, 27
2021/2/9, 42, 25
2021/2/10, 44, 23
2021/2/11, 54, 23
2021/2/12, 55, 28
2021/2/13, 50, 24
2021/2/14, 55, 26
2021/2/15, 54, 22
2021/2/16, 56, 24
2021/2/17, 24, 30
2021/2/18, 37, 19
2021/2/19, 41, 31
2021/2/20, 40, 36
2021/2/21, 48, 38
2021/2/22, 57, 31
2021/2/23, 38, 34
2021/2/24, 28, 37
2021/2/25, 26, 36
2021/2/26, 27, 34
2021/2/27, 32, 29
2021/2/28, 24, 21
2021/3/1, 42, 31
2021/3/2, 24, 34
2021/3/3, 20, 34
2021/3/4, 28, 33
2021/3/5, 26, 33
2021/3/6, 21, 34
2021/3/7, 22, 36
2021/3/8, 30, 36
2021/3/9, 43, 46
2021/3/10, 49, 46
2021/3/11, 53, 49
2021/3/12, 58, 37
2021/3/13, 28, 40
2021/3/14, 17, 40
2021/3/15, 24, 36
2021/3/16, 21, 31
2021/3/17, 34, 26
2021/3/18, 38, 23
2021/3/19, 17, 34
2021/3/20, 20, 38
2021/3/21, 28, 41
2021/3/22, 41, 40
2021/3/23, 29, 36
2021/3/24, 25, 24
2021/3/25, 16, 19
2021/3/26, 32, 40
2021/3/27, 27, 40
2021/3/28, 20, 30
2021/3/29, 21, 36
2021/3/30, 20, 42
2021/3/31, 30, 30
2021/4/1, 22, 31
2020/10/2, 25, 22
2020/10/3, 18, 25
2020/10/4, 27, 30
2020/10/5, 37, 25
2020/10/6, 29, 32
2020/10/7, 23, 36
2020/10/8, 30, 26
2020/10/9, 16, 30
2020/10/10, 18, 23
2020/10/11, 31, 16
2020/10/12, 22, 15
2020/10/13, 8, 23
2020/10/14, 12, 32
2020/10/15, 21, 32
2020/10/16, 31, 27
2020/10/17, 20, 27
2020/10/18, 25, 30
2020/10/19, 36, 26
2020/10/20, 25, 27
2020/10/21, 27, 20
2020/10/22, 20, 23
2020/10/23, 32, 22
2020/10/24, 27, 15
2020/10/25, 20, 12
2020/10/26, 16, 6
2020/10/27, 21, 6
2020/10/28, 24, 11
2020/10/29, 35, 14
2020/10/30, 19, 15
2020/10/31, 14, 18
2020/11/1, 27, 22
2020/11/2, 23, 26
2020/11/3, 15, 28
2020/11/4, 21, 29
2020/11/5, 41, 33
2020/11/6, 39, 35
2020/11/7, 44, 39
2020/11/8, 59, 33
2020/11/9, 65, 26
2020/11/10, 55, 26
2020/11/14, 29, 28
2020/11/15, 41, 28
2020/11/16, 33, 30
2020/11/17, 11, 26
2020/11/18, 14, 26
2020/11/19, 22, 24
2020/11/20, 40, 21
2020/11/21, 40, 25
2020/11/22, 57, 17
2020/11/23, 36, 25
2020/11/24, 30, 24
2020/11/25, 26, 
2020/11/26, 31, 
2020/11/27, 26, 
2020/11/28, 37, 
2020/11/29, 35, 
2020/11/30, 39, 
2020/12/1, 20, 
2020/12/2, 13, 
2020/12/3, 19, 
2020/12/4, 24, 
2020/12/5, 41, 
2020/12/6, 33, 
2020/12/7, 20, 
2020/12/8, 25, 
2020/12/9, 26, 
2020/12/10, 36, 
2020/12/11, 66, 
2020/12/12, 63, 
2020/12/13, 58, 
2020/12/14, 44, 
2020/12/15, 32, 
2020/12/16, 29, 
2020/12/17, 29, 
2020/12/18, 28, 
2020/12/19, 36, 
2020/12/20, 49, 
2020/12/21, 56, 
2020/12/22, 51, 
2020/12/23, 24, 
2020/12/24, 31, 
2020/12/25, 16, 
2020/12/26, 18, 
2020/12/27, 22, 
2020/12/28, 49, 
2020/12/29, 39, 
2020/12/30, 27, 
2020/12/31, 36, 
2021/1/1, 28, 
2021/1/2, 48, 
2021/1/3, 20, 
2021/1/4, 25, 
2020/7/2, 22, 31
2020/7/3, 28, 33
2020/7/4, 46, 30
2020/7/5, 48, 33
2020/7/6, 65, 38
2020/7/7, 45, 40
2020/7/8, 33, 37
2020/7/9, 35, 24
2020/7/10, 26, 19
2020/7/11, 14, 32
2020/7/12, 17, 33
2020/7/13, 22, 31
2020/7/14, 24, 31
2020/7/15, 18, 45
2020/7/16, 23, 34
2020/7/17, 27, 38
2020/7/18, 28, 44
2020/7/19, 30, 35
2020/7/20, 38, 36
2020/7/21, 32, 53
2020/7/22, 29, 38
2020/7/23, 26, 36
2020/7/24, 18, 24
2020/7/25, 11, 36
2020/7/26, 23, 38
2020/7/27, 38, 37
2020/7/28, 42, 32
2020/7/29, 22, 45
2020/7/30, 26, 51
2020/7/31, 35, 21
2020/8/1, 20, 36
2020/8/2, 28, 25
2020/8/3, 36, 33
2020/8/4, 18, 19
2020/8/5, 16, 33
2020/8/6, 22, 35
2020/8/7, 27, 33
2020/8/8, 13, 28
2020/8/9, 17, 30
2020/8/10, 34, 41
2020/8/11, 37, 39
2020/8/12, 42, 39
2020/8/13, 35, 28
2020/8/14, 20, 24
2020/8/15, 26, 19
2020/8/16, 33, 19
2020/8/17, 17, 28
2020/8/18, 21, 34
2020/8/19, 27, 27
2020/8/20, 25, 39
2020/8/21, 21, 36
2020/8/22, 28, 27
2020/8/23, 23, 28
2020/8/24, 15, 30
2020/8/25, 21, 36
2020/8/26, 30, 30
2020/8/27, 24, 28
2020/8/28, 27, 24
2020/8/29, 28, 28
2020/8/30, 11, 25
2020/8/31, 17, 15
2020/9/1, 17, 18
2020/9/2, 15, 25
2020/9/3, 18, 28
2020/9/4, 19, 29
2020/9/5, 29, 29
2020/9/6, 19, 35
2020/9/7, 29, 41
2020/9/8, 25, 31
2020/9/9, 14, 16
2020/9/10, 14, 10
2020/9/11, 7, 22
2020/9/12, 25, 18
2020/9/13, 12, 28
2020/9/14, 13, 22
2020/9/15, 12, 19
2020/9/16, 12, 25
2020/9/17, 17, 9
2020/9/18, 20, 22
2020/9/19, 33, 23
2020/9/20, 18, 24
2020/9/21, 27, 28
2020/9/22, 19, 33
2020/9/23, 20, 41
2020/9/24, 24, 17
2020/9/25, 34, 19
2020/9/26, 31, 16
2020/9/27, 12, 19
2020/9/28, 14, 24
2020/9/29, 20, 17
2020/9/30, 20, 24
2020/10/1, 16, 21
2020/4/2, 15, 35
2020/4/3, 11, 34
2020/4/4, 10, 25
2020/4/5, 10, 33
2020/4/6, 19, 37
2020/4/7, 23, 32
2020/4/8, 25, 37
2020/4/9, 15, 37
2020/4/10, 27, 31
2020/4/11, 17, 37
2020/4/12, 25, 35
2020/4/13, 41, 33
2020/4/14, 12, 33
2020/4/15, 17, 35
2020/4/16, 21, 34
2020/4/17, 26, 35
2020/4/18, 35, 35
2020/4/19, 28, 36
2020/4/20, 26, 33
2020/4/21, 34, 35
2020/4/22, 29, 36
2020/4/23, 14, 27
2020/4/24, 20, 22
2020/4/25, 15, 32
2020/4/26, 18, 27
2020/4/27, 12, 29
2020/4/28, 12, 26
2020/4/29, 18, 36
2020/4/30, 21, 31
2020/5/1, 12, 28
2020/5/2, 11, 36
2020/5/3, 12, 35
2020/5/4, 26, 33
2020/5/5, 18, 29
2020/5/6, 15, 24
2020/5/7, 15, 39
2020/5/8, 16, 27
2020/5/9, 20, 27
2020/5/10, 20, 35
2020/5/11, 21, 26
2020/5/12, 17, 33
2020/5/13, 12, 41
2020/5/14, 19, 36
2020/5/15, 36, 41
2020/5/16, 36, 36
2020/5/17, 21, 27
2020/5/18, 19, 29
2020/5/19, 19, 32
2020/5/20, 19, 29
2020/5/21, 17, 28
2020/5/22, 28, 18
2020/5/23, 13, 31
2020/5/24, 18, 21
2020/5/25, 29, 29
2020/5/26, 26, 30
2020/5/27, 25, 22
2020/5/30, 34, 36
2020/5/31, 21, 30
2020/6/1, 16, 33
2020/6/2, 13, 37
2020/6/3, 19, 43
2020/6/4, 38, 47
2020/6/5, 37, 31
2020/6/6, 24, 40
2020/6/7, 45, 32
2020/6/8, 25, 36
2020/6/9, 24, 47
2020/6/10, 46, 27
2020/6/11, 43, 28
2020/6/12, 29, 41
2020/6/13, 23, 32
2020/6/14, 20, 34
2020/6/15, 20, 38
2020/6/16, 25, 35
2020/6/17, 25, 15
2020/6/18, 18, 25
2020/6/19, 21, 23
2020/6/20, 22, 20
2020/6/21, 18, 27
2020/6/22, 13, 35
2020/6/23, 32, 39
2020/6/24, 30, 38
2020/6/25, 22, 37
2020/6/26, 25, 41
2020/6/27, 23, 31
2020/6/28, 36, 27
2020/6/29, 30, 27
2020/6/30, 29, 29
2020/7/1, 28, 32
2020/1/2, 18, 
2020/1/3, 33, 
2020/1/4, 22, 
2020/1/5, 22, 
2020/1/6, 19, 
2020/1/7, 29, 
2020/1/8, 21, 
2020/1/9, 23, 
2020/1/10, 24, 
2020/1/11, 22, 
2020/1/12, 15, 
2020/1/13, 10, 
2020/1/14, 14, 
2020/1/15, 30, 
2020/1/16, 19, 
2020/1/17, 19, 
2020/1/18, 17, 
2020/1/19, 41, 
2020/1/22, 27, 
2020/1/23, 35, 
2020/1/24, 57, 
2020/1/25, 35, 
2020/1/26, 9, 23
2020/1/27, 11, 27
2020/1/28, 13, 
2020/1/29, 13, 
2020/1/30, 16, 
2020/1/31, 28, 
2020/2/1, 35, 
2020/2/2, 48, 
2020/2/3, 18, 
2020/2/4, 12, 
2020/2/5, 21, 
2020/2/6, 18, 
2020/2/7, 12, 
2020/2/8, 12, 
2020/2/9, 18, 
2020/2/10, 32, 
2020/2/11, 21, 
2020/2/12, 17, 
2020/2/13, 29, 
2020/2/14, 15, 
2020/2/15, 14, 
2020/2/16, 22, 
2020/2/17, 30, 
2020/2/18, 33, 24
2020/2/19, 37, 28
2020/2/20, 20, 26
2020/2/21, 22, 28
2020/2/22, 18, 33
2020/2/23, 30, 33
2020/2/24, 35, 28
2020/2/25, 32, 19
2020/2/26, 20, 22
2020/2/27, 22, 28
2020/2/28, 8, 28
2020/2/29, 19, 29
2020/3/1, 20, 32
2020/3/2, 18, 39
2020/3/3, 36, 29
2020/3/4, 21, 32
2020/3/5, 10, 29
2020/3/6, 17, 26
2020/3/7, 21, 31
2020/3/8, 13, 34
2020/3/9, 30, 36
2020/3/10, 15, 32
2020/3/11, 25, 23
2020/3/12, 18, 28
2020/3/13, 20, 33
2020/3/14, 16, 32
2020/3/15, 11, 27
2020/3/16, 21, 34
2020/3/17, 20, 28
2020/3/18, 18, 28
2020/3/19, 23, 22
2020/3/20, 36, 30
2020/3/21, 34, 27
2020/3/22, 14, 31
2020/3/23, 18, 25
2020/3/24, 12, 27
2020/3/25, 12, 23
2020/3/26, 16, 29
2020/3/27, 24, 32
2020/3/28, 19, 27
2020/3/29, 23, 19
2020/3/30, 19, 35
2020/3/31, 14, 27
2020/4/1, 12, 23
2019/10/2, 28, 40
2019/10/3, 43, 17
2019/10/4, 21, 25
2019/10/5, 16, 27
2019/10/6, 19, 24
2019/10/7, 16, 29
2019/10/8, 14, 22
2019/10/9, 14, 21
2019/10/10, 19, 27
2019/10/11, 12, 33
2019/10/12, 17, 25
2019/10/13, 23, 25
2019/10/14, 17, 35
2019/10/15, 22, 38
2019/10/16, 23, 24
2019/10/17, 23, 24
2019/10/18, 11, 26
2019/10/19, 16, 25
2019/10/20, 27, 24
2019/10/21, 31, 32
2019/10/22, 24, 18
2019/10/23, 23, 29
2019/10/24, 17, 29
2019/10/25, 21, 24
2019/10/26, 31, 23
2019/10/27, 38, 30
2019/10/28, 17, 31
2019/10/29, 17, 25
2019/10/30, 19, 20
2019/10/31, 29, 22
2019/11/1, 17, 23
2019/11/2, 15, 22
2019/11/3, 34, 25
2019/11/4, 32, 28
2019/11/5, 32, 27
2019/11/6, 33, 27
2019/11/7, 29, 24
2019/11/8, 30, 24
2019/11/9, 18, 22
2019/11/10, 34, 24
2019/11/11, 48, 30
2019/11/12, 48, 24
2019/11/13, 27, 
2019/11/14, 25, 
2019/11/15, 45, 
2019/11/16, 50, 
2019/11/17, 30, 
2019/11/18, 22, 
2019/11/19, 33, 
2019/11/20, 48, 
2019/11/23, 16, 
2019/11/24, 21, 
2019/11/25, 17, 
2019/11/26, 26, 
2019/11/27, 40, 
2019/11/28, 44, 
2019/11/29, 12, 
2019/11/30, 15, 
2019/12/1, 18, 
2019/12/2, 19, 
2019/12/3, 18, 
2019/12/4, 14, 
2019/12/5, 21, 
2019/12/6, 22, 
2019/12/7, 25, 
2019/12/8, 27, 
2019/12/9, 45, 
2019/12/10, 23, 
2019/12/11, 20, 
2019/12/12, 17, 
2019/12/13, 31, 
2019/12/14, 35, 
2019/12/15, 17, 
2019/12/16, 22, 
2019/12/17, 30, 
2019/12/18, 16, 
2019/12/19, 26, 
2019/12/20, 25, 
2019/12/21, 56, 
2019/12/22, 72, 
2019/12/23, 87, 
2019/12/24, 78, 
2019/12/25, 57, 
2019/12/26, 74, 
2019/12/27, 64, 
2019/12/28, 37, 
2019/12/29, 47, 
2019/12/30, 47, 
2019/7/2, 18, 47
2019/7/3, 25, 41
2019/7/4, 25, 33
2019/7/5, 41, 43
2019/7/6, 44, 34
2019/7/7, 27, 29
2019/7/8, 17, 17
2019/7/9, 33, 52
2019/7/10, 36, 43
2019/7/11, 41, 33
2019/7/12, 25, 39
2019/7/13, 22, 43
2019/7/14, 29, 41
2019/7/15, 38, 40
2019/7/16, 31, 50
2019/7/17, 43, 36
2019/7/18, 41, 27
2019/7/19, 20, 39
2019/7/20, 28, 35
2019/7/21, 43, 36
2019/7/22, 44, 37
2019/7/23, 22, 20
2019/7/24, 19, 6
2019/7/25, 21, 31
2019/7/26, 24, 34
2019/7/27, 30, 53
2019/7/28, 39, 41
2019/7/29, 43, 44
2019/7/30, 50, 48
2019/7/31, 46, 33
2019/8/1, 27, 42
2019/8/2, 29, 49
2019/8/3, 25, 44
2019/8/4, 31, 38
2019/8/5, 28, 42
2019/8/6, 37, 53
2019/8/7, 38, 39
2019/8/8, 32, 37
2019/8/9, 29, 36
2019/8/10, 32, 35
2019/8/11, 27, 28
2019/8/12, 16, 43
2019/8/13, 35, 30
2019/8/14, 45, 33
2019/8/15, 33, 29
2019/8/16, 44, 37
2019/8/17, 34, 39
2019/8/18, 29, 38
2019/8/19, 29, 37
2019/8/20, 25, 50
2019/8/21, 23, 32
2019/8/22, 19, 40
2019/8/23, 22, 13
2019/8/24, 17, 20
2019/8/25, 17, 24
2019/8/26, 20, 19
2019/8/27, 18, 28
2019/8/28, 20, 15
2019/8/29, 15, 33
2019/8/30, 20, 34
2019/8/31, 26, 33
2019/9/1, 31, 33
2019/9/2, 27, 28
2019/9/3, 27, 33
2019/9/4, 25, 34
2019/9/5, 35, 25
2019/9/6, 25, 24
2019/9/7, 23, 32
2019/9/8, 24, 32
2019/9/9, 26, 35
2019/9/10, 34, 38
2019/9/11, 30, 46
2019/9/12, 32, 39
2019/9/13, 35, 18
2019/9/14, 17, 26
2019/9/15, 20, 35
2019/9/16, 18, 44
2019/9/17, 22, 32
2019/9/18, 27, 34
2019/9/19, 23, 33
2019/9/20, 21, 37
2019/9/21, 25, 41
2019/9/22, 35, 53
2019/9/23, 48, 40
2019/9/24, 34, 26
2019/9/25, 17, 29
2019/9/26, 19, 38
2019/9/27, 28, 43
2019/9/28, 24, 34
2019/9/29, 31, 35
2019/9/30, 27, 22
2019/10/1, 15, 45
2019/4/2, 13, 36
2019/4/3, 16, 44
2019/4/4, 14, 44
2019/4/5, 12, 31
2019/4/6, 15, 42
2019/4/7, 27, 40
2019/4/8, 27, 37
2019/4/9, 17, 43
2019/4/10, 13, 43
2019/4/11, 9, 33
2019/4/12, 10, 32
2019/4/13, 12, 39
2019/4/14, 12, 22
2019/4/15, 9, 35
2019/4/16, 8, 40
2019/4/17, 10, 40
2019/4/18, 13, 46
2019/4/19, 21, 31
2019/4/20, 11, 36
2019/4/21, 10, 31
2019/4/22, 10, 34
2019/4/23, 12, 46
2019/4/24, 12, 44
2019/4/25, 15, 42
2019/4/26, 11, 37
2019/4/27, 16, 43
2019/4/28, 9, 34
2019/4/29, 15, 34
2019/4/30, 10, 41
2019/5/1, 30, 30
2019/5/2, 22, 33
2019/5/3, 24, 24
2019/5/4, 32, 23
2019/5/5, 32, 16
2019/5/6, 30, 35
2019/5/7, 9, 41
2019/5/8, 18, 24
2019/5/9, 29, 30
2019/5/10, 11, 29
2019/5/11, 6, 23
2019/5/12, 10, 27
2019/5/13, 6, 22
2019/5/14, 27, 29
2019/5/15, 8, 39
2019/5/16, 10, 43
2019/5/17, 17, 42
2019/5/18, 24, 45
2019/5/19, 39, 44
2019/5/20, 37, 39
2019/5/21, 23, 31
2019/5/22, 10, 41
2019/5/23, 8, 38
2019/5/24, 18, 41
2019/5/25, 22, 42
2019/5/29, 52, 37
2019/5/30, 37, 35
2019/5/31, 25, 39
2019/6/1, 23, 42
2019/6/2, 44, 39
2019/6/3, 50, 34
2019/6/4, 23, 40
2019/6/5, 20, 38
2019/6/6, 50, 43
2019/6/7, 42, 38
2019/6/8, 35, 44
2019/6/9, 33, 29
2019/6/10, 28, 17
2019/6/11, 15, 31
2019/6/12, 15, 37
2019/6/13, 18, 32
2019/6/14, 15, 31
2019/6/15, 20, 39
2019/6/16, 28, 35
2019/6/17, 46, 38
2019/6/18, 23, 28
2019/6/19, 24, 38
2019/6/20, 22, 37
2019/6/21, 22, 34
2019/6/22, 17, 29
2019/6/23, 17, 35
2019/6/24, 22, 44
2019/6/25, 34, 36
2019/6/26, 20, 46
2019/6/27, 28, 47
2019/6/28, 34, 49
2019/6/29, 37, 42
2019/6/30, 36, 34
2019/7/1, 24, 33
2019/1/2, 14, 
2019/1/3, 21, 
2019/1/4, 21, 
2019/1/5, 36, 
2019/1/6, 16, 
2019/1/7, 14, 
2019/1/8, 9, 
2019/1/9, 21, 
2019/1/10, 14, 
2019/1/11, 12, 
2019/1/12, 18, 
2019/1/13, 37, 
2019/1/14, 38, 
2019/1/15, 26, 
2019/1/16, 51, 
2019/1/17, 39, 
2019/1/18, 25, 
2019/1/19, 37, 
2019/1/20, 48, 
2019/1/21, 12, 
2019/1/22, 10, 
2019/1/23, 17, 
2019/1/24, 21, 
2019/1/25, 14, 
2019/1/26, 20, 
2019/1/27, 29, 
2019/1/28, 34, 
2019/1/29, 25, 
2019/1/30, 40, 
2019/1/31, 26, 
2019/2/1, 20, 
2019/2/2, 48, 
2019/2/3, 69, 
2019/2/4, 70, 
2019/2/5, 66, 
2019/2/6, 39, 
2019/2/7, 28, 
2019/2/8, 24, 28
2019/2/9, 18, 30
2019/2/10, 17, 26
2019/2/11, 37, 16
2019/2/12, 29, 24
2019/2/13, 15, 29
2019/2/14, 14, 27
2019/2/15, 9, 36
2019/2/16, 13, 32
2019/2/17, 21, 25
2019/2/18, 20, 25
2019/2/19, 12, 32
2019/2/20, 24, 27
2019/2/21, 20, 37
2019/2/22, 16, 29
2019/2/23, 27, 26
2019/2/24, 45, 35
2019/2/25, 6, 36
2019/2/26, 8, 34
2019/2/27, 11, 26
2019/2/28, 21, 33
2019/3/1, 32, 26
2019/3/2, 32, 26
2019/3/3, 36, 30
2019/3/4, 36, 37
2019/3/5, 26, 34
2019/3/6, 15, 32
2019/3/7, 27, 36
2019/3/8, 24, 28
2019/3/9, 47, 29
2019/3/10, 43, 28
2019/3/11, 22, 39
2019/3/12, 9, 42
2019/3/13, 21, 41
2019/3/14, 25, 41
2019/3/15, 16, 37
2019/3/16, 21, 38
2019/3/17, 8, 37
2019/3/18, 16, 33
2019/3/19, 25, 39
2019/3/20, 23, 38
2019/3/21, 26, 29
2019/3/22, 10, 35
2019/3/23, 10, 35
2019/3/24, 9, 43
2019/3/25, 12, 38
2019/3/26, 22, 35
2019/3/27, 15, 35
2019/3/28, 11, 41
2019/3/29, 22, 39
2019/3/30, 26, 50
2019/3/31, 38, 36
2019/4/1, 21, 37
2018/10/2, 48, 31
2018/10/3, 52, 28
2018/10/4, 46, 30
2018/10/5, 33, 14
2018/10/6, 40, 18
2018/10/7, 47, 26
2018/10/8, 49, 23
2018/10/9, 44, 26
2018/10/10, 29, 26
2018/10/11, 29, 14
2018/10/12, 24, 26
2018/10/13, 39, 27
2018/10/14, 37, 12
2018/10/15, 47, 18
2018/10/16, 52, 21
2018/10/17, 35, 28
2018/10/18, 46, 26
2018/10/19, 38, 30
2018/10/20, 47, 26
2018/10/21, 44, 22
2018/10/22, 36, 21
2018/10/23, 40, 34
2018/10/24, 47, 20
2018/10/25, 36, 22
2018/10/26, 42, 10
2018/10/27, 51, 18
2018/10/28, 27, 21
2018/10/29, 32, 22
2018/10/30, 35, 27
2018/10/31, 44, 29
2018/11/1, 54, 31
2018/11/2, 53, 24
2018/11/3, 44, 21
2018/11/4, 43, 23
2018/11/5, 50, 19
2018/11/6, 41, 6
2018/11/7, 37, 24
2018/11/8, 45, 
2018/11/9, 45, 
2018/11/10, 48, 
2018/11/11, 48, 
2018/11/12, 54, 
2018/11/13, 66, 
2018/11/14, 47, 
2018/11/15, 51, 
2018/11/16, 41, 
2018/11/17, 45, 
2018/11/18, 57, 
2018/11/19, 72, 
2018/11/20, 74, 
2018/11/21, 60, 
2018/11/22, 56, 
2018/11/23, 49, 
2018/11/24, 50, 
2018/11/25, 54, 
2018/11/26, 54, 
2018/11/27, 54, 
2018/11/28, 40, 
2018/12/4, 11, 
2018/12/5, 12, 
2018/12/6, 24, 
2018/12/7, 20, 
2018/12/8, 23, 
2018/12/9, 49, 
2018/12/10, 53, 
2018/12/11, 54, 
2018/12/12, 56, 
2018/12/13, 56, 
2018/12/14, 55, 
2018/12/15, 56, 
2018/12/16, 12, 
2018/12/17, 7, 
2018/12/18, 15, 
2018/12/19, 24, 
2018/12/20, 41, 
2018/12/21, 31, 
2018/12/22, 9, 
2018/12/23, 9, 
2018/12/24, 26, 
2018/12/25, 22, 
2018/12/26, 30, 
2018/12/27, 62, 
2018/12/28, 43, 
2018/12/29, 19, 
2018/12/30, 16, 
2018/12/31, 31, 
2018/7/2, 50, 53
2018/7/3, 50, 46
2018/7/4, 40, 35
2018/7/5, 47, 26
2018/7/6, 20, 31
2018/7/7, 25, 34
2018/7/8, 19, 45
2018/7/9, 28, 64
2018/7/10, 32, 58
2018/7/11, 39, 42
2018/7/12, 41, 40
2018/7/13, 36, 43
2018/7/14, 41, 40
2018/7/15, 34, 34
2018/7/16, 49, 47
2018/7/17, 44, 35
2018/7/18, 45, 30
2018/7/19, 25, 49
2018/7/20, 36, 50
2018/7/21, 38, 24
2018/7/22, 22, 30
2018/7/23, 15, 28
2018/7/24, 17, 18
2018/7/25, 15, 30
2018/7/26, 21, 36
2018/7/27, 32, 41
2018/7/28, 36, 36
2018/7/29, 13, 32
2018/7/30, 17, 31
2018/7/31, 17, 24
2018/8/1, 10, 32
2018/8/5, 13, 39
2018/8/6, 22, 42
2018/8/7, 18, 37
2018/8/8, 15, 34
2018/8/9, 8, 38
2018/8/10, 8, 44
2018/8/11, 14, 33
2018/8/12, 15, 22
2018/8/13, 10, 32
2018/8/14, 12, 32
2018/8/15, 13, 38
2018/8/16, 20, 38
2018/8/17, 28, 41
2018/8/18, 35, 31
2018/8/19, 6, 20
2018/8/20, 5, 21
2018/8/21, 11, 24
2018/8/23, 38, 23
2018/8/24, 26, 42
2018/8/25, 24, 42
2018/8/26, 27, 34
2018/8/27, 19, 34
2018/8/28, 24, 42
2018/8/29, 23, 43
2018/8/30, 19, 34
2018/8/31, 10, 29
2018/9/1, 9, 25
2018/9/2, 14, 30
2018/9/3, 5, 30
2018/9/4, 7, 32
2018/9/5, 9, 58
2018/9/6, 12, 39
2018/9/8, 7, 13
2018/9/9, 12, 20
2018/9/10, 10, 17
2018/9/11, 6, 7
2018/9/12, 5, 16
2018/9/14, 18, 11
2018/9/15, 19, 19
2018/9/16, 21, 16
2018/9/17, 32, 17
2018/9/18, 15, 19
2018/9/19, 21, 33
2018/9/20, 42, 33
2018/9/21, 43, 24
2018/9/22, 33, 18
2018/9/23, 41, 16
2018/9/24, 32, 20
2018/9/25, 27, 19
2018/9/26, 21, 29
2018/9/27, 26, 21
2018/9/28, 31, 28
2018/9/29, 31, 35
2018/9/30, 46, 35
2018/10/1, 49, 36
2018/4/2, 19, 30
2018/4/3, 24, 26
2018/4/4, 39, 37
2018/4/5, 30, 38
2018/4/6, 20, 47
2018/4/7, 35, 38
2018/4/8, 24, 39
2018/4/9, 29, 34
2018/4/10, 38, 42
2018/4/11, 49, 42
2018/4/12, 42, 47
2018/4/13, 42, 57
2018/4/14, 49, 44
2018/4/15, 48, 29
2018/4/16, 36, 27
2018/4/17, 10, 33
2018/4/18, 13, 40
2018/4/19, 22, 40
2018/4/20, 22, 43
2018/4/21, 16, 43
2018/4/22, 24, 47
2018/4/23, 33, 45
2018/4/24, 28, 39
2018/4/25, 15, 28
2018/4/26, 14, 42
2018/4/27, 23, 41
2018/4/28, 24, 45
2018/4/29, 35, 33
2018/4/30, 18, 47
2018/5/1, 23, 58
2018/5/2, 31, 59
2018/5/3, 37, 51
2018/5/4, 45, 50
2018/5/5, 46, 39
2018/5/6, 22, 30
2018/5/7, 34, 48
2018/5/8, 26, 45
2018/5/9, 28, 54
2018/5/10, 28, 40
2018/5/11, 44, 43
2018/5/12, 38, 51
2018/5/15, 44, 40
2018/5/16, 40, 24
2018/5/17, 22, 16
2018/5/18, 15, 22
2018/5/19, 21, 19
2018/5/20, 19, 36
2018/5/21, 29, 44
2018/5/22, 34, 25
2018/5/23, 40, 35
2018/5/24, 30, 45
2018/5/25, 32, 43
2018/5/26, 43, 37
2018/5/27, 31, 36
2018/5/28, 24, 17
2018/5/29, 37, 4
2018/5/30, 55, 18
2018/5/31, 8, 22
2018/6/1, 25, 41
2018/6/2, 31, 32
2018/6/3, 26, 23
2018/6/4, 29, 31
2018/6/5, 28, 42
2018/6/6, 27, 27
2018/6/7, 33, 41
2018/6/8, 36, 50
2018/6/9, 39, 41
2018/6/10, 55, 34
2018/6/11, 44, 22
2018/6/12, 25, 36
2018/6/13, 29, 30
2018/6/14, 30, 40
2018/6/15, 31, 38
2018/6/16, 26, 47
2018/6/17, 34, 51
2018/6/18, 51, 50
2018/6/19, 60, 33
2018/6/20, 40, 31
2018/6/21, 31, 31
2018/6/22, 27, 24
2018/6/23, 35, 25
2018/6/24, 18, 29
2018/6/25, 23, 27
2018/6/26, 29, 40
2018/6/27, 31, 29
2018/6/28, 24, 39
2018/6/29, 28, 44
2018/6/30, 31, 52
2018/7/1, 46, 49
2018/1/2, 34, 
2018/1/3, 37, 
2018/1/4, 59, 
2018/1/5, 36, 
2018/1/6, 18, 
2018/1/7, 21, 
2018/1/8, 35, 
2018/1/9, 47, 
2018/1/10, 31, 
2018/1/11, 66, 
2018/1/12, 57, 
2018/1/13, 32, 
2018/1/14, 22, 
2018/1/15, 21, 
2018/1/16, 49, 
2018/1/17, 62, 
2018/1/18, 59, 
2018/1/19, 34, 
2018/1/20, 35, 
2018/1/21, 46, 
2018/1/22, 39, 
2018/1/23, 34, 
2018/1/24, 30, 
2018/1/25, 15, 
2018/1/26, 23, 
2018/1/27, 50, 
2018/1/28, 30, 
2018/1/29, 43, 
2018/1/30, 40, 
2018/1/31, 24, 
2018/2/1, 21, 19
2018/2/2, 35, 26
2018/2/3, 22, 26
2018/2/4, 26, 23
2018/2/5, 31, 31
2018/2/6, 31, 22
2018/2/7, 42, 18
2018/2/8, 60, 33
2018/2/9, 48, 27
2018/2/10, 57, 23
2018/2/11, 49, 17
2018/2/12, 19, 32
2018/2/13, 24, 28
2018/2/14, 41, 20
2018/2/15, 44, 18
2018/2/16, 27, 29
2018/2/17, 22, 27
2018/2/18, 32, 26
2018/2/19, 32, 23
2018/2/20, 38, 27
2018/2/21, 31, 23
2018/2/22, 28, 21
2018/2/23, 19, 21
2018/2/24, 27, 10
2018/2/25, 29, 9
2018/2/26, 34, 28
2018/2/27, 33, 35
2018/2/28, 25, 35
2018/3/1, 21, 22
2018/3/2, 40, 35
2018/3/3, 15, 35
2018/3/4, 17, 36
2018/3/5, 14, 35
2018/3/6, 16, 26
2018/3/7, 32, 26
2018/3/8, 22, 34
2018/3/9, 20, 31
2018/3/10, 24, 37
2018/3/11, 41, 38
2018/3/12, 42, 25
2018/3/13, 43, 35
2018/3/14, 31, 31
2018/3/15, 19, 35
2018/3/16, 29, 34
2018/3/17, 24, 31
2018/3/18, 30, 39
2018/3/19, 33, 36
2018/3/20, 47, 28
2018/3/21, 42, 35
2018/3/22, 29, 37
2018/3/23, 16, 40
2018/3/24, 15, 37
2018/3/25, 24, 35
2018/3/26, 36, 37
2018/3/27, 33, 34
2018/3/28, 26, 22
2018/3/29, 41, 36
2018/3/30, 55, 37
2018/3/31, 32, 38
2018/4/1, 17, 35
2017/10/2, 22, 35
2017/10/3, 29, 36
2017/10/4, 23, 39
2017/10/5, 23, 39
2017/10/6, 29, 46
2017/10/7, 33, 32
2017/10/8, 29, 13
2017/10/9, 5, 14
2017/10/10, 11, 23
2017/10/11, 11, 24
2017/10/12, 21, 18
2017/10/13, 16, 14
2017/10/14, 28, 19
2017/10/15, 17, 25
2017/10/16, 34, 25
2017/10/17, 16, 25
2017/10/18, 20, 31
2017/10/19, 26, 33
2017/10/20, 30, 42
2017/10/21, 35, 37
2017/10/22, 36, 48
2017/10/23, 39, 29
2017/10/24, 16, 28
2017/10/25, 20, 29
2017/10/26, 24, 26
2017/10/27, 29, 30
2017/10/28, 34, 38
2017/10/29, 35, 22
2017/10/30, 18, 26
2017/10/31, 28, 25
2017/11/1, 28, 11
2017/11/2, 41, 30
2017/11/3, 42, 22
2017/11/4, 33, 22
2017/11/5, 33, 18
2017/11/6, 29, 18
2017/11/7, 37, 16
2017/11/8, 33, 12
2017/11/9, 41, 
2017/11/10, 53, 
2017/11/11, 33, 
2017/11/12, 37, 
2017/11/13, 68, 
2017/11/14, 75, 
2017/11/15, 53, 
2017/11/16, 48, 
2017/11/17, 39, 
2017/11/18, 20, 
2017/11/19, 15, 
2017/11/20, 18, 
2017/11/21, 17, 
2017/11/22, 18, 
2017/11/23, 22, 
2017/11/24, 32, 
2017/11/25, 66, 
2017/11/26, 42, 
2017/11/27, 19, 
2017/11/28, 27, 
2017/11/29, 35, 
2017/11/30, 43, 
2017/12/1, 37, 
2017/12/2, 47, 
2017/12/3, 55, 
2017/12/4, 68, 
2017/12/5, 79, 
2017/12/6, 51, 
2017/12/7, 15, 
2017/12/8, 22, 
2017/12/9, 34, 
2017/12/10, 47, 
2017/12/11, 46, 
2017/12/12, 37, 
2017/12/13, 32, 
2017/12/14, 12, 
2017/12/15, 26, 
2017/12/16, 33, 
2017/12/17, 49, 
2017/12/18, 61, 
2017/12/19, 50, 
2017/12/20, 36, 
2017/12/21, 42, 
2017/12/22, 37, 
2017/12/23, 40, 
2017/12/24, 43, 
2017/12/25, 32, 
2017/12/26, 30, 
2017/12/27, 21, 
2017/12/28, 31, 
2017/12/29, 35, 
2017/12/30, 50, 
2017/12/31, 56, 
2018/1/1, 29, 
2017/7/2, 7, 40
2017/7/3, 17, 41
2017/7/4, 20, 45
2017/7/5, 23, 41
2017/7/6, 25, 20
2017/7/7, 24, 39
2017/7/8, 13, 40
2017/7/9, 13, 32
2017/7/10, 20, 42
2017/7/11, 21, 39
2017/7/12, 22, 33
2017/7/13, 14, 37
2017/7/14, 22, 38
2017/7/15, 20, 39
2017/7/16, 22, 36
2017/7/17, 19, 42
2017/7/18, 25, 46
2017/7/19, 11, 47
2017/7/20, 14, 51
2017/7/21, 39, 46
2017/7/22, 30, 37
2017/7/23, 17, 30
2017/7/24, 15, 41
2017/7/25, 9, 24
2017/7/26, 18, 39
2017/7/27, 13, 38
2017/7/28, 30, 25
2017/7/29, 34, 26
2017/7/30, 16, 29
2017/7/31, 14, 26
2017/8/1, 15, 36
2017/8/2, 19, 42
2017/8/3, 23, 43
2017/8/4, 31, 49
2017/8/5, 46, 27
2017/8/6, 22, 28
2017/8/7, 26, 14
2017/8/8, 20, 26
2017/8/9, 27, 44
2017/8/10, 28, 42
2017/8/11, 39, 25
2017/8/12, 30, 31
2017/8/13, 24, 32
2017/8/14, 25, 20
2017/8/15, 36, 16
2017/8/16, 32, 39
2017/8/17, 37, 40
2017/8/18, 44, 30
2017/8/19, 31, 35
2017/8/20, 27, 31
2017/8/21, 29, 41
2017/8/22, 39, 44
2017/8/23, 44, 33
2017/8/24, 28, 29
2017/8/25, 28, 30
2017/8/26, 27, 33
2017/8/27, 31, 37
2017/8/28, 39, 29
2017/8/29, 36, 12
2017/8/30, 23, 30
2017/8/31, 25, 39
2017/9/1, 36, 18
2017/9/2, 29, 20
2017/9/3, 23, 25
2017/9/4, 19, 37
2017/9/5, 42, 
2017/9/10, 28, 18
2017/9/11, 22, 19
2017/9/12, 22, 32
2017/9/13, 26, 15
2017/9/14, 21, 29
2017/9/15, 20, 24
2017/9/16, 19, 28
2017/9/17, 27, 29
2017/9/18, 41, 23
2017/9/19, 32, 15
2017/9/20, 40, 27
2017/9/21, 36, 26
2017/9/22, 25, 23
2017/9/23, 30, 29
2017/9/24, 30, 37
2017/9/25, 31, 53
2017/9/26, 40, 28
2017/9/27, 27, 33
2017/9/28, 21, 33
2017/9/29, 27, 32
2017/9/30, 20, 22
2017/10/1, 22, 28
2017/4/2, 23, 40
2017/4/3, 15, 38
2017/4/4, 17, 40
2017/4/5, 11, 45
2017/4/6, 9, 36
2017/4/7, 14, 28
2017/4/8, 9, 43
2017/4/9, 10, 50
2017/4/10, 11, 55
2017/4/11, 23, 61
2017/4/12, 30, 44
2017/4/13, 17, 41
2017/4/14, 14, 19
2017/4/15, 12, 
2017/4/18, 7, 43
2017/4/19, 8, 31
2017/4/20, 14, 38
2017/4/21, 14, 19
2017/4/22, 25, 20
2017/4/23, 32, 26
2017/4/24, 11, 21
2017/4/25, 9, 25
2017/4/26, 5, 22
2017/4/27, 9, 44
2017/4/28, 36, 48
2017/4/29, 39, 39
2017/4/30, 26, 30
2017/5/1, 25, 25
2017/5/2, 15, 40
2017/5/3, 7, 35
2017/5/4, 10, 36
2017/5/5, 11, 28
2017/5/6, 6, 26
2017/5/7, 6, 32
2017/5/8, 8, 40
2017/5/9, 10, 44
2017/5/10, 10, 51
2017/5/11, 16, 32
2017/5/12, 25, 22
2017/5/13, 13, 24
2017/5/14, 7, 46
2017/5/15, 13, 37
2017/5/16, 9, 52
2017/5/17, 10, 63
2017/5/18, 22, 52
2017/5/19, 28, 36
2017/5/23, 27, 14
2017/5/24, 37, 33
2017/5/25, 34, 34
2017/5/26, 13, 34
2017/5/27, 22, 20
2017/5/28, 34, 29
2017/5/29, 39, 34
2017/5/30, 28, 19
2017/5/31, 34, 40
2017/6/1, 40, 45
2017/6/2, 32, 43
2017/6/3, 35, 43
2017/6/4, 44, 46
2017/6/5, 55, 33
2017/6/6, 53, 34
2017/6/10, 25, 54
2017/6/11, 24, 43
2017/6/12, 27, 45
2017/6/13, 33, 48
2017/6/14, 27, 53
2017/6/15, 23, 42
2017/6/16, 26, 36
2017/6/17, 20, 32
2017/6/18, 10, 33
2017/6/19, 12, 28
2017/6/20, 9, 42
2017/6/21, 11, 46
2017/6/22, 15, 38
2017/6/23, 23, 19
2017/6/24, 22, 37
2017/6/25, 21, 38
2017/6/26, 20, 40
2017/6/27, 19, 37
2017/6/28, 18, 37
2017/6/29, 15, 48
2017/6/30, 25, 49
2017/7/1, 36, 28
2017/1/3, 28, 
2017/1/4, 11, 
2017/1/5, 10, 
2017/1/6, 17, 
2017/1/7, 29, 
2017/1/8, 47, 
2017/1/9, 33, 
2017/1/10, 24, 
2017/1/11, 31, 
2017/1/12, 33, 
2017/1/13, 26, 
2017/1/14, 17, 
2017/1/15, 25, 
2017/1/16, 38, 
2017/1/17, 52, 
2017/1/18, 48, 
2017/1/19, 25, 
2017/1/20, 17, 
2017/1/21, 43, 
2017/1/22, 29, 
2017/1/23, 25, 
2017/1/24, 14, 
2017/1/25, 17, 
2017/1/26, 20, 
2017/1/27, 13, 
2017/1/28, 5, 
2017/1/29, 15, 
2017/1/30, 33, 
2017/1/31, 25, 
2017/2/1, 18, 
2017/2/2, 12, 
2017/2/3, 18, 
2017/2/4, 29, 
2017/2/5, 35, 
2017/2/6, 32, 
2017/2/7, 41, 
2017/2/8, 28, 
2017/2/9, 31, 
2017/2/10, 14, 
2017/2/11, 17, 
2017/2/12, 28, 
2017/2/13, 48, 
2017/2/14, 15, 
2017/2/15, 27, 
2017/2/16, 29, 
2017/2/17, 14, 
2017/2/18, 30, 
2017/2/19, 33, 
2017/2/20, 34, 
2017/2/21, 30, 
2017/2/22, 18, 
2017/2/23, 33, 
2017/2/24, 31, 
2017/2/25, 18, 
2017/2/26, 11, 
2017/2/27, 23, 25
2017/2/28, 39, 31
2017/3/1, 30, 29
2017/3/2, 27, 34
2017/3/3, 11, 33
2017/3/4, 16, 34
2017/3/5, 17, 35
2017/3/6, 12, 30
2017/3/7, 35, 38
2017/3/8, 33, 40
2017/3/9, 13, 46
2017/3/10, 26, 35
2017/3/11, 15, 35
2017/3/12, 14, 35
2017/3/13, 25, 33
2017/3/14, 29, 33
2017/3/15, 20, 37
2017/3/16, 18, 38
2017/3/17, 24, 41
2017/3/18, 34, 36
2017/3/19, 39, 39
2017/3/20, 27, 35
2017/3/21, 35, 34
2017/3/22, 43, 39
2017/3/23, 21, 35
2017/3/24, 25, 41
2017/3/25, 30, 43
2017/3/26, 34, 31
2017/3/27, 31, 30
2017/3/28, 17, 37
2017/3/29, 21, 35
2017/3/30, 10, 35
2017/3/31, 15, 30
2017/4/1, 14, 28
2016/10/3, 14, 19
2016/10/4, 15, 33
2016/10/5, 19, 31
2016/10/6, 19, 24
2016/10/7, 12, 19
2016/10/8, 18, 17
2016/10/9, 25, 13
2016/10/10, 18, 20
2016/10/11, 12, 25
2016/10/12, 10, 23
2016/10/13, 16, 25
2016/10/14, 16, 25
2016/10/15, 13, 21
2016/10/16, 26, 29
2016/10/17, 23, 33
2016/10/18, 29, 33
2016/10/19, 25, 34
2016/10/20, 14, 34
2016/10/21, 24, 35
2016/10/22, 7, 24
2016/10/23, 11, 21
2016/10/24, 14, 30
2016/10/25, 17, 31
2016/10/26, 13, 26
2016/10/27, 17, 22
2016/10/28, 17, 19
2016/10/29, 13, 29
2016/10/30, 28, 31
2016/10/31, 26, 31
2016/11/1, 13, 24
2016/11/2, 28, 19
2016/11/3, 43, 17
2016/11/4, 43, 16
2016/11/5, 22, 
2016/11/6, 28, 
2016/11/7, 26, 
2016/11/8, 18, 
2016/11/9, 28, 
2016/11/10, 38, 
2016/11/11, 20, 
2016/11/12, 20, 
2016/11/13, 21, 
2016/11/14, 43, 
2016/11/15, 46, 
2016/11/16, 41, 
2016/11/17, 55, 
2016/11/18, 47, 
2016/11/19, 42, 
2016/11/20, 46, 
2016/11/21, 8, 
2016/11/22, 15, 
2016/11/23, 18, 
2016/11/24, 38, 
2016/11/25, 64, 
2016/11/26, 80, 
2016/11/27, 42, 
2016/11/28, 30, 
2016/11/29, 56, 
2016/11/30, 20, 
2016/12/1, 13, 
2016/12/2, 21, 
2016/12/3, 16, 
2016/12/6, 20, 
2016/12/7, 23, 
2016/12/8, 30, 
2016/12/9, 32, 
2016/12/10, 17, 
2016/12/11, 25, 
2016/12/12, 42, 
2016/12/13, 20, 
2016/12/14, 36, 
2016/12/15, 37, 
2016/12/16, 19, 
2016/12/17, 21, 
2016/12/18, 42, 
2016/12/19, 21, 
2016/12/20, 18, 
2016/12/21, 48, 
2016/12/22, 40, 
2016/12/23, 34, 
2016/12/24, 49, 
2016/12/25, 45, 
2016/12/26, 34, 
2016/12/27, 54, 
2016/12/28, 17, 
2016/12/29, 26, 
2016/12/30, 23, 
2016/12/31, 15, 
2017/1/1, 12, 
2017/1/2, 24, 
2016/7/2, 36, 31
2016/7/3, 23, 29
2016/7/4, 17, 22
2016/7/5, 23, 32
2016/7/6, 18, 37
2016/7/7, 27, 41
2016/7/8, 27, 35
2016/7/9, 28, 40
2016/7/10, 21, 31
2016/7/11, 11, 37
2016/7/12, 13, 42
2016/7/13, 22, 36
2016/7/14, 18, 35
2016/7/15, 18, 34
2016/7/16, 14, 40
2016/7/17, 19, 39
2016/7/18, 22, 37
2016/7/19, 28, 40
2016/7/20, 28, 43
2016/7/21, 37, 57
2016/7/22, 38, 47
2016/7/23, 44, 44
2016/7/24, 43, 48
2016/7/25, 37, 40
2016/7/26, 33, 43
2016/7/27, 28, 47
2016/7/28, 36, 47
2016/7/29, 34, 42
2016/7/30, 31, 39
2016/7/31, 38, 30
2016/8/1, 19, 32
2016/8/2, 24, 46
2016/8/3, 23, 28
2016/8/4, 19, 31
2016/8/5, 15, 27
2016/8/6, 13, 35
2016/8/7, 22, 26
2016/8/8, 13, 32
2016/8/9, 19, 25
2016/8/10, 19, 23
2016/8/11, 20, 25
2016/8/12, 30, 30
2016/8/13, 29, 29
2016/8/14, 22, 24
2016/8/15, 16, 35
2016/8/16, 12, 32
2016/8/17, 13, 30
2016/8/18, 12, 34
2016/8/19, 15, 36
2016/8/20, 19, 47
2016/8/21, 27, 23
2016/8/22, 24, 25
2016/8/23, 15, 40
2016/8/24, 13, 41
2016/8/25, 21, 39
2016/8/26, 19, 38
2016/8/27, 16, 38
2016/8/28, 18, 33
2016/8/29, 23, 37
2016/8/30, 11, 38
2016/8/31, 13, 46
2016/9/1, 22, 30
2016/9/2, 20, 22
2016/9/3, 8, 26
2016/9/4, 11, 26
2016/9/5, 13, 32
2016/9/6, 15, 42
2016/9/7, 16, 40
2016/9/8, 12, 44
2016/9/9, 25, 39
2016/9/10, 29, 42
2016/9/11, 25, 30
2016/9/12, 31, 35
2016/9/13, 10, 44
2016/9/14, 8, 51
2016/9/15, 17, 24
2016/9/16, 12, 30
2016/9/17, 9, 33
2016/9/18, 16, 27
2016/9/19, 8, 10
2016/9/20, 5, 20
2016/9/21, 9, 31
2016/9/22, 9, 55
2016/9/23, 21, 54
2016/9/24, 23, 16
2016/9/25, 32, 28
2016/9/26, 22, 25
2016/9/27, 14, 28
2016/9/28, 17, 18
2016/9/29, 21, 18
2016/10/1, 6, 13
2016/4/2, 30, 
2016/4/6, 29, 39
2016/4/7, 36, 32
2016/4/8, 21, 35
2016/4/9, 20, 31
2016/4/10, 25, 35
2016/4/11, 25, 40
2016/4/12, 28, 38
2016/4/13, 31, 37
2016/4/14, 21, 41
2016/4/15, 36, 45
2016/4/16, 31, 47
2016/4/17, 38, 49
2016/4/18, 29, 52
2016/4/19, 31, 59
2016/4/20, 31, 41
2016/4/21, 18, 43
2016/4/22, 44, 38
2016/4/23, 46, 33
2016/4/24, 32, 41
2016/4/25, 16, 48
2016/4/26, 28, 44
2016/4/27, 30, 23
2016/4/28, 45, 20
2016/4/29, 53, 22
2016/4/30, 39, 25
2016/5/1, 53, 26
2016/5/2, 22, 28
2016/5/3, 28, 22
2016/5/4, 34, 19
2016/5/5, 44, 19
2016/5/6, 19, 18
2016/5/7, 10, 27
2016/5/8, 16, 36
2016/5/9, 23, 27
2016/5/10, 33, 24
2016/5/11, 35, 18
2016/5/12, 39, 26
2016/5/13, 41, 38
2016/5/14, 36, 35
2016/5/15, 25, 36
2016/5/16, 15, 36
2016/5/17, 17, 24
2016/5/18, 25, 29
2016/5/19, 25, 41
2016/5/20, 35, 44
2016/5/21, 28, 34
2016/5/22, 23, 25
2016/5/23, 19, 30
2016/5/24, 31, 45
2016/5/25, 34, 59
2016/5/26, 46, 55
2016/5/27, 52, 57
2016/5/28, 56, 53
2016/5/29, 55, 38
2016/5/30, 26, 33
2016/5/31, 21, 41
2016/6/1, 22, 60
2016/6/2, 33, 28
2016/6/3, 16, 21
2016/6/4, 20, 34
2016/6/5, 38, 26
2016/6/6, 20, 41
2016/6/7, 15, 45
2016/6/11, 30, 48
2016/6/12, 45, 48
2016/6/13, 30, 33
2016/6/14, 17, 40
2016/6/15, 20, 45
2016/6/16, 43, 37
2016/6/17, 39, 38
2016/6/18, 16, 42
2016/6/19, 21, 43
2016/6/20, 28, 45
2016/6/21, 28, 39
2016/6/22, 30, 40
2016/6/23, 21, 31
2016/6/24, 24, 39
2016/6/25, 25, 46
2016/6/26, 33, 46
2016/6/27, 31, 45
2016/6/28, 35, 49
2016/6/29, 33, 34
2016/6/30, 19, 46
2016/7/1, 29, 42
2016/1/5, 13, 
2016/1/6, 22, 
2016/1/7, 59, 
2016/1/8, 59, 
2016/1/9, 60, 
2016/1/10, 50, 
2016/1/11, 9, 
2016/1/12, 16, 
2016/1/13, 24, 
2016/1/14, 28, 
2016/1/15, 42, 
2016/1/16, 51, 
2016/1/17, 37, 
2016/1/18, 24, 
2016/1/19, 22, 
2016/1/20, 21, 
2016/1/21, 43, 
2016/1/22, 52, 
2016/1/23, 45, 
2016/1/24, 13, 
2016/1/25, 31, 
2016/1/26, 95, 
2016/1/27, 48, 
2016/1/28, 35, 
2016/1/29, 56, 
2016/1/30, 33, 
2016/1/31, 32, 
2016/2/1, 33, 
2016/2/2, 28, 
2016/2/3, 29, 
2016/2/4, 16, 
2016/2/5, 27, 
2016/2/6, 28, 
2016/2/7, 44, 
2016/2/8, 50, 
2016/2/9, 50, 
2016/2/10, 18, 
2016/2/11, 25, 
2016/2/12, 23, 
2016/2/13, 29, 
2016/2/14, 22, 
2016/2/15, 19, 
2016/2/16, 26, 
2016/2/17, 22, 
2016/2/18, 41, 
2016/2/19, 24, 
2016/2/20, 31, 
2016/2/21, 29, 
2016/2/22, 59, 
2016/2/23, 37, 
2016/2/24, 36, 
2016/2/25, 10, 
2016/2/26, 12, 
2016/2/27, 13, 
2016/2/28, 22, 
2016/2/29, 31, 
2016/3/1, 23, 
2016/3/2, 24, 
2016/3/3, 20, 
2016/3/4, 29, 
2016/3/5, 47, 
2016/3/6, 49, 
2016/3/7, 59, 
2016/3/8, 43, 
2016/3/9, 38, 
2016/3/10, 42, 40
2016/3/11, 37, 39
2016/3/12, 22, 19
2016/3/13, 21, 27
2016/3/14, 34, 26
2016/3/15, 17, 20
2016/3/16, 27, 37
2016/3/17, 28, 37
2016/3/18, 17, 37
2016/3/19, 14, 24
2016/3/20, 19, 27
2016/3/21, 36, 36
2016/3/22, 30, 37
2016/3/23, 28, 46
2016/3/24, 41, 52
2016/3/25, 48, 33
2016/3/26, 34, 33
2016/3/27, 39, 27
2016/3/28, 35, 36
2016/3/29, 17, 39
2016/3/30, 24, 40
2016/3/31, 27, 39
2016/4/1, 25, 28
2015/10/2, 15, 13
2015/10/3, 19, 15
2015/10/4, 14, 15
2015/10/5, 21, 24
2015/10/6, 24, 30
2015/10/7, 25, 25
2015/10/8, 24, 35
2015/10/9, 42, 28
2015/10/10, 41, 25
2015/10/11, 29, 33
2015/10/12, 39, 32
2015/10/13, 41, 26
2015/10/14, 35, 19
2015/10/15, 40, 26
2015/10/16, 24, 32
2015/10/17, 27, 24
2015/10/18, 29, 27
2015/10/19, 22, 27
2015/10/20, 25, 21
2015/10/21, 39, 37
2015/10/22, 45, 42
2015/10/23, 44, 30
2015/10/24, 39, 26
2015/10/25, 26, 21
2015/10/26, 27, 22
2015/10/27, 24, 21
2015/10/28, 25, 19
2015/10/29, 16, 26
2015/10/30, 33, 20
2015/10/31, 25, 22
2015/11/1, 32, 21
2015/11/2, 54, 16
2015/11/3, 32, 28
2015/11/4, 26, 34
2015/11/5, 35, 20
2015/11/6, 53, 
2015/11/7, 44, 
2015/11/8, 34, 
2015/11/9, 32, 
2015/11/10, 47, 
2015/11/11, 21, 
2015/11/12, 29, 
2015/11/13, 49, 
2015/11/14, 30, 
2015/11/15, 25, 
2015/11/16, 28, 
2015/11/17, 27, 
2015/11/18, 42, 
2015/11/24, 34, 
2015/11/25, 37, 
2015/11/26, 47, 
2015/11/27, 50, 
2015/11/28, 46, 
2015/11/29, 24, 
2015/11/30, 27, 
2015/12/1, 27, 
2015/12/2, 16, 
2015/12/3, 14, 
2015/12/4, 18, 
2015/12/5, 33, 
2015/12/6, 53, 
2015/12/7, 66, 
2015/12/8, 55, 
2015/12/9, 57, 
2015/12/10, 77, 
2015/12/11, 64, 
2015/12/12, 60, 
2015/12/13, 63, 
2015/12/14, 58, 
2015/12/15, 36, 
2015/12/16, 16, 
2015/12/17, 23, 
2015/12/18, 27, 
2015/12/19, 31, 
2015/12/20, 22, 
2015/12/21, 36, 
2015/12/22, 24, 
2015/12/23, 30, 
2015/12/24, 17, 
2015/12/25, 13, 
2015/12/26, 21, 
2015/12/27, 23, 
2015/12/28, 17, 
2015/12/29, 16, 
2015/12/30, 20, 
2015/12/31, 27, 
2016/1/1, 16, 
2016/1/4, 33, 
2015/7/2, 65, 26
2015/7/3, 73, 46
2015/7/4, 67, 33
2015/7/5, 61, 38
2015/7/6, 65, 27
2015/7/7, 50, 45
2015/7/8, 63, 25
2015/7/9, 64, 25
2015/7/10, 39, 37
2015/7/11, 47, 37
2015/7/12, 56, 42
2015/7/13, 61, 34
2015/7/14, 60, 45
2015/7/15, 44, 35
2015/7/16, 25, 33
2015/7/17, 28, 36
2015/7/18, 42, 36
2015/7/19, 39, 42
2015/7/20, 52, 41
2015/7/21, 45, 36
2015/7/22, 45, 40
2015/7/23, 38, 39
2015/7/24, 31, 38
2015/7/25, 38, 51
2015/7/26, 53, 49
2015/7/27, 53, 40
2015/7/28, 45, 60
2015/7/29, 55, 37
2015/7/30, 40, 34
2015/7/31, 44, 42
2015/8/1, 38, 44
2015/8/2, 42, 40
2015/8/3, 40, 46
2015/8/4, 44, 43
2015/8/5, 44, 48
2015/8/6, 44, 29
2015/8/7, 40, 35
2015/8/8, 42, 41
2015/8/9, 38, 43
2015/8/10, 42, 29
2015/8/11, 40, 39
2015/8/12, 42, 29
2015/8/13, 29, 38
2015/8/14, 25, 47
2015/8/15, 34, 61
2015/8/16, 50, 43
2015/8/17, 50, 57
2015/8/18, 53, 45
2015/8/19, 59, 31
2015/8/20, 51, 27
2015/8/21, 39, 38
2015/8/22, 28, 40
2015/8/23, 37, 45
2015/8/24, 35, 51
2015/8/25, 50, 40
2015/8/26, 40, 38
2015/8/27, 40, 33
2015/8/28, 29, 43
2015/8/29, 30, 49
2015/8/30, 48, 44
2015/8/31, 57, 45
2015/9/1, 61, 52
2015/9/2, 48, 53
2015/9/3, 64, 47
2015/9/4, 56, 60
2015/9/5, 67, 32
2015/9/6, 53, 44
2015/9/7, 25, 40
2015/9/8, 28, 46
2015/9/9, 23, 38
2015/9/10, 15, 20
2015/9/11, 19, 39
2015/9/12, 22, 16
2015/9/13, 27, 25
2015/9/14, 22, 39
2015/9/15, 20, 53
2015/9/16, 31, 60
2015/9/17, 40, 70
2015/9/18, 52, 70
2015/9/19, 49, 45
2015/9/20, 39, 30
2015/9/21, 22, 16
2015/9/22, 17, 24
2015/9/23, 21, 40
2015/9/24, 31, 40
2015/9/25, 25, 23
2015/9/26, 32, 20
2015/9/27, 27, 
2015/9/29, 26, 16
2015/9/30, 20, 22
2015/10/1, 16, 16
2015/4/2, 30, 46
2015/4/3, 31, 40
2015/4/4, 44, 37
2015/4/5, 18, 40
2015/4/6, 16, 44
2015/4/7, 27, 34
2015/4/8, 46, 26
2015/4/9, 25, 24
2015/4/10, 36, 24
2015/4/11, 30, 42
2015/4/12, 25, 48
2015/4/13, 32, 47
2015/4/14, 32, 32
2015/4/15, 37, 41
2015/4/16, 31, 45
2015/4/17, 26, 39
2015/4/18, 27, 53
2015/4/19, 43, 38
2015/4/20, 34, 39
2015/4/21, 12, 38
2015/4/22, 25, 37
2015/4/23, 29, 35
2015/4/24, 20, 40
2015/4/25, 24, 38
2015/4/26, 23, 37
2015/4/27, 30, 34
2015/4/28, 24, 39
2015/4/29, 21, 44
2015/4/30, 26, 37
2015/5/1, 38, 28
2015/5/2, 25, 39
2015/5/3, 33, 51
2015/5/4, 44, 52
2015/5/5, 45, 56
2015/5/6, 56, 51
2015/5/7, 53, 58
2015/5/8, 55, 62
2015/5/9, 50, 34
2015/5/10, 31, 32
2015/5/11, 35, 28
2015/5/12, 42, 48
2015/5/13, 35, 35
2015/5/14, 25, 46
2015/5/15, 22, 47
2015/5/16, 28, 43
2015/5/19, 43, 41
2015/5/20, 30, 33
2015/5/21, 34, 23
2015/5/22, 34, 46
2015/5/23, 36, 43
2015/5/24, 21, 51
2015/5/25, 44, 43
2015/5/26, 53, 42
2015/5/27, 50, 30
2015/5/28, 30, 46
2015/5/29, 39, 43
2015/5/30, 50, 41
2015/5/31, 35, 34
2015/6/1, 46, 37
2015/6/2, 43, 11
2015/6/3, 18, 10
2015/6/4, 28, 19
2015/6/5, 31, 19
2015/6/6, 23, 37
2015/6/7, 30, 37
2015/6/8, 40, 44
2015/6/9, 39, 46
2015/6/10, 44, 51
2015/6/11, 74, 77
2015/6/12, 92, 45
2015/6/13, 61, 39
2015/6/14, 51, 38
2015/6/15, 53, 23
2015/6/16, 43, 32
2015/6/17, 33, 41
2015/6/18, 36, 30
2015/6/19, 36, 30
2015/6/20, 55, 36
2015/6/21, 44, 36
2015/6/22, 30, 44
2015/6/23, 36, 33
2015/6/24, 49, 40
2015/6/25, 24, 39
2015/6/26, 44, 33
2015/6/27, 48, 30
2015/6/28, 27, 28
2015/6/29, 22, 36
2015/6/30, 33, 45
2015/7/1, 42, 43
2015/1/16, 76, 
2015/1/28, 42, 
2015/1/30, 41, 
2015/1/31, 31, 
2015/2/1, 31, 
2015/2/2, 62, 
2015/2/3, 40, 
2015/2/4, 31, 
2015/2/5, 41, 
2015/2/6, 28, 
2015/2/7, 29, 
2015/2/8, 56, 
2015/2/9, 67, 
2015/2/10, 74, 
2015/2/11, 44, 
2015/2/12, 44, 
2015/2/13, 40, 
2015/2/14, 27, 
2015/2/15, 49, 
2015/2/16, 25, 
2015/2/24, 21, 
2015/2/25, 39, 
2015/2/26, 46, 
2015/2/27, 64, 
2015/2/28, 61, 
2015/3/1, 46, 
2015/3/2, 58, 
2015/3/3, 52, 
2015/3/4, 59, 
2015/3/5, 51, 
2015/3/6, 32, 
2015/3/7, 36, 
2015/3/8, 44, 
2015/3/9, 41, 
2015/3/10, 51, 
2015/3/11, 67, 
2015/3/12, 38, 
2015/3/13, 29, 
2015/3/14, 23, 
2015/3/15, 23, 
2015/3/16, 45, 
2015/3/17, 47, 
2015/3/18, 45, 
2015/3/19, 22, 38
2015/3/20, 36, 30
2015/3/21, 33, 34
2015/3/22, 49, 35
2015/3/23, 37, 34
2015/3/24, 24, 25
2015/3/25, 42, 27
2015/3/26, 50, 31
2015/3/27, 36, 30
2015/3/28, 40, 31
2015/3/29, 30, 38
2015/3/30, 19, 37
2015/3/31, 15, 41
2015/4/1, 22, 39
2024/5/19, , 30
2024/5/20, , 39
2023/5/21, , 34
2023/5/22, , 38
2022/8/29, , 41
2022/5/26, , 19
2022/5/27, , 27
2020/11/11, , 14
2020/11/12, , 18
2020/11/13, , 21
2020/5/28, , 16
2020/5/29, , 26
2019/5/26, , 37
2019/5/27, , 37
2019/5/28, , 33
2018/8/2, , 15
2018/8/3, , 19
2018/8/4, , 34
2018/8/22, , 37
2018/9/7, , 30
2018/9/13, , 9
2018/5/13, , 24
2018/5/14, , 36
2017/9/9, , 11
2017/4/17, , 34
2017/5/20, , 23
2017/5/21, , 30
2017/5/22, , 22
2017/6/7, , 18
2017/6/8, , 43
2017/6/9, , 42
2016/10/2, , 19
2016/9/30, , 17
2016/4/5, , 33
2016/6/8, , 35
2016/6/9, , 43
2016/6/10, , 43
2015/9/28, , 29
2015/5/17, , 27
2015/5/18, , 40